full_name,week_start,mean_sentiment_score,n_posts,week_index,birthdate,gender,faction,profession,district_number,district_name,mandate,clean_handle,age
Alexander Müller,2024-08-12,0.013284299799208319,1,11,1969-07-17,männlich,FDP,"Dipl.-Informatiker, Berufspilot, Oberstleutnant d. R.",178.0,Rheingau-Taunus - Limburg,Landesliste,alexandermueller.bsky.social,55
Alexander Müller,2024-08-19,-2.498072046454348,1,12,1969-07-17,männlich,FDP,"Dipl.-Informatiker, Berufspilot, Oberstleutnant d. R.",178.0,Rheingau-Taunus - Limburg,Landesliste,alexandermueller.bsky.social,55
Alexander Müller,2024-08-26,4.603703457482954,1,13,1969-07-17,männlich,FDP,"Dipl.-Informatiker, Berufspilot, Oberstleutnant d. R.",178.0,Rheingau-Taunus - Limburg,Landesliste,alexandermueller.bsky.social,55
Alexander Müller,2024-09-30,-3.211948329871507,1,18,1969-07-17,männlich,FDP,"Dipl.-Informatiker, Berufspilot, Oberstleutnant d. R.",178.0,Rheingau-Taunus - Limburg,Landesliste,alexandermueller.bsky.social,55
Alexander Müller,2024-11-11,-3.956356775388625,1,24,1969-07-17,männlich,FDP,"Dipl.-Informatiker, Berufspilot, Oberstleutnant d. R.",178.0,Rheingau-Taunus - Limburg,Landesliste,alexandermueller.bsky.social,55
Alexander Müller,2024-11-18,-2.795941582850491,2,25,1969-07-17,männlich,FDP,"Dipl.-Informatiker, Berufspilot, Oberstleutnant d. R.",178.0,Rheingau-Taunus - Limburg,Landesliste,alexandermueller.bsky.social,55
Alexander Müller,2024-12-09,0.8494537993810727,1,28,1969-07-17,männlich,FDP,"Dipl.-Informatiker, Berufspilot, Oberstleutnant d. R.",178.0,Rheingau-Taunus - Limburg,Landesliste,alexandermueller.bsky.social,55
Alexander Müller,2024-12-16,-0.12654734755628422,1,29,1969-07-17,männlich,FDP,"Dipl.-Informatiker, Berufspilot, Oberstleutnant d. R.",178.0,Rheingau-Taunus - Limburg,Landesliste,alexandermueller.bsky.social,55
Alexander Müller,2024-12-30,0.010702597736183725,3,31,1969-07-17,männlich,FDP,"Dipl.-Informatiker, Berufspilot, Oberstleutnant d. R.",178.0,Rheingau-Taunus - Limburg,Landesliste,alexandermueller.bsky.social,55
Alexander Müller,2025-01-06,-1.167838817680972,2,32,1969-07-17,männlich,FDP,"Dipl.-Informatiker, Berufspilot, Oberstleutnant d. R.",178.0,Rheingau-Taunus - Limburg,Landesliste,alexandermueller.bsky.social,56
Alexander Müller,2025-01-13,-5.448957069459701,1,33,1969-07-17,männlich,FDP,"Dipl.-Informatiker, Berufspilot, Oberstleutnant d. R.",178.0,Rheingau-Taunus - Limburg,Landesliste,alexandermueller.bsky.social,56
Alexander Müller,2025-01-20,-0.20812394992611932,1,34,1969-07-17,männlich,FDP,"Dipl.-Informatiker, Berufspilot, Oberstleutnant d. R.",178.0,Rheingau-Taunus - Limburg,Landesliste,alexandermueller.bsky.social,56
Alexander Müller,2025-02-03,-3.8570319951695793,1,36,1969-07-17,männlich,FDP,"Dipl.-Informatiker, Berufspilot, Oberstleutnant d. R.",178.0,Rheingau-Taunus - Limburg,Landesliste,alexandermueller.bsky.social,56
Alexander Müller,2025-02-17,-6.381931572594713,1,38,1969-07-17,männlich,FDP,"Dipl.-Informatiker, Berufspilot, Oberstleutnant d. R.",178.0,Rheingau-Taunus - Limburg,Landesliste,alexandermueller.bsky.social,56
Alexander Müller,2025-03-03,-2.49203158379694,4,40,1969-07-17,männlich,FDP,"Dipl.-Informatiker, Berufspilot, Oberstleutnant d. R.",178.0,Rheingau-Taunus - Limburg,Landesliste,alexandermueller.bsky.social,56
Alexander Müller,2025-03-10,-0.9895496946877771,4,41,1969-07-17,männlich,FDP,"Dipl.-Informatiker, Berufspilot, Oberstleutnant d. R.",178.0,Rheingau-Taunus - Limburg,Landesliste,alexandermueller.bsky.social,56
Alexander Ulrich,2024-12-02,1.0391689926530283,1,27,1971-02-11,männlich,BSW,2. Bevollmächtigter und Geschäftsführer der IG-Metall,209.0,Kaiserslautern,Landesliste,aulrich.bsky.social,53
Alexander Ulrich,2024-12-16,-5.263961924210464,1,29,1971-02-11,männlich,BSW,2. Bevollmächtigter und Geschäftsführer der IG-Metall,209.0,Kaiserslautern,Landesliste,aulrich.bsky.social,53
Andreas Audretsch,2024-11-11,0.5246769934727045,1,24,1984-06-25,männlich,Grünen,Sozialwissenschaftler,82.0,Berlin-Neukölln,Landesliste,andreasaudretsch.de,40
Andreas Audretsch,2024-11-18,-2.1565353936127836,1,25,1984-06-25,männlich,Grünen,Sozialwissenschaftler,82.0,Berlin-Neukölln,Landesliste,andreasaudretsch.de,40
Andreas Audretsch,2024-12-23,-5.286595875065427,1,30,1984-06-25,männlich,Grünen,Sozialwissenschaftler,82.0,Berlin-Neukölln,Landesliste,andreasaudretsch.de,40
Andreas Audretsch,2024-12-30,-5.7559485171165194,1,31,1984-06-25,männlich,Grünen,Sozialwissenschaftler,82.0,Berlin-Neukölln,Landesliste,andreasaudretsch.de,40
Andreas Audretsch,2025-01-06,-4.399224193034644,1,32,1984-06-25,männlich,Grünen,Sozialwissenschaftler,82.0,Berlin-Neukölln,Landesliste,andreasaudretsch.de,41
Andreas Audretsch,2025-01-20,-0.09158895646904167,1,34,1984-06-25,männlich,Grünen,Sozialwissenschaftler,82.0,Berlin-Neukölln,Landesliste,andreasaudretsch.de,41
Andreas Audretsch,2025-01-27,-1.7065315104686019,5,35,1984-06-25,männlich,Grünen,Sozialwissenschaftler,82.0,Berlin-Neukölln,Landesliste,andreasaudretsch.de,41
Andreas Audretsch,2025-02-03,1.087461755344876,3,36,1984-06-25,männlich,Grünen,Sozialwissenschaftler,82.0,Berlin-Neukölln,Landesliste,andreasaudretsch.de,41
Andreas Audretsch,2025-02-17,-0.6540315868430445,1,38,1984-06-25,männlich,Grünen,Sozialwissenschaftler,82.0,Berlin-Neukölln,Landesliste,andreasaudretsch.de,41
Andreas Audretsch,2025-03-03,-5.861524258713664,1,40,1984-06-25,männlich,Grünen,Sozialwissenschaftler,82.0,Berlin-Neukölln,Landesliste,andreasaudretsch.de,41
Andreas Audretsch,2025-03-10,-2.6464555910770375,1,41,1984-06-25,männlich,Grünen,Sozialwissenschaftler,82.0,Berlin-Neukölln,Landesliste,andreasaudretsch.de,41
Andreas Audretsch,2025-03-17,-4.803475009770711,3,42,1984-06-25,männlich,Grünen,Sozialwissenschaftler,82.0,Berlin-Neukölln,Landesliste,andreasaudretsch.de,41
Andreas Audretsch,2025-03-24,-2.4343679016507602,7,43,1984-06-25,männlich,Grünen,Sozialwissenschaftler,81.0,Berlin-Neukölln,Landesliste,andreasaudretsch.de,41
Andreas Audretsch,2025-03-31,-3.0177707287541677,13,44,1984-06-25,männlich,Grünen,Sozialwissenschaftler,81.0,Berlin-Neukölln,Landesliste,andreasaudretsch.de,41
Andreas Audretsch,2025-04-07,-3.418982243688784,6,45,1984-06-25,männlich,Grünen,Sozialwissenschaftler,81.0,Berlin-Neukölln,Landesliste,andreasaudretsch.de,41
Andreas Audretsch,2025-04-14,-3.463313526709111,18,46,1984-06-25,männlich,Grünen,Sozialwissenschaftler,81.0,Berlin-Neukölln,Landesliste,andreasaudretsch.de,41
Andreas Audretsch,2025-04-21,-3.705059876180998,7,47,1984-06-25,männlich,Grünen,Sozialwissenschaftler,81.0,Berlin-Neukölln,Landesliste,andreasaudretsch.de,41
Andreas Audretsch,2025-04-28,-1.9999590106875005,8,48,1984-06-25,männlich,Grünen,Sozialwissenschaftler,81.0,Berlin-Neukölln,Landesliste,andreasaudretsch.de,41
Andreas Audretsch,2025-05-05,-1.3966577685124621,4,49,1984-06-25,männlich,Grünen,Sozialwissenschaftler,81.0,Berlin-Neukölln,Landesliste,andreasaudretsch.de,41
Andreas Audretsch,2025-05-12,-0.6716793725580016,3,50,1984-06-25,männlich,Grünen,Sozialwissenschaftler,81.0,Berlin-Neukölln,Landesliste,andreasaudretsch.de,41
Andreas Audretsch,2025-05-19,-4.373885121607347,5,51,1984-06-25,männlich,Grünen,Sozialwissenschaftler,81.0,Berlin-Neukölln,Landesliste,andreasaudretsch.de,41
Andreas Audretsch,2025-05-26,-2.5794202736138416,7,52,1984-06-25,männlich,Grünen,Sozialwissenschaftler,81.0,Berlin-Neukölln,Landesliste,andreasaudretsch.de,41
Andreas Audretsch,2025-06-02,-3.1776994371289566,9,53,1984-06-25,männlich,Grünen,Sozialwissenschaftler,81.0,Berlin-Neukölln,Landesliste,andreasaudretsch.de,41
Andreas Audretsch,2025-06-09,-2.6872248306380753,7,54,1984-06-25,männlich,Grünen,Sozialwissenschaftler,81.0,Berlin-Neukölln,Landesliste,andreasaudretsch.de,41
Andreas Audretsch,2025-06-16,-3.2988954910368977,13,55,1984-06-25,männlich,Grünen,Sozialwissenschaftler,81.0,Berlin-Neukölln,Landesliste,andreasaudretsch.de,41
Andreas Audretsch,2025-06-23,-3.147913719569131,6,56,1984-06-25,männlich,Grünen,Sozialwissenschaftler,81.0,Berlin-Neukölln,Landesliste,andreasaudretsch.de,41
Andreas Audretsch,2025-06-30,-4.656732383140835,11,57,1984-06-25,männlich,Grünen,Sozialwissenschaftler,81.0,Berlin-Neukölln,Landesliste,andreasaudretsch.de,41
Andreas Audretsch,2025-07-07,-3.3290085809476695,4,58,1984-06-25,männlich,Grünen,Sozialwissenschaftler,81.0,Berlin-Neukölln,Landesliste,andreasaudretsch.de,41
Andreas Audretsch,2025-07-14,-1.5295632062069706,2,59,1984-06-25,männlich,Grünen,Sozialwissenschaftler,81.0,Berlin-Neukölln,Landesliste,andreasaudretsch.de,41
Andreas Audretsch,2025-07-21,-3.2728553398957425,2,60,1984-06-25,männlich,Grünen,Sozialwissenschaftler,81.0,Berlin-Neukölln,Landesliste,andreasaudretsch.de,41
Andreas Audretsch,2025-07-28,-4.208224759574839,5,61,1984-06-25,männlich,Grünen,Sozialwissenschaftler,81.0,Berlin-Neukölln,Landesliste,andreasaudretsch.de,41
Anke Domscheit-Berg,2024-06-03,-0.7040245825161403,10,1,1968-02-17,weiblich,Die LINKE,Publizistin,58.0,Oberhavel - Havelland II,Landesliste,anke.domscheit-berg.de,56
Anke Domscheit-Berg,2024-06-10,-1.912451503559398,5,2,1968-02-17,weiblich,Die LINKE,Publizistin,58.0,Oberhavel - Havelland II,Landesliste,anke.domscheit-berg.de,56
Anke Domscheit-Berg,2024-06-17,-5.424146428608742,2,3,1968-02-17,weiblich,Die LINKE,Publizistin,58.0,Oberhavel - Havelland II,Landesliste,anke.domscheit-berg.de,56
Anke Domscheit-Berg,2024-06-24,-1.4333704441544437,6,4,1968-02-17,weiblich,Die LINKE,Publizistin,58.0,Oberhavel - Havelland II,Landesliste,anke.domscheit-berg.de,56
Anke Domscheit-Berg,2024-07-01,-1.230805369922414,2,5,1968-02-17,weiblich,Die LINKE,Publizistin,58.0,Oberhavel - Havelland II,Landesliste,anke.domscheit-berg.de,56
Anke Domscheit-Berg,2024-07-08,-1.2059966847886545,14,6,1968-02-17,weiblich,Die LINKE,Publizistin,58.0,Oberhavel - Havelland II,Landesliste,anke.domscheit-berg.de,56
Anke Domscheit-Berg,2024-07-15,-0.011074304463507226,8,7,1968-02-17,weiblich,Die LINKE,Publizistin,58.0,Oberhavel - Havelland II,Landesliste,anke.domscheit-berg.de,56
Anke Domscheit-Berg,2024-07-22,-1.593299027827528,3,8,1968-02-17,weiblich,Die LINKE,Publizistin,58.0,Oberhavel - Havelland II,Landesliste,anke.domscheit-berg.de,56
Anke Domscheit-Berg,2024-07-29,-0.4446675081594276,1,9,1968-02-17,weiblich,Die LINKE,Publizistin,58.0,Oberhavel - Havelland II,Landesliste,anke.domscheit-berg.de,56
Anke Domscheit-Berg,2024-08-05,-1.6434139153642304,12,10,1968-02-17,weiblich,Die LINKE,Publizistin,58.0,Oberhavel - Havelland II,Landesliste,anke.domscheit-berg.de,56
Anke Domscheit-Berg,2024-08-12,-0.31270780514800733,1,11,1968-02-17,weiblich,Die LINKE,Publizistin,58.0,Oberhavel - Havelland II,Landesliste,anke.domscheit-berg.de,56
Anke Domscheit-Berg,2024-08-19,-2.918138183536951,2,12,1968-02-17,weiblich,Die LINKE,Publizistin,58.0,Oberhavel - Havelland II,Landesliste,anke.domscheit-berg.de,56
Anke Domscheit-Berg,2024-08-26,-0.9732226975895432,11,13,1968-02-17,weiblich,Die LINKE,Publizistin,58.0,Oberhavel - Havelland II,Landesliste,anke.domscheit-berg.de,56
Anke Domscheit-Berg,2024-09-02,-2.504424820059408,17,14,1968-02-17,weiblich,Die LINKE,Publizistin,58.0,Oberhavel - Havelland II,Landesliste,anke.domscheit-berg.de,56
Anke Domscheit-Berg,2024-09-09,-2.8172942328494055,37,15,1968-02-17,weiblich,Die LINKE,Publizistin,58.0,Oberhavel - Havelland II,Landesliste,anke.domscheit-berg.de,56
Anke Domscheit-Berg,2024-09-16,-0.8769198402383828,11,16,1968-02-17,weiblich,Die LINKE,Publizistin,58.0,Oberhavel - Havelland II,Landesliste,anke.domscheit-berg.de,56
Anke Domscheit-Berg,2024-09-23,-2.2002277892400155,22,17,1968-02-17,weiblich,Die LINKE,Publizistin,58.0,Oberhavel - Havelland II,Landesliste,anke.domscheit-berg.de,56
Anke Domscheit-Berg,2024-09-30,-2.3651462058354853,15,18,1968-02-17,weiblich,Die LINKE,Publizistin,58.0,Oberhavel - Havelland II,Landesliste,anke.domscheit-berg.de,56
Anke Domscheit-Berg,2024-10-07,-1.8902517319885035,17,19,1968-02-17,weiblich,Die LINKE,Publizistin,58.0,Oberhavel - Havelland II,Landesliste,anke.domscheit-berg.de,56
Anke Domscheit-Berg,2024-10-14,-2.5801531376043827,12,20,1968-02-17,weiblich,Die LINKE,Publizistin,58.0,Oberhavel - Havelland II,Landesliste,anke.domscheit-berg.de,56
Anke Domscheit-Berg,2024-10-21,-4.541534071331211,10,21,1968-02-17,weiblich,Die LINKE,Publizistin,58.0,Oberhavel - Havelland II,Landesliste,anke.domscheit-berg.de,56
Anke Domscheit-Berg,2024-10-28,-1.5131892279509611,7,22,1968-02-17,weiblich,Die LINKE,Publizistin,58.0,Oberhavel - Havelland II,Landesliste,anke.domscheit-berg.de,56
Anke Domscheit-Berg,2024-11-04,-2.6453392013965753,24,23,1968-02-17,weiblich,Die LINKE,Publizistin,58.0,Oberhavel - Havelland II,Landesliste,anke.domscheit-berg.de,56
Anke Domscheit-Berg,2024-11-11,-1.8521845712175546,52,24,1968-02-17,weiblich,Die LINKE,Publizistin,58.0,Oberhavel - Havelland II,Landesliste,anke.domscheit-berg.de,56
Anke Domscheit-Berg,2024-11-18,-2.3355473587075912,6,25,1968-02-17,weiblich,Die LINKE,Publizistin,58.0,Oberhavel - Havelland II,Landesliste,anke.domscheit-berg.de,56
Anke Domscheit-Berg,2024-11-25,-2.255235948207847,33,26,1968-02-17,weiblich,Die LINKE,Publizistin,58.0,Oberhavel - Havelland II,Landesliste,anke.domscheit-berg.de,56
Anke Domscheit-Berg,2024-12-02,-1.7689395200924385,38,27,1968-02-17,weiblich,Die LINKE,Publizistin,58.0,Oberhavel - Havelland II,Landesliste,anke.domscheit-berg.de,56
Anke Domscheit-Berg,2024-12-09,-2.4498043237198797,32,28,1968-02-17,weiblich,Die LINKE,Publizistin,58.0,Oberhavel - Havelland II,Landesliste,anke.domscheit-berg.de,56
Anke Domscheit-Berg,2024-12-16,-3.405549590230166,85,29,1968-02-17,weiblich,Die LINKE,Publizistin,58.0,Oberhavel - Havelland II,Landesliste,anke.domscheit-berg.de,56
Anke Domscheit-Berg,2024-12-23,-1.7679629884344552,48,30,1968-02-17,weiblich,Die LINKE,Publizistin,58.0,Oberhavel - Havelland II,Landesliste,anke.domscheit-berg.de,56
Anke Domscheit-Berg,2024-12-30,-0.8799486763247765,67,31,1968-02-17,weiblich,Die LINKE,Publizistin,58.0,Oberhavel - Havelland II,Landesliste,anke.domscheit-berg.de,56
Anke Domscheit-Berg,2025-01-06,-1.9810567038311397,33,32,1968-02-17,weiblich,Die LINKE,Publizistin,58.0,Oberhavel - Havelland II,Landesliste,anke.domscheit-berg.de,57
Anke Domscheit-Berg,2025-01-13,-2.7252208968464795,44,33,1968-02-17,weiblich,Die LINKE,Publizistin,58.0,Oberhavel - Havelland II,Landesliste,anke.domscheit-berg.de,57
Anke Domscheit-Berg,2025-01-20,-3.2621737971233182,55,34,1968-02-17,weiblich,Die LINKE,Publizistin,58.0,Oberhavel - Havelland II,Landesliste,anke.domscheit-berg.de,57
Anke Domscheit-Berg,2025-01-27,-2.2418383745628687,128,35,1968-02-17,weiblich,Die LINKE,Publizistin,58.0,Oberhavel - Havelland II,Landesliste,anke.domscheit-berg.de,57
Anke Domscheit-Berg,2025-02-03,-2.7280420170667523,48,36,1968-02-17,weiblich,Die LINKE,Publizistin,58.0,Oberhavel - Havelland II,Landesliste,anke.domscheit-berg.de,57
Anke Domscheit-Berg,2025-02-10,-1.6116399554891296,24,37,1968-02-17,weiblich,Die LINKE,Publizistin,58.0,Oberhavel - Havelland II,Landesliste,anke.domscheit-berg.de,57
Anke Domscheit-Berg,2025-02-17,-1.6549294224171063,44,38,1968-02-17,weiblich,Die LINKE,Publizistin,58.0,Oberhavel - Havelland II,Landesliste,anke.domscheit-berg.de,57
Anke Domscheit-Berg,2025-02-24,-3.1691609845125783,44,39,1968-02-17,weiblich,Die LINKE,Publizistin,58.0,Oberhavel - Havelland II,Landesliste,anke.domscheit-berg.de,57
Anke Domscheit-Berg,2025-03-03,-3.0576043367014054,30,40,1968-02-17,weiblich,Die LINKE,Publizistin,58.0,Oberhavel - Havelland II,Landesliste,anke.domscheit-berg.de,57
Anke Domscheit-Berg,2025-03-10,-3.5782606180554315,45,41,1968-02-17,weiblich,Die LINKE,Publizistin,58.0,Oberhavel - Havelland II,Landesliste,anke.domscheit-berg.de,57
Anke Domscheit-Berg,2025-03-17,0.06675243602780825,7,42,1968-02-17,weiblich,Die LINKE,Publizistin,58.0,Oberhavel - Havelland II,Landesliste,anke.domscheit-berg.de,57
Annalena Baerbock,2025-01-13,-0.7780252566205217,4,33,1980-12-15,weiblich,Grünen,Völkerrechtlerin,61.0,Potsdam - Potsdam-Mittelmark II - Teltow-Fläming II,Landesliste,albaerbock.bsky.social,45
Annalena Baerbock,2025-01-20,-1.4697180849905371,11,34,1980-12-15,weiblich,Grünen,Völkerrechtlerin,61.0,Potsdam - Potsdam-Mittelmark II - Teltow-Fläming II,Landesliste,albaerbock.bsky.social,45
Annalena Baerbock,2025-01-27,-2.2323499377826677,8,35,1980-12-15,weiblich,Grünen,Völkerrechtlerin,61.0,Potsdam - Potsdam-Mittelmark II - Teltow-Fläming II,Landesliste,albaerbock.bsky.social,45
Annalena Baerbock,2025-02-03,1.1801149624748644,5,36,1980-12-15,weiblich,Grünen,Völkerrechtlerin,61.0,Potsdam - Potsdam-Mittelmark II - Teltow-Fläming II,Landesliste,albaerbock.bsky.social,45
Annalena Baerbock,2025-02-10,-1.1200475320029821,10,37,1980-12-15,weiblich,Grünen,Völkerrechtlerin,61.0,Potsdam - Potsdam-Mittelmark II - Teltow-Fläming II,Landesliste,albaerbock.bsky.social,45
Annalena Baerbock,2025-02-17,-2.9097849912158362,9,38,1980-12-15,weiblich,Grünen,Völkerrechtlerin,61.0,Potsdam - Potsdam-Mittelmark II - Teltow-Fläming II,Landesliste,albaerbock.bsky.social,45
Annalena Baerbock,2025-02-24,-1.7872428917344492,4,39,1980-12-15,weiblich,Grünen,Völkerrechtlerin,61.0,Potsdam - Potsdam-Mittelmark II - Teltow-Fläming II,Landesliste,albaerbock.bsky.social,45
Annalena Baerbock,2025-03-03,-1.5892306341406874,2,40,1980-12-15,weiblich,Grünen,Völkerrechtlerin,61.0,Potsdam - Potsdam-Mittelmark II - Teltow-Fläming II,Landesliste,albaerbock.bsky.social,45
Annalena Baerbock,2025-03-10,0.3801048187783995,8,41,1980-12-15,weiblich,Grünen,Völkerrechtlerin,61.0,Potsdam - Potsdam-Mittelmark II - Teltow-Fläming II,Landesliste,albaerbock.bsky.social,45
Annalena Baerbock,2025-03-17,-2.8033264981774093,4,42,1980-12-15,weiblich,Grünen,Völkerrechtlerin,61.0,Potsdam - Potsdam-Mittelmark II - Teltow-Fläming II,Landesliste,albaerbock.bsky.social,45
Annalena Baerbock,2025-03-24,0.9103424429580793,2,43,1980-12-15,weiblich,Grünen,Völkerrechtlerin,61.0,Potsdam – Potsdam-Mittelmark II – Teltow-Fläming II,Landesliste,albaerbock.bsky.social,45
Annalena Baerbock,2025-04-07,-3.902049419521797,3,45,1980-12-15,weiblich,Grünen,Völkerrechtlerin,61.0,Potsdam – Potsdam-Mittelmark II – Teltow-Fläming II,Landesliste,albaerbock.bsky.social,45
Annalena Baerbock,2025-04-14,-2.1317119199640744,2,46,1980-12-15,weiblich,Grünen,Völkerrechtlerin,61.0,Potsdam – Potsdam-Mittelmark II – Teltow-Fläming II,Landesliste,albaerbock.bsky.social,45
Annalena Baerbock,2025-04-21,-2.9586937927086225,2,47,1980-12-15,weiblich,Grünen,Völkerrechtlerin,61.0,Potsdam – Potsdam-Mittelmark II – Teltow-Fläming II,Landesliste,albaerbock.bsky.social,45
Annalena Baerbock,2025-04-28,1.687539049747165,3,48,1980-12-15,weiblich,Grünen,Völkerrechtlerin,61.0,Potsdam – Potsdam-Mittelmark II – Teltow-Fläming II,Landesliste,albaerbock.bsky.social,45
Annalena Baerbock,2025-05-05,4.890854566569873,1,49,1980-12-15,weiblich,Grünen,Völkerrechtlerin,61.0,Potsdam – Potsdam-Mittelmark II – Teltow-Fläming II,Landesliste,albaerbock.bsky.social,45
Anne-Mieke Bremer,2025-04-07,2.8017954007088286,1,45,1991-10-31,weiblich,Die LINKE,Sozialarbeiterin,40.0,Nienburg II – Schaumburg,Landesliste,koffeinpiratin.dielinkebt.de,34
Anne-Mieke Bremer,2025-04-21,1.8503739891493385,2,47,1991-10-31,weiblich,Die LINKE,Sozialarbeiterin,40.0,Nienburg II – Schaumburg,Landesliste,koffeinpiratin.dielinkebt.de,34
Anne-Mieke Bremer,2025-04-28,-0.664111902021622,2,48,1991-10-31,weiblich,Die LINKE,Sozialarbeiterin,40.0,Nienburg II – Schaumburg,Landesliste,koffeinpiratin.dielinkebt.de,34
Anne-Mieke Bremer,2025-05-05,-1.3876682807509633,3,49,1991-10-31,weiblich,Die LINKE,Sozialarbeiterin,40.0,Nienburg II – Schaumburg,Landesliste,koffeinpiratin.dielinkebt.de,34
Anne-Mieke Bremer,2025-05-19,-2.0394203799935733,1,51,1991-10-31,weiblich,Die LINKE,Sozialarbeiterin,40.0,Nienburg II – Schaumburg,Landesliste,koffeinpiratin.dielinkebt.de,34
Anne-Mieke Bremer,2025-06-02,2.4537143566794026,2,53,1991-10-31,weiblich,Die LINKE,Sozialarbeiterin,40.0,Nienburg II – Schaumburg,Landesliste,koffeinpiratin.dielinkebt.de,34
Anne-Mieke Bremer,2025-06-30,0.6462789769420494,1,57,1991-10-31,weiblich,Die LINKE,Sozialarbeiterin,40.0,Nienburg II – Schaumburg,Landesliste,koffeinpiratin.dielinkebt.de,34
Ates Gürpinar,2024-12-16,-3.2098192220519923,6,29,1984-09-25,männlich,Die LINKE,,222.0,Rosenheim,Landesliste,atesguerpinar.dielinkebt.de,40
Ates Gürpinar,2024-12-30,-0.791122624133392,2,31,1984-09-25,männlich,Die LINKE,,222.0,Rosenheim,Landesliste,atesguerpinar.dielinkebt.de,40
Ates Gürpinar,2025-01-06,-4.883053886826466,3,32,1984-09-25,männlich,Die LINKE,,222.0,Rosenheim,Landesliste,atesguerpinar.dielinkebt.de,41
Ates Gürpinar,2025-01-13,-3.2381019965933446,9,33,1984-09-25,männlich,Die LINKE,,222.0,Rosenheim,Landesliste,atesguerpinar.dielinkebt.de,41
Ates Gürpinar,2025-01-20,-2.3430641561254095,6,34,1984-09-25,männlich,Die LINKE,,222.0,Rosenheim,Landesliste,atesguerpinar.dielinkebt.de,41
Ates Gürpinar,2025-01-27,-2.1204591695677375,12,35,1984-09-25,männlich,Die LINKE,,222.0,Rosenheim,Landesliste,atesguerpinar.dielinkebt.de,41
Ates Gürpinar,2025-02-03,-3.779316414751945,6,36,1984-09-25,männlich,Die LINKE,,222.0,Rosenheim,Landesliste,atesguerpinar.dielinkebt.de,41
Ates Gürpinar,2025-02-10,-1.881607092168745,7,37,1984-09-25,männlich,Die LINKE,,222.0,Rosenheim,Landesliste,atesguerpinar.dielinkebt.de,41
Ates Gürpinar,2025-02-17,0.22342079795663058,12,38,1984-09-25,männlich,Die LINKE,,222.0,Rosenheim,Landesliste,atesguerpinar.dielinkebt.de,41
Ates Gürpinar,2025-02-24,0.06303316008426545,6,39,1984-09-25,männlich,Die LINKE,,222.0,Rosenheim,Landesliste,atesguerpinar.dielinkebt.de,41
Ates Gürpinar,2025-03-03,-2.6484374858641395,11,40,1984-09-25,männlich,Die LINKE,,222.0,Rosenheim,Landesliste,atesguerpinar.dielinkebt.de,41
Ates Gürpinar,2025-03-10,-4.117771399890386,3,41,1984-09-25,männlich,Die LINKE,,222.0,Rosenheim,Landesliste,atesguerpinar.dielinkebt.de,41
Ates Gürpinar,2025-03-17,-3.8003603714053966,10,42,1984-09-25,männlich,Die LINKE,,222.0,Rosenheim,Landesliste,atesguerpinar.dielinkebt.de,41
Ates Gürpinar,2025-03-24,-4.003219929941615,12,43,1984-09-25,männlich,Die LINKE,,221.0,Rosenheim,Landesliste,atesguerpinar.dielinkebt.de,41
Ates Gürpinar,2025-03-31,-2.975882052746379,7,44,1984-09-25,männlich,Die LINKE,,221.0,Rosenheim,Landesliste,atesguerpinar.dielinkebt.de,41
Ates Gürpinar,2025-04-07,-3.583601890275336,12,45,1984-09-25,männlich,Die LINKE,,221.0,Rosenheim,Landesliste,atesguerpinar.dielinkebt.de,41
Ates Gürpinar,2025-04-14,-3.1993066370493013,23,46,1984-09-25,männlich,Die LINKE,,221.0,Rosenheim,Landesliste,atesguerpinar.dielinkebt.de,41
Ates Gürpinar,2025-04-21,-3.95565188618674,7,47,1984-09-25,männlich,Die LINKE,,221.0,Rosenheim,Landesliste,atesguerpinar.dielinkebt.de,41
Ates Gürpinar,2025-04-28,-2.6243114565220296,9,48,1984-09-25,männlich,Die LINKE,,221.0,Rosenheim,Landesliste,atesguerpinar.dielinkebt.de,41
Ates Gürpinar,2025-05-05,-3.0884734673079173,3,49,1984-09-25,männlich,Die LINKE,,221.0,Rosenheim,Landesliste,atesguerpinar.dielinkebt.de,41
Ates Gürpinar,2025-05-12,-5.081584125849516,6,50,1984-09-25,männlich,Die LINKE,,221.0,Rosenheim,Landesliste,atesguerpinar.dielinkebt.de,41
Ates Gürpinar,2025-05-19,-2.662610723846313,6,51,1984-09-25,männlich,Die LINKE,,221.0,Rosenheim,Landesliste,atesguerpinar.dielinkebt.de,41
Ates Gürpinar,2025-05-26,-0.6201064460400945,2,52,1984-09-25,männlich,Die LINKE,,221.0,Rosenheim,Landesliste,atesguerpinar.dielinkebt.de,41
Ates Gürpinar,2025-06-02,-4.3846384947995825,9,53,1984-09-25,männlich,Die LINKE,,221.0,Rosenheim,Landesliste,atesguerpinar.dielinkebt.de,41
Ates Gürpinar,2025-06-09,-2.8158901798459994,15,54,1984-09-25,männlich,Die LINKE,,221.0,Rosenheim,Landesliste,atesguerpinar.dielinkebt.de,41
Ates Gürpinar,2025-06-16,-3.354608201723051,12,55,1984-09-25,männlich,Die LINKE,,221.0,Rosenheim,Landesliste,atesguerpinar.dielinkebt.de,41
Ates Gürpinar,2025-06-23,-2.5652415685089034,17,56,1984-09-25,männlich,Die LINKE,,221.0,Rosenheim,Landesliste,atesguerpinar.dielinkebt.de,41
Ates Gürpinar,2025-06-30,-2.80953338578505,21,57,1984-09-25,männlich,Die LINKE,,221.0,Rosenheim,Landesliste,atesguerpinar.dielinkebt.de,41
Ates Gürpinar,2025-07-07,-2.6731026037184202,13,58,1984-09-25,männlich,Die LINKE,,221.0,Rosenheim,Landesliste,atesguerpinar.dielinkebt.de,41
Ates Gürpinar,2025-07-21,-2.5660899664765284,14,60,1984-09-25,männlich,Die LINKE,,221.0,Rosenheim,Landesliste,atesguerpinar.dielinkebt.de,41
Ates Gürpinar,2025-07-28,-3.4602791670041064,7,61,1984-09-25,männlich,Die LINKE,,221.0,Rosenheim,Landesliste,atesguerpinar.dielinkebt.de,41
Awet Tesfaiesus,2024-12-09,4.6823821113841,1,28,1974-10-05,weiblich,Grünen,Rechtsanwältin,169.0,Werra-Meißner - Hersfeld-Rotenburg,Landesliste,awettesfaiesus.bsky.social,50
Awet Tesfaiesus,2025-01-06,-0.4702553974977495,1,32,1974-10-05,weiblich,Grünen,Rechtsanwältin,169.0,Werra-Meißner - Hersfeld-Rotenburg,Landesliste,awettesfaiesus.bsky.social,51
Awet Tesfaiesus,2025-02-17,-0.12091594679940536,1,38,1974-10-05,weiblich,Grünen,Rechtsanwältin,169.0,Werra-Meißner - Hersfeld-Rotenburg,Landesliste,awettesfaiesus.bsky.social,51
Ayse Asar,2025-03-24,-1.950993803335739,8,43,1975-12-19,weiblich,Grünen,Rechtsanwältin,177.0,Rheingau-Taunus – Limburg,Landesliste,ayseasar.bsky.social,50
Ayse Asar,2025-03-31,-4.270328265154321,4,44,1975-12-19,weiblich,Grünen,Rechtsanwältin,177.0,Rheingau-Taunus – Limburg,Landesliste,ayseasar.bsky.social,50
Ayse Asar,2025-04-14,-0.65146321446538,3,46,1975-12-19,weiblich,Grünen,Rechtsanwältin,177.0,Rheingau-Taunus – Limburg,Landesliste,ayseasar.bsky.social,50
Ayse Asar,2025-04-28,-2.356854635417629,8,48,1975-12-19,weiblich,Grünen,Rechtsanwältin,177.0,Rheingau-Taunus – Limburg,Landesliste,ayseasar.bsky.social,50
Ayse Asar,2025-05-05,-4.50833553908796,4,49,1975-12-19,weiblich,Grünen,Rechtsanwältin,177.0,Rheingau-Taunus – Limburg,Landesliste,ayseasar.bsky.social,50
Ayse Asar,2025-05-19,-2.741091789063573,3,51,1975-12-19,weiblich,Grünen,Rechtsanwältin,177.0,Rheingau-Taunus – Limburg,Landesliste,ayseasar.bsky.social,50
Ayse Asar,2025-05-26,-6.163100505782795,1,52,1975-12-19,weiblich,Grünen,Rechtsanwältin,177.0,Rheingau-Taunus – Limburg,Landesliste,ayseasar.bsky.social,50
Ayse Asar,2025-06-02,0.41384139367436373,1,53,1975-12-19,weiblich,Grünen,Rechtsanwältin,177.0,Rheingau-Taunus – Limburg,Landesliste,ayseasar.bsky.social,50
Ayse Asar,2025-06-09,-2.8675222344636477,3,54,1975-12-19,weiblich,Grünen,Rechtsanwältin,177.0,Rheingau-Taunus – Limburg,Landesliste,ayseasar.bsky.social,50
Ayse Asar,2025-06-16,-1.7807853575011674,2,55,1975-12-19,weiblich,Grünen,Rechtsanwältin,177.0,Rheingau-Taunus – Limburg,Landesliste,ayseasar.bsky.social,50
Ayse Asar,2025-06-23,-3.381899702781419,15,56,1975-12-19,weiblich,Grünen,Rechtsanwältin,177.0,Rheingau-Taunus – Limburg,Landesliste,ayseasar.bsky.social,50
Ayse Asar,2025-06-30,-2.9553133256820856,6,57,1975-12-19,weiblich,Grünen,Rechtsanwältin,177.0,Rheingau-Taunus – Limburg,Landesliste,ayseasar.bsky.social,50
Ayse Asar,2025-07-07,0.01015429607462709,4,58,1975-12-19,weiblich,Grünen,Rechtsanwältin,177.0,Rheingau-Taunus – Limburg,Landesliste,ayseasar.bsky.social,50
Ayse Asar,2025-07-14,-3.5663084897767408,9,59,1975-12-19,weiblich,Grünen,Rechtsanwältin,177.0,Rheingau-Taunus – Limburg,Landesliste,ayseasar.bsky.social,50
Ayse Asar,2025-07-21,-2.478743924481226,2,60,1975-12-19,weiblich,Grünen,Rechtsanwältin,177.0,Rheingau-Taunus – Limburg,Landesliste,ayseasar.bsky.social,50
Ayse Asar,2025-07-28,-2.938403020079769,9,61,1975-12-19,weiblich,Grünen,Rechtsanwältin,177.0,Rheingau-Taunus – Limburg,Landesliste,ayseasar.bsky.social,50
Beate Müller-Gemmeke,2024-05-27,-1.5557138114182223,2,0,1960-10-07,weiblich,Grünen,Dipl. Sozialpädagogin (FH),289.0,Reutlingen,Landesliste,gruenebeate.bsky.social,64
Beate Müller-Gemmeke,2024-06-03,-0.5726430207067037,9,1,1960-10-07,weiblich,Grünen,Dipl. Sozialpädagogin (FH),289.0,Reutlingen,Landesliste,gruenebeate.bsky.social,64
Beate Müller-Gemmeke,2024-06-10,0.45076876930740156,7,2,1960-10-07,weiblich,Grünen,Dipl. Sozialpädagogin (FH),289.0,Reutlingen,Landesliste,gruenebeate.bsky.social,64
Beate Müller-Gemmeke,2024-06-17,-0.7695488012905202,3,3,1960-10-07,weiblich,Grünen,Dipl. Sozialpädagogin (FH),289.0,Reutlingen,Landesliste,gruenebeate.bsky.social,64
Beate Müller-Gemmeke,2024-06-24,-1.559440838510195,6,4,1960-10-07,weiblich,Grünen,Dipl. Sozialpädagogin (FH),289.0,Reutlingen,Landesliste,gruenebeate.bsky.social,64
Beate Müller-Gemmeke,2024-07-01,-2.3138736986522743,2,5,1960-10-07,weiblich,Grünen,Dipl. Sozialpädagogin (FH),289.0,Reutlingen,Landesliste,gruenebeate.bsky.social,64
Beate Müller-Gemmeke,2024-07-08,1.6007265836032107,4,6,1960-10-07,weiblich,Grünen,Dipl. Sozialpädagogin (FH),289.0,Reutlingen,Landesliste,gruenebeate.bsky.social,64
Beate Müller-Gemmeke,2024-07-15,-0.843315511396079,2,7,1960-10-07,weiblich,Grünen,Dipl. Sozialpädagogin (FH),289.0,Reutlingen,Landesliste,gruenebeate.bsky.social,64
Beate Müller-Gemmeke,2024-07-22,4.390200140920375,1,8,1960-10-07,weiblich,Grünen,Dipl. Sozialpädagogin (FH),289.0,Reutlingen,Landesliste,gruenebeate.bsky.social,64
Beate Müller-Gemmeke,2024-07-29,-0.3742089145106643,4,9,1960-10-07,weiblich,Grünen,Dipl. Sozialpädagogin (FH),289.0,Reutlingen,Landesliste,gruenebeate.bsky.social,64
Beate Müller-Gemmeke,2024-08-05,-4.331583736810705,5,10,1960-10-07,weiblich,Grünen,Dipl. Sozialpädagogin (FH),289.0,Reutlingen,Landesliste,gruenebeate.bsky.social,64
Beate Müller-Gemmeke,2024-08-12,-0.1146239731511481,3,11,1960-10-07,weiblich,Grünen,Dipl. Sozialpädagogin (FH),289.0,Reutlingen,Landesliste,gruenebeate.bsky.social,64
Beate Müller-Gemmeke,2024-08-19,-3.2674124038709884,3,12,1960-10-07,weiblich,Grünen,Dipl. Sozialpädagogin (FH),289.0,Reutlingen,Landesliste,gruenebeate.bsky.social,64
Beate Müller-Gemmeke,2024-08-26,-3.925677396714498,2,13,1960-10-07,weiblich,Grünen,Dipl. Sozialpädagogin (FH),289.0,Reutlingen,Landesliste,gruenebeate.bsky.social,64
Beate Müller-Gemmeke,2024-09-02,-0.9194032431910226,5,14,1960-10-07,weiblich,Grünen,Dipl. Sozialpädagogin (FH),289.0,Reutlingen,Landesliste,gruenebeate.bsky.social,64
Beate Müller-Gemmeke,2024-09-09,-3.2251464449320433,2,15,1960-10-07,weiblich,Grünen,Dipl. Sozialpädagogin (FH),289.0,Reutlingen,Landesliste,gruenebeate.bsky.social,64
Beate Müller-Gemmeke,2024-09-16,-4.284140070921967,4,16,1960-10-07,weiblich,Grünen,Dipl. Sozialpädagogin (FH),289.0,Reutlingen,Landesliste,gruenebeate.bsky.social,64
Beate Müller-Gemmeke,2024-09-23,0.33208712612745445,3,17,1960-10-07,weiblich,Grünen,Dipl. Sozialpädagogin (FH),289.0,Reutlingen,Landesliste,gruenebeate.bsky.social,64
Beate Müller-Gemmeke,2024-09-30,-1.3811611718362498,5,18,1960-10-07,weiblich,Grünen,Dipl. Sozialpädagogin (FH),289.0,Reutlingen,Landesliste,gruenebeate.bsky.social,64
Beate Müller-Gemmeke,2024-10-07,-3.7461489523989044,5,19,1960-10-07,weiblich,Grünen,Dipl. Sozialpädagogin (FH),289.0,Reutlingen,Landesliste,gruenebeate.bsky.social,64
Beate Müller-Gemmeke,2024-10-14,-1.1740726962990773,7,20,1960-10-07,weiblich,Grünen,Dipl. Sozialpädagogin (FH),289.0,Reutlingen,Landesliste,gruenebeate.bsky.social,64
Beate Müller-Gemmeke,2024-10-21,-3.7624904155260723,6,21,1960-10-07,weiblich,Grünen,Dipl. Sozialpädagogin (FH),289.0,Reutlingen,Landesliste,gruenebeate.bsky.social,64
Beate Müller-Gemmeke,2024-10-28,-1.9410436021481428,4,22,1960-10-07,weiblich,Grünen,Dipl. Sozialpädagogin (FH),289.0,Reutlingen,Landesliste,gruenebeate.bsky.social,64
Beate Müller-Gemmeke,2024-11-04,-5.845458358430166,2,23,1960-10-07,weiblich,Grünen,Dipl. Sozialpädagogin (FH),289.0,Reutlingen,Landesliste,gruenebeate.bsky.social,64
Beate Müller-Gemmeke,2024-11-11,-1.4578731117085113,6,24,1960-10-07,weiblich,Grünen,Dipl. Sozialpädagogin (FH),289.0,Reutlingen,Landesliste,gruenebeate.bsky.social,64
Beate Müller-Gemmeke,2024-11-18,-2.5590074607387225,20,25,1960-10-07,weiblich,Grünen,Dipl. Sozialpädagogin (FH),289.0,Reutlingen,Landesliste,gruenebeate.bsky.social,64
Beate Müller-Gemmeke,2024-11-25,-3.882489624624409,13,26,1960-10-07,weiblich,Grünen,Dipl. Sozialpädagogin (FH),289.0,Reutlingen,Landesliste,gruenebeate.bsky.social,64
Beate Müller-Gemmeke,2024-12-02,-2.7181900894481124,6,27,1960-10-07,weiblich,Grünen,Dipl. Sozialpädagogin (FH),289.0,Reutlingen,Landesliste,gruenebeate.bsky.social,64
Beate Müller-Gemmeke,2024-12-09,-0.702574898084479,6,28,1960-10-07,weiblich,Grünen,Dipl. Sozialpädagogin (FH),289.0,Reutlingen,Landesliste,gruenebeate.bsky.social,64
Beate Müller-Gemmeke,2024-12-16,-0.8096220573595045,9,29,1960-10-07,weiblich,Grünen,Dipl. Sozialpädagogin (FH),289.0,Reutlingen,Landesliste,gruenebeate.bsky.social,64
Beate Müller-Gemmeke,2024-12-23,-1.820529461501564,16,30,1960-10-07,weiblich,Grünen,Dipl. Sozialpädagogin (FH),289.0,Reutlingen,Landesliste,gruenebeate.bsky.social,64
Beate Müller-Gemmeke,2024-12-30,-1.1858045373901263,11,31,1960-10-07,weiblich,Grünen,Dipl. Sozialpädagogin (FH),289.0,Reutlingen,Landesliste,gruenebeate.bsky.social,64
Beate Müller-Gemmeke,2025-01-06,-1.6115660322477252,4,32,1960-10-07,weiblich,Grünen,Dipl. Sozialpädagogin (FH),289.0,Reutlingen,Landesliste,gruenebeate.bsky.social,65
Beate Müller-Gemmeke,2025-01-13,-1.017712080795746,6,33,1960-10-07,weiblich,Grünen,Dipl. Sozialpädagogin (FH),289.0,Reutlingen,Landesliste,gruenebeate.bsky.social,65
Beate Müller-Gemmeke,2025-01-20,-1.5531605663707218,6,34,1960-10-07,weiblich,Grünen,Dipl. Sozialpädagogin (FH),289.0,Reutlingen,Landesliste,gruenebeate.bsky.social,65
Beate Müller-Gemmeke,2025-01-27,-1.3815806959566002,16,35,1960-10-07,weiblich,Grünen,Dipl. Sozialpädagogin (FH),289.0,Reutlingen,Landesliste,gruenebeate.bsky.social,65
Beate Müller-Gemmeke,2025-02-03,-3.0611315600222953,7,36,1960-10-07,weiblich,Grünen,Dipl. Sozialpädagogin (FH),289.0,Reutlingen,Landesliste,gruenebeate.bsky.social,65
Beate Müller-Gemmeke,2025-02-10,-2.018946976035143,9,37,1960-10-07,weiblich,Grünen,Dipl. Sozialpädagogin (FH),289.0,Reutlingen,Landesliste,gruenebeate.bsky.social,65
Beate Müller-Gemmeke,2025-02-17,-3.396995394619395,6,38,1960-10-07,weiblich,Grünen,Dipl. Sozialpädagogin (FH),289.0,Reutlingen,Landesliste,gruenebeate.bsky.social,65
Beate Müller-Gemmeke,2025-02-24,-3.4881275330314465,5,39,1960-10-07,weiblich,Grünen,Dipl. Sozialpädagogin (FH),289.0,Reutlingen,Landesliste,gruenebeate.bsky.social,65
Beate Müller-Gemmeke,2025-03-03,-4.533309172288316,5,40,1960-10-07,weiblich,Grünen,Dipl. Sozialpädagogin (FH),289.0,Reutlingen,Landesliste,gruenebeate.bsky.social,65
Beate Müller-Gemmeke,2025-03-10,-3.60316918546687,10,41,1960-10-07,weiblich,Grünen,Dipl. Sozialpädagogin (FH),289.0,Reutlingen,Landesliste,gruenebeate.bsky.social,65
Beate Müller-Gemmeke,2025-03-17,-1.12716953042743,8,42,1960-10-07,weiblich,Grünen,Dipl. Sozialpädagogin (FH),289.0,Reutlingen,Landesliste,gruenebeate.bsky.social,65
Bernhard Herrmann,2024-06-24,-3.4148442739378915,8,4,1966-01-13,männlich,Grünen,Dipl.-Wasserbauingenieur,163.0,Chemnitzer Umland - Erzgebirgskreis II,Landesliste,bherrmann.bsky.social,58
Bernhard Herrmann,2024-07-01,2.3522523322226014,1,5,1966-01-13,männlich,Grünen,Dipl.-Wasserbauingenieur,163.0,Chemnitzer Umland - Erzgebirgskreis II,Landesliste,bherrmann.bsky.social,58
Bernhard Herrmann,2024-07-22,0.9358485878241124,3,8,1966-01-13,männlich,Grünen,Dipl.-Wasserbauingenieur,163.0,Chemnitzer Umland - Erzgebirgskreis II,Landesliste,bherrmann.bsky.social,58
Bernhard Herrmann,2024-08-05,-1.0483743937750656,9,10,1966-01-13,männlich,Grünen,Dipl.-Wasserbauingenieur,163.0,Chemnitzer Umland - Erzgebirgskreis II,Landesliste,bherrmann.bsky.social,58
Bernhard Herrmann,2024-08-12,-4.04513599385459,19,11,1966-01-13,männlich,Grünen,Dipl.-Wasserbauingenieur,163.0,Chemnitzer Umland - Erzgebirgskreis II,Landesliste,bherrmann.bsky.social,58
Bernhard Herrmann,2024-08-19,-0.9618499438778472,17,12,1966-01-13,männlich,Grünen,Dipl.-Wasserbauingenieur,163.0,Chemnitzer Umland - Erzgebirgskreis II,Landesliste,bherrmann.bsky.social,58
Bernhard Herrmann,2024-08-26,-2.7887691934463796,10,13,1966-01-13,männlich,Grünen,Dipl.-Wasserbauingenieur,163.0,Chemnitzer Umland - Erzgebirgskreis II,Landesliste,bherrmann.bsky.social,58
Bernhard Herrmann,2024-09-09,-2.3154807188220197,4,15,1966-01-13,männlich,Grünen,Dipl.-Wasserbauingenieur,163.0,Chemnitzer Umland - Erzgebirgskreis II,Landesliste,bherrmann.bsky.social,58
Bernhard Herrmann,2024-09-16,-4.809228915083807,2,16,1966-01-13,männlich,Grünen,Dipl.-Wasserbauingenieur,163.0,Chemnitzer Umland - Erzgebirgskreis II,Landesliste,bherrmann.bsky.social,58
Bernhard Herrmann,2024-10-14,-2.003855101498218,6,20,1966-01-13,männlich,Grünen,Dipl.-Wasserbauingenieur,163.0,Chemnitzer Umland - Erzgebirgskreis II,Landesliste,bherrmann.bsky.social,58
Bernhard Herrmann,2024-10-21,-2.642322710150006,7,21,1966-01-13,männlich,Grünen,Dipl.-Wasserbauingenieur,163.0,Chemnitzer Umland - Erzgebirgskreis II,Landesliste,bherrmann.bsky.social,58
Bernhard Herrmann,2024-11-04,0.5651160602115766,4,23,1966-01-13,männlich,Grünen,Dipl.-Wasserbauingenieur,163.0,Chemnitzer Umland - Erzgebirgskreis II,Landesliste,bherrmann.bsky.social,58
Bernhard Herrmann,2024-11-11,4.043720397254102,3,24,1966-01-13,männlich,Grünen,Dipl.-Wasserbauingenieur,163.0,Chemnitzer Umland - Erzgebirgskreis II,Landesliste,bherrmann.bsky.social,58
Bernhard Herrmann,2024-11-18,1.5490857767900013,5,25,1966-01-13,männlich,Grünen,Dipl.-Wasserbauingenieur,163.0,Chemnitzer Umland - Erzgebirgskreis II,Landesliste,bherrmann.bsky.social,58
Bernhard Herrmann,2024-11-25,5.542131540178009,1,26,1966-01-13,männlich,Grünen,Dipl.-Wasserbauingenieur,163.0,Chemnitzer Umland - Erzgebirgskreis II,Landesliste,bherrmann.bsky.social,58
Bernhard Herrmann,2024-12-02,1.0605666698152973,3,27,1966-01-13,männlich,Grünen,Dipl.-Wasserbauingenieur,163.0,Chemnitzer Umland - Erzgebirgskreis II,Landesliste,bherrmann.bsky.social,58
Bernhard Herrmann,2024-12-09,4.530039833027432,3,28,1966-01-13,männlich,Grünen,Dipl.-Wasserbauingenieur,163.0,Chemnitzer Umland - Erzgebirgskreis II,Landesliste,bherrmann.bsky.social,58
Bernhard Herrmann,2024-12-16,-4.135091374773155,3,29,1966-01-13,männlich,Grünen,Dipl.-Wasserbauingenieur,163.0,Chemnitzer Umland - Erzgebirgskreis II,Landesliste,bherrmann.bsky.social,58
Bernhard Herrmann,2024-12-30,0.15877716639756537,3,31,1966-01-13,männlich,Grünen,Dipl.-Wasserbauingenieur,163.0,Chemnitzer Umland - Erzgebirgskreis II,Landesliste,bherrmann.bsky.social,58
Bernhard Herrmann,2025-01-13,-5.376727020748702,1,33,1966-01-13,männlich,Grünen,Dipl.-Wasserbauingenieur,163.0,Chemnitzer Umland - Erzgebirgskreis II,Landesliste,bherrmann.bsky.social,59
Bernhard Herrmann,2025-01-20,-6.369323267203129,2,34,1966-01-13,männlich,Grünen,Dipl.-Wasserbauingenieur,163.0,Chemnitzer Umland - Erzgebirgskreis II,Landesliste,bherrmann.bsky.social,59
Bernhard Herrmann,2025-01-27,-6.022301989465693,1,35,1966-01-13,männlich,Grünen,Dipl.-Wasserbauingenieur,163.0,Chemnitzer Umland - Erzgebirgskreis II,Landesliste,bherrmann.bsky.social,59
Bernhard Herrmann,2025-02-10,-4.0129628978303025,1,37,1966-01-13,männlich,Grünen,Dipl.-Wasserbauingenieur,163.0,Chemnitzer Umland - Erzgebirgskreis II,Landesliste,bherrmann.bsky.social,59
Bernhard Herrmann,2025-03-03,-2.7015727449378897,2,40,1966-01-13,männlich,Grünen,Dipl.-Wasserbauingenieur,163.0,Chemnitzer Umland - Erzgebirgskreis II,Landesliste,bherrmann.bsky.social,59
Bernhard Herrmann,2025-03-10,-1.8516391296364998,4,41,1966-01-13,männlich,Grünen,Dipl.-Wasserbauingenieur,163.0,Chemnitzer Umland - Erzgebirgskreis II,Landesliste,bherrmann.bsky.social,59
Bernhard Herrmann,2025-03-17,-5.993200127104877,1,42,1966-01-13,männlich,Grünen,Dipl.-Wasserbauingenieur,163.0,Chemnitzer Umland - Erzgebirgskreis II,Landesliste,bherrmann.bsky.social,59
Bodo Ramelow,2025-03-24,0.6754948934786386,14,43,1956-02-16,männlich,Die LINKE,Kaufmann,192.0,Erfurt – Weimar – Weimarer Land II,Direktwahl,bodoramelow.bsky.social,69
Bodo Ramelow,2025-03-31,-1.253736862173957,14,44,1956-02-16,männlich,Die LINKE,Kaufmann,192.0,Erfurt – Weimar – Weimarer Land II,Direktwahl,bodoramelow.bsky.social,69
Bodo Ramelow,2025-04-07,-0.7436648883307029,33,45,1956-02-16,männlich,Die LINKE,Kaufmann,192.0,Erfurt – Weimar – Weimarer Land II,Direktwahl,bodoramelow.bsky.social,69
Bodo Ramelow,2025-04-14,-0.017900176269541213,26,46,1956-02-16,männlich,Die LINKE,Kaufmann,192.0,Erfurt – Weimar – Weimarer Land II,Direktwahl,bodoramelow.bsky.social,69
Bodo Ramelow,2025-04-21,1.0984981867721375,24,47,1956-02-16,männlich,Die LINKE,Kaufmann,192.0,Erfurt – Weimar – Weimarer Land II,Direktwahl,bodoramelow.bsky.social,69
Bodo Ramelow,2025-04-28,-1.0787822726623995,30,48,1956-02-16,männlich,Die LINKE,Kaufmann,192.0,Erfurt – Weimar – Weimarer Land II,Direktwahl,bodoramelow.bsky.social,69
Bodo Ramelow,2025-05-05,-0.5426227713209618,25,49,1956-02-16,männlich,Die LINKE,Kaufmann,192.0,Erfurt – Weimar – Weimarer Land II,Direktwahl,bodoramelow.bsky.social,69
Bodo Ramelow,2025-05-12,2.3929215722511294,17,50,1956-02-16,männlich,Die LINKE,Kaufmann,192.0,Erfurt – Weimar – Weimarer Land II,Direktwahl,bodoramelow.bsky.social,69
Bodo Ramelow,2025-05-19,-0.3605332190025522,15,51,1956-02-16,männlich,Die LINKE,Kaufmann,192.0,Erfurt – Weimar – Weimarer Land II,Direktwahl,bodoramelow.bsky.social,69
Bodo Ramelow,2025-05-26,-1.4700197844621066,16,52,1956-02-16,männlich,Die LINKE,Kaufmann,192.0,Erfurt – Weimar – Weimarer Land II,Direktwahl,bodoramelow.bsky.social,69
Bodo Ramelow,2025-06-02,0.11465295590638873,14,53,1956-02-16,männlich,Die LINKE,Kaufmann,192.0,Erfurt – Weimar – Weimarer Land II,Direktwahl,bodoramelow.bsky.social,69
Bodo Ramelow,2025-06-09,-0.28834962572236933,19,54,1956-02-16,männlich,Die LINKE,Kaufmann,192.0,Erfurt – Weimar – Weimarer Land II,Direktwahl,bodoramelow.bsky.social,69
Bodo Ramelow,2025-06-16,0.24983875359211724,20,55,1956-02-16,männlich,Die LINKE,Kaufmann,192.0,Erfurt – Weimar – Weimarer Land II,Direktwahl,bodoramelow.bsky.social,69
Bodo Ramelow,2025-06-23,3.1836795895778103,10,56,1956-02-16,männlich,Die LINKE,Kaufmann,192.0,Erfurt – Weimar – Weimarer Land II,Direktwahl,bodoramelow.bsky.social,69
Bodo Ramelow,2025-06-30,-2.3198650159365966,26,57,1956-02-16,männlich,Die LINKE,Kaufmann,192.0,Erfurt – Weimar – Weimarer Land II,Direktwahl,bodoramelow.bsky.social,69
Bodo Ramelow,2025-07-07,-1.2203327084578344,26,58,1956-02-16,männlich,Die LINKE,Kaufmann,192.0,Erfurt – Weimar – Weimarer Land II,Direktwahl,bodoramelow.bsky.social,69
Bodo Ramelow,2025-07-14,-0.5557756319852843,9,59,1956-02-16,männlich,Die LINKE,Kaufmann,192.0,Erfurt – Weimar – Weimarer Land II,Direktwahl,bodoramelow.bsky.social,69
Bodo Ramelow,2025-07-21,-0.32614507923958674,12,60,1956-02-16,männlich,Die LINKE,Kaufmann,192.0,Erfurt – Weimar – Weimarer Land II,Direktwahl,bodoramelow.bsky.social,69
Bodo Ramelow,2025-07-28,0.7859812520515348,6,61,1956-02-16,männlich,Die LINKE,Kaufmann,192.0,Erfurt – Weimar – Weimarer Land II,Direktwahl,bodoramelow.bsky.social,69
Boris Mijatović,2024-08-19,-2.9633038975651758,3,12,1974-02-04,männlich,Grünen,Angestellter,168.0,Kassel,Landesliste,boris-mijatovic.bsky.social,50
Boris Mijatović,2024-09-23,-5.690129179344067,2,17,1974-02-04,männlich,Grünen,Angestellter,168.0,Kassel,Landesliste,boris-mijatovic.bsky.social,50
Boris Mijatović,2024-11-04,1.2171945521534826,2,23,1974-02-04,männlich,Grünen,Angestellter,168.0,Kassel,Landesliste,boris-mijatovic.bsky.social,50
Boris Mijatović,2024-11-11,-5.007925246165669,2,24,1974-02-04,männlich,Grünen,Angestellter,168.0,Kassel,Landesliste,boris-mijatovic.bsky.social,50
Boris Mijatović,2024-11-18,-1.855593580267481,2,25,1974-02-04,männlich,Grünen,Angestellter,168.0,Kassel,Landesliste,boris-mijatovic.bsky.social,50
Boris Mijatović,2024-11-25,-1.125037297144293,5,26,1974-02-04,männlich,Grünen,Angestellter,168.0,Kassel,Landesliste,boris-mijatovic.bsky.social,50
Boris Mijatović,2024-12-02,3.1027309150480322,2,27,1974-02-04,männlich,Grünen,Angestellter,168.0,Kassel,Landesliste,boris-mijatovic.bsky.social,50
Boris Mijatović,2024-12-09,4.0432095878609395,1,28,1974-02-04,männlich,Grünen,Angestellter,168.0,Kassel,Landesliste,boris-mijatovic.bsky.social,50
Boris Mijatović,2024-12-23,-5.893720618981325,1,30,1974-02-04,männlich,Grünen,Angestellter,168.0,Kassel,Landesliste,boris-mijatovic.bsky.social,50
Boris Mijatović,2025-01-06,-1.554559398406911,4,32,1974-02-04,männlich,Grünen,Angestellter,168.0,Kassel,Landesliste,boris-mijatovic.bsky.social,51
Boris Mijatović,2025-01-13,-2.3033857609193262,7,33,1974-02-04,männlich,Grünen,Angestellter,168.0,Kassel,Landesliste,boris-mijatovic.bsky.social,51
Boris Mijatović,2025-01-20,-2.567561281675975,2,34,1974-02-04,männlich,Grünen,Angestellter,168.0,Kassel,Landesliste,boris-mijatovic.bsky.social,51
Boris Mijatović,2025-01-27,-3.430282922784176,9,35,1974-02-04,männlich,Grünen,Angestellter,168.0,Kassel,Landesliste,boris-mijatovic.bsky.social,51
Boris Mijatović,2025-02-03,-4.706734561824885,3,36,1974-02-04,männlich,Grünen,Angestellter,168.0,Kassel,Landesliste,boris-mijatovic.bsky.social,51
Boris Mijatović,2025-02-10,-5.669996493809442,3,37,1974-02-04,männlich,Grünen,Angestellter,168.0,Kassel,Landesliste,boris-mijatovic.bsky.social,51
Boris Mijatović,2025-02-24,-3.9463182420555962,8,39,1974-02-04,männlich,Grünen,Angestellter,168.0,Kassel,Landesliste,boris-mijatovic.bsky.social,51
Boris Mijatović,2025-03-10,-2.645719125052043,5,41,1974-02-04,männlich,Grünen,Angestellter,168.0,Kassel,Landesliste,boris-mijatovic.bsky.social,51
Boris Mijatović,2025-03-17,-3.689590806655758,6,42,1974-02-04,männlich,Grünen,Angestellter,168.0,Kassel,Landesliste,boris-mijatovic.bsky.social,51
Boris Mijatović,2025-03-24,-0.6082847451281056,2,43,1974-02-04,männlich,Grünen,Angestellter,167.0,Kassel,Landesliste,boris-mijatovic.bsky.social,51
Boris Mijatović,2025-03-31,-1.264357021138086,6,44,1974-02-04,männlich,Grünen,Angestellter,167.0,Kassel,Landesliste,boris-mijatovic.bsky.social,51
Boris Mijatović,2025-04-07,-0.02640725556640755,8,45,1974-02-04,männlich,Grünen,Angestellter,167.0,Kassel,Landesliste,boris-mijatovic.bsky.social,51
Boris Mijatović,2025-04-14,-4.488935665150378,1,46,1974-02-04,männlich,Grünen,Angestellter,167.0,Kassel,Landesliste,boris-mijatovic.bsky.social,51
Boris Mijatović,2025-04-28,-3.2477461876200167,5,48,1974-02-04,männlich,Grünen,Angestellter,167.0,Kassel,Landesliste,boris-mijatovic.bsky.social,51
Boris Mijatović,2025-05-05,-3.8593033375437225,2,49,1974-02-04,männlich,Grünen,Angestellter,167.0,Kassel,Landesliste,boris-mijatovic.bsky.social,51
Boris Mijatović,2025-05-12,-2.539980023484584,3,50,1974-02-04,männlich,Grünen,Angestellter,167.0,Kassel,Landesliste,boris-mijatovic.bsky.social,51
Boris Mijatović,2025-05-19,-3.864714822912311,2,51,1974-02-04,männlich,Grünen,Angestellter,167.0,Kassel,Landesliste,boris-mijatovic.bsky.social,51
Boris Mijatović,2025-05-26,0.26554478574133755,2,52,1974-02-04,männlich,Grünen,Angestellter,167.0,Kassel,Landesliste,boris-mijatovic.bsky.social,51
Boris Mijatović,2025-06-02,-1.6452942151057535,5,53,1974-02-04,männlich,Grünen,Angestellter,167.0,Kassel,Landesliste,boris-mijatovic.bsky.social,51
Boris Mijatović,2025-06-23,-4.819100818298818,2,56,1974-02-04,männlich,Grünen,Angestellter,167.0,Kassel,Landesliste,boris-mijatovic.bsky.social,51
Boris Mijatović,2025-06-30,-2.9797523969473603,1,57,1974-02-04,männlich,Grünen,Angestellter,167.0,Kassel,Landesliste,boris-mijatovic.bsky.social,51
Boris Mijatović,2025-07-07,-4.913501776828277,3,58,1974-02-04,männlich,Grünen,Angestellter,167.0,Kassel,Landesliste,boris-mijatovic.bsky.social,51
Boris Mijatović,2025-07-14,-5.424670615345447,3,59,1974-02-04,männlich,Grünen,Angestellter,167.0,Kassel,Landesliste,boris-mijatovic.bsky.social,51
Britta Haßelmann,2024-06-03,0.19107833931832588,1,1,1961-12-10,weiblich,Grünen,Sozialarbeiterin,132.0,Bielefeld - Gütersloh II,Landesliste,britta-hasselmann.de,63
Britta Haßelmann,2024-06-17,-0.9897264127191475,1,3,1961-12-10,weiblich,Grünen,Sozialarbeiterin,132.0,Bielefeld - Gütersloh II,Landesliste,britta-hasselmann.de,63
Britta Haßelmann,2024-07-01,4.064942670463636,1,5,1961-12-10,weiblich,Grünen,Sozialarbeiterin,132.0,Bielefeld - Gütersloh II,Landesliste,britta-hasselmann.de,63
Britta Haßelmann,2024-11-25,-3.978837872284466,1,26,1961-12-10,weiblich,Grünen,Sozialarbeiterin,132.0,Bielefeld - Gütersloh II,Landesliste,britta-hasselmann.de,63
Britta Haßelmann,2024-12-02,0.14870786648995615,4,27,1961-12-10,weiblich,Grünen,Sozialarbeiterin,132.0,Bielefeld - Gütersloh II,Landesliste,britta-hasselmann.de,63
Britta Haßelmann,2024-12-09,-4.4750280136617,2,28,1961-12-10,weiblich,Grünen,Sozialarbeiterin,132.0,Bielefeld - Gütersloh II,Landesliste,britta-hasselmann.de,63
Britta Haßelmann,2024-12-16,-1.937745214858351,6,29,1961-12-10,weiblich,Grünen,Sozialarbeiterin,132.0,Bielefeld - Gütersloh II,Landesliste,britta-hasselmann.de,63
Britta Haßelmann,2024-12-23,5.454004914616272,2,30,1961-12-10,weiblich,Grünen,Sozialarbeiterin,132.0,Bielefeld - Gütersloh II,Landesliste,britta-hasselmann.de,63
Britta Haßelmann,2024-12-30,-0.7781233581953038,7,31,1961-12-10,weiblich,Grünen,Sozialarbeiterin,132.0,Bielefeld - Gütersloh II,Landesliste,britta-hasselmann.de,63
Britta Haßelmann,2025-01-06,-1.0455349620312027,20,32,1961-12-10,weiblich,Grünen,Sozialarbeiterin,132.0,Bielefeld - Gütersloh II,Landesliste,britta-hasselmann.de,64
Britta Haßelmann,2025-01-13,-2.380515581016036,19,33,1961-12-10,weiblich,Grünen,Sozialarbeiterin,132.0,Bielefeld - Gütersloh II,Landesliste,britta-hasselmann.de,64
Britta Haßelmann,2025-01-20,-2.2541272615972425,12,34,1961-12-10,weiblich,Grünen,Sozialarbeiterin,132.0,Bielefeld - Gütersloh II,Landesliste,britta-hasselmann.de,64
Britta Haßelmann,2025-01-27,-2.040107997212605,8,35,1961-12-10,weiblich,Grünen,Sozialarbeiterin,132.0,Bielefeld - Gütersloh II,Landesliste,britta-hasselmann.de,64
Britta Haßelmann,2025-02-03,-1.1531438068722164,10,36,1961-12-10,weiblich,Grünen,Sozialarbeiterin,132.0,Bielefeld - Gütersloh II,Landesliste,britta-hasselmann.de,64
Britta Haßelmann,2025-02-10,-1.5162444760672884,25,37,1961-12-10,weiblich,Grünen,Sozialarbeiterin,132.0,Bielefeld - Gütersloh II,Landesliste,britta-hasselmann.de,64
Britta Haßelmann,2025-02-17,-0.7019610067459614,9,38,1961-12-10,weiblich,Grünen,Sozialarbeiterin,132.0,Bielefeld - Gütersloh II,Landesliste,britta-hasselmann.de,64
Britta Haßelmann,2025-02-24,0.19949709219717765,13,39,1961-12-10,weiblich,Grünen,Sozialarbeiterin,132.0,Bielefeld - Gütersloh II,Landesliste,britta-hasselmann.de,64
Britta Haßelmann,2025-03-03,-2.4453916792529795,10,40,1961-12-10,weiblich,Grünen,Sozialarbeiterin,132.0,Bielefeld - Gütersloh II,Landesliste,britta-hasselmann.de,64
Britta Haßelmann,2025-03-10,-0.8566079079639929,3,41,1961-12-10,weiblich,Grünen,Sozialarbeiterin,132.0,Bielefeld - Gütersloh II,Landesliste,britta-hasselmann.de,64
Britta Haßelmann,2025-03-17,-1.5403091585966782,18,42,1961-12-10,weiblich,Grünen,Sozialarbeiterin,132.0,Bielefeld - Gütersloh II,Landesliste,britta-hasselmann.de,64
Britta Haßelmann,2025-03-24,-1.510896731339183,20,43,1961-12-10,weiblich,Grünen,Sozialarbeiterin,131.0,Bielefeld – Gütersloh II,Landesliste,britta-hasselmann.de,64
Britta Haßelmann,2025-03-31,-1.723933245213587,12,44,1961-12-10,weiblich,Grünen,Sozialarbeiterin,131.0,Bielefeld – Gütersloh II,Landesliste,britta-hasselmann.de,64
Britta Haßelmann,2025-04-07,-2.9131998551794194,12,45,1961-12-10,weiblich,Grünen,Sozialarbeiterin,131.0,Bielefeld – Gütersloh II,Landesliste,britta-hasselmann.de,64
Britta Haßelmann,2025-04-14,-2.4706040490213823,21,46,1961-12-10,weiblich,Grünen,Sozialarbeiterin,131.0,Bielefeld – Gütersloh II,Landesliste,britta-hasselmann.de,64
Britta Haßelmann,2025-04-21,-3.132652186395525,6,47,1961-12-10,weiblich,Grünen,Sozialarbeiterin,131.0,Bielefeld – Gütersloh II,Landesliste,britta-hasselmann.de,64
Britta Haßelmann,2025-04-28,-0.7885854404123427,7,48,1961-12-10,weiblich,Grünen,Sozialarbeiterin,131.0,Bielefeld – Gütersloh II,Landesliste,britta-hasselmann.de,64
Britta Haßelmann,2025-05-05,-2.2744817317506025,20,49,1961-12-10,weiblich,Grünen,Sozialarbeiterin,131.0,Bielefeld – Gütersloh II,Landesliste,britta-hasselmann.de,64
Britta Haßelmann,2025-05-12,-2.162954820952425,9,50,1961-12-10,weiblich,Grünen,Sozialarbeiterin,131.0,Bielefeld – Gütersloh II,Landesliste,britta-hasselmann.de,64
Britta Haßelmann,2025-05-19,-1.2490343085623064,17,51,1961-12-10,weiblich,Grünen,Sozialarbeiterin,131.0,Bielefeld – Gütersloh II,Landesliste,britta-hasselmann.de,64
Britta Haßelmann,2025-05-26,-2.306101947451098,12,52,1961-12-10,weiblich,Grünen,Sozialarbeiterin,131.0,Bielefeld – Gütersloh II,Landesliste,britta-hasselmann.de,64
Britta Haßelmann,2025-06-02,-2.5689853512939678,18,53,1961-12-10,weiblich,Grünen,Sozialarbeiterin,131.0,Bielefeld – Gütersloh II,Landesliste,britta-hasselmann.de,64
Britta Haßelmann,2025-06-09,-3.7555346534887097,14,54,1961-12-10,weiblich,Grünen,Sozialarbeiterin,131.0,Bielefeld – Gütersloh II,Landesliste,britta-hasselmann.de,64
Britta Haßelmann,2025-06-16,-0.736589010500534,23,55,1961-12-10,weiblich,Grünen,Sozialarbeiterin,131.0,Bielefeld – Gütersloh II,Landesliste,britta-hasselmann.de,64
Britta Haßelmann,2025-06-23,-1.3062342348841072,12,56,1961-12-10,weiblich,Grünen,Sozialarbeiterin,131.0,Bielefeld – Gütersloh II,Landesliste,britta-hasselmann.de,64
Britta Haßelmann,2025-06-30,-2.3782599998041722,11,57,1961-12-10,weiblich,Grünen,Sozialarbeiterin,131.0,Bielefeld – Gütersloh II,Landesliste,britta-hasselmann.de,64
Britta Haßelmann,2025-07-07,-3.317683087393821,14,58,1961-12-10,weiblich,Grünen,Sozialarbeiterin,131.0,Bielefeld – Gütersloh II,Landesliste,britta-hasselmann.de,64
Britta Haßelmann,2025-07-14,-0.29986811903937927,8,59,1961-12-10,weiblich,Grünen,Sozialarbeiterin,131.0,Bielefeld – Gütersloh II,Landesliste,britta-hasselmann.de,64
Britta Haßelmann,2025-07-21,-0.3142880213833436,10,60,1961-12-10,weiblich,Grünen,Sozialarbeiterin,131.0,Bielefeld – Gütersloh II,Landesliste,britta-hasselmann.de,64
Britta Haßelmann,2025-07-28,2.303264335232654,3,61,1961-12-10,weiblich,Grünen,Sozialarbeiterin,131.0,Bielefeld – Gütersloh II,Landesliste,britta-hasselmann.de,64
Bruno Hönel,2025-01-06,1.0319618968398898,10,32,1996-04-01,männlich,Grünen,Psychologe (B. Sc.),11.0,Lübeck,Landesliste,brunohoenel.bsky.social,29
Bruno Hönel,2025-01-13,-1.529064784469633,11,33,1996-04-01,männlich,Grünen,Psychologe (B. Sc.),11.0,Lübeck,Landesliste,brunohoenel.bsky.social,29
Bruno Hönel,2025-01-20,-4.53363639332035,7,34,1996-04-01,männlich,Grünen,Psychologe (B. Sc.),11.0,Lübeck,Landesliste,brunohoenel.bsky.social,29
Bruno Hönel,2025-01-27,-3.6862106956252645,10,35,1996-04-01,männlich,Grünen,Psychologe (B. Sc.),11.0,Lübeck,Landesliste,brunohoenel.bsky.social,29
Bruno Hönel,2025-02-03,-1.5920449190990653,5,36,1996-04-01,männlich,Grünen,Psychologe (B. Sc.),11.0,Lübeck,Landesliste,brunohoenel.bsky.social,29
Bruno Hönel,2025-02-10,-3.2684805656410147,3,37,1996-04-01,männlich,Grünen,Psychologe (B. Sc.),11.0,Lübeck,Landesliste,brunohoenel.bsky.social,29
Bruno Hönel,2025-03-03,-4.279752094980599,7,40,1996-04-01,männlich,Grünen,Psychologe (B. Sc.),11.0,Lübeck,Landesliste,brunohoenel.bsky.social,29
Canan Bayram,2024-06-03,0.2719181363271407,2,1,1966-02-11,weiblich,Grünen,Rechtsanwältin,83.0,Berlin-Friedrichshain-Kreuzberg - Prenzlauer Berg Ost,Direktwahl,lieblingxhain.bsky.social,58
Canan Bayram,2024-11-11,-0.8564337482975499,1,24,1966-02-11,weiblich,Grünen,Rechtsanwältin,83.0,Berlin-Friedrichshain-Kreuzberg - Prenzlauer Berg Ost,Direktwahl,lieblingxhain.bsky.social,58
Canan Bayram,2024-11-18,-1.8088721380224746,2,25,1966-02-11,weiblich,Grünen,Rechtsanwältin,83.0,Berlin-Friedrichshain-Kreuzberg - Prenzlauer Berg Ost,Direktwahl,lieblingxhain.bsky.social,58
Canan Bayram,2024-11-25,-3.5914282372628303,2,26,1966-02-11,weiblich,Grünen,Rechtsanwältin,83.0,Berlin-Friedrichshain-Kreuzberg - Prenzlauer Berg Ost,Direktwahl,lieblingxhain.bsky.social,58
Canan Bayram,2024-12-02,-5.526364371837695,1,27,1966-02-11,weiblich,Grünen,Rechtsanwältin,83.0,Berlin-Friedrichshain-Kreuzberg - Prenzlauer Berg Ost,Direktwahl,lieblingxhain.bsky.social,58
Canan Bayram,2024-12-09,-3.577003017816319,1,28,1966-02-11,weiblich,Grünen,Rechtsanwältin,83.0,Berlin-Friedrichshain-Kreuzberg - Prenzlauer Berg Ost,Direktwahl,lieblingxhain.bsky.social,58
Canan Bayram,2024-12-16,-1.8093291926417578,1,29,1966-02-11,weiblich,Grünen,Rechtsanwältin,83.0,Berlin-Friedrichshain-Kreuzberg - Prenzlauer Berg Ost,Direktwahl,lieblingxhain.bsky.social,58
Canan Bayram,2024-12-30,-2.871635968350073,1,31,1966-02-11,weiblich,Grünen,Rechtsanwältin,83.0,Berlin-Friedrichshain-Kreuzberg - Prenzlauer Berg Ost,Direktwahl,lieblingxhain.bsky.social,58
Canan Bayram,2025-02-03,-1.953504739694223,1,36,1966-02-11,weiblich,Grünen,Rechtsanwältin,83.0,Berlin-Friedrichshain-Kreuzberg - Prenzlauer Berg Ost,Direktwahl,lieblingxhain.bsky.social,59
Canan Bayram,2025-02-17,-2.302584472544336,1,38,1966-02-11,weiblich,Grünen,Rechtsanwältin,83.0,Berlin-Friedrichshain-Kreuzberg - Prenzlauer Berg Ost,Direktwahl,lieblingxhain.bsky.social,59
Caren Lay,2024-05-27,-5.83950665689521,1,0,1972-12-11,weiblich,Die LINKE,Dipl.-Soziologin,156.0,Bautzen I,Landesliste,carenlay.bsky.social,52
Caren Lay,2024-06-03,-2.097942509766394,2,1,1972-12-11,weiblich,Die LINKE,Dipl.-Soziologin,156.0,Bautzen I,Landesliste,carenlay.bsky.social,52
Caren Lay,2024-06-10,-0.865708816624165,1,2,1972-12-11,weiblich,Die LINKE,Dipl.-Soziologin,156.0,Bautzen I,Landesliste,carenlay.bsky.social,52
Caren Lay,2024-06-17,-2.633328020282573,3,3,1972-12-11,weiblich,Die LINKE,Dipl.-Soziologin,156.0,Bautzen I,Landesliste,carenlay.bsky.social,52
Caren Lay,2024-06-24,-1.7023148224525215,4,4,1972-12-11,weiblich,Die LINKE,Dipl.-Soziologin,156.0,Bautzen I,Landesliste,carenlay.bsky.social,52
Caren Lay,2024-07-15,-5.924948796357321,1,7,1972-12-11,weiblich,Die LINKE,Dipl.-Soziologin,156.0,Bautzen I,Landesliste,carenlay.bsky.social,52
Caren Lay,2024-08-05,-4.111525161765544,3,10,1972-12-11,weiblich,Die LINKE,Dipl.-Soziologin,156.0,Bautzen I,Landesliste,carenlay.bsky.social,52
Caren Lay,2024-08-12,-0.42797504883751025,4,11,1972-12-11,weiblich,Die LINKE,Dipl.-Soziologin,156.0,Bautzen I,Landesliste,carenlay.bsky.social,52
Caren Lay,2024-08-19,-2.0542056103763757,4,12,1972-12-11,weiblich,Die LINKE,Dipl.-Soziologin,156.0,Bautzen I,Landesliste,carenlay.bsky.social,52
Caren Lay,2024-08-26,5.166570608435823,2,13,1972-12-11,weiblich,Die LINKE,Dipl.-Soziologin,156.0,Bautzen I,Landesliste,carenlay.bsky.social,52
Caren Lay,2024-09-02,4.31466732731059,1,14,1972-12-11,weiblich,Die LINKE,Dipl.-Soziologin,156.0,Bautzen I,Landesliste,carenlay.bsky.social,52
Caren Lay,2024-09-09,-1.7158807745477038,5,15,1972-12-11,weiblich,Die LINKE,Dipl.-Soziologin,156.0,Bautzen I,Landesliste,carenlay.bsky.social,52
Caren Lay,2024-09-23,-1.3302982919048145,1,17,1972-12-11,weiblich,Die LINKE,Dipl.-Soziologin,156.0,Bautzen I,Landesliste,carenlay.bsky.social,52
Caren Lay,2024-10-07,-3.050582431792457,11,19,1972-12-11,weiblich,Die LINKE,Dipl.-Soziologin,156.0,Bautzen I,Landesliste,carenlay.bsky.social,52
Caren Lay,2024-10-14,-3.349595845691802,6,20,1972-12-11,weiblich,Die LINKE,Dipl.-Soziologin,156.0,Bautzen I,Landesliste,carenlay.bsky.social,52
Caren Lay,2024-10-21,-1.832712503055392,5,21,1972-12-11,weiblich,Die LINKE,Dipl.-Soziologin,156.0,Bautzen I,Landesliste,carenlay.bsky.social,52
Caren Lay,2024-10-28,5.218388447623351,1,22,1972-12-11,weiblich,Die LINKE,Dipl.-Soziologin,156.0,Bautzen I,Landesliste,carenlay.bsky.social,52
Caren Lay,2024-11-04,-3.8043640980155295,2,23,1972-12-11,weiblich,Die LINKE,Dipl.-Soziologin,156.0,Bautzen I,Landesliste,carenlay.bsky.social,52
Caren Lay,2024-11-11,1.6987045616502274,2,24,1972-12-11,weiblich,Die LINKE,Dipl.-Soziologin,156.0,Bautzen I,Landesliste,carenlay.bsky.social,52
Caren Lay,2024-11-18,-4.542603304340403,4,25,1972-12-11,weiblich,Die LINKE,Dipl.-Soziologin,156.0,Bautzen I,Landesliste,carenlay.bsky.social,52
Caren Lay,2024-11-25,-3.094586944460146,5,26,1972-12-11,weiblich,Die LINKE,Dipl.-Soziologin,156.0,Bautzen I,Landesliste,carenlay.bsky.social,52
Caren Lay,2024-12-02,-2.512651242819207,13,27,1972-12-11,weiblich,Die LINKE,Dipl.-Soziologin,156.0,Bautzen I,Landesliste,carenlay.bsky.social,52
Caren Lay,2024-12-09,-3.5511681173949117,6,28,1972-12-11,weiblich,Die LINKE,Dipl.-Soziologin,156.0,Bautzen I,Landesliste,carenlay.bsky.social,52
Caren Lay,2024-12-16,-2.9754186934682534,6,29,1972-12-11,weiblich,Die LINKE,Dipl.-Soziologin,156.0,Bautzen I,Landesliste,carenlay.bsky.social,52
Caren Lay,2024-12-23,-1.4166142340266787,2,30,1972-12-11,weiblich,Die LINKE,Dipl.-Soziologin,156.0,Bautzen I,Landesliste,carenlay.bsky.social,52
Caren Lay,2025-01-06,-1.408561749092296,9,32,1972-12-11,weiblich,Die LINKE,Dipl.-Soziologin,156.0,Bautzen I,Landesliste,carenlay.bsky.social,53
Caren Lay,2025-01-13,-0.8451337911646508,8,33,1972-12-11,weiblich,Die LINKE,Dipl.-Soziologin,156.0,Bautzen I,Landesliste,carenlay.bsky.social,53
Caren Lay,2025-01-20,0.2120699391415195,4,34,1972-12-11,weiblich,Die LINKE,Dipl.-Soziologin,156.0,Bautzen I,Landesliste,carenlay.bsky.social,53
Caren Lay,2025-01-27,-1.3940566574629276,17,35,1972-12-11,weiblich,Die LINKE,Dipl.-Soziologin,156.0,Bautzen I,Landesliste,carenlay.bsky.social,53
Caren Lay,2025-02-03,-1.218315531119401,16,36,1972-12-11,weiblich,Die LINKE,Dipl.-Soziologin,156.0,Bautzen I,Landesliste,carenlay.bsky.social,53
Caren Lay,2025-02-10,-1.647379285891904,11,37,1972-12-11,weiblich,Die LINKE,Dipl.-Soziologin,156.0,Bautzen I,Landesliste,carenlay.bsky.social,53
Caren Lay,2025-02-17,-2.0280084490371655,9,38,1972-12-11,weiblich,Die LINKE,Dipl.-Soziologin,156.0,Bautzen I,Landesliste,carenlay.bsky.social,53
Caren Lay,2025-02-24,-1.1516533768871018,6,39,1972-12-11,weiblich,Die LINKE,Dipl.-Soziologin,156.0,Bautzen I,Landesliste,carenlay.bsky.social,53
Caren Lay,2025-03-03,-1.675949093874545,3,40,1972-12-11,weiblich,Die LINKE,Dipl.-Soziologin,156.0,Bautzen I,Landesliste,carenlay.bsky.social,53
Caren Lay,2025-03-10,-2.9896465616078913,5,41,1972-12-11,weiblich,Die LINKE,Dipl.-Soziologin,156.0,Bautzen I,Landesliste,carenlay.bsky.social,53
Caren Lay,2025-03-17,-2.5373108074608672,9,42,1972-12-11,weiblich,Die LINKE,Dipl.-Soziologin,156.0,Bautzen I,Landesliste,carenlay.bsky.social,53
Caren Lay,2025-03-24,-2.1972063278241247,8,43,1972-12-11,weiblich,Die LINKE,Dipl.-Soziologin,155.0,Bautzen I,Landesliste,carenlay.bsky.social,53
Caren Lay,2025-03-31,-1.9153825159710345,5,44,1972-12-11,weiblich,Die LINKE,Dipl.-Soziologin,155.0,Bautzen I,Landesliste,carenlay.bsky.social,53
Caren Lay,2025-04-07,-1.8844764616634961,6,45,1972-12-11,weiblich,Die LINKE,Dipl.-Soziologin,155.0,Bautzen I,Landesliste,carenlay.bsky.social,53
Caren Lay,2025-04-21,-2.00190263874129,9,47,1972-12-11,weiblich,Die LINKE,Dipl.-Soziologin,155.0,Bautzen I,Landesliste,carenlay.bsky.social,53
Caren Lay,2025-04-28,-1.9885118895370455,8,48,1972-12-11,weiblich,Die LINKE,Dipl.-Soziologin,155.0,Bautzen I,Landesliste,carenlay.bsky.social,53
Caren Lay,2025-05-05,-3.5343016106569833,4,49,1972-12-11,weiblich,Die LINKE,Dipl.-Soziologin,155.0,Bautzen I,Landesliste,carenlay.bsky.social,53
Caren Lay,2025-05-12,-0.5911944314387202,3,50,1972-12-11,weiblich,Die LINKE,Dipl.-Soziologin,155.0,Bautzen I,Landesliste,carenlay.bsky.social,53
Caren Lay,2025-05-19,1.6623463871557131,3,51,1972-12-11,weiblich,Die LINKE,Dipl.-Soziologin,155.0,Bautzen I,Landesliste,carenlay.bsky.social,53
Caren Lay,2025-05-26,-2.8971844974633956,9,52,1972-12-11,weiblich,Die LINKE,Dipl.-Soziologin,155.0,Bautzen I,Landesliste,carenlay.bsky.social,53
Caren Lay,2025-06-02,-1.1903607226264261,3,53,1972-12-11,weiblich,Die LINKE,Dipl.-Soziologin,155.0,Bautzen I,Landesliste,carenlay.bsky.social,53
Caren Lay,2025-06-09,-0.8028900468642082,6,54,1972-12-11,weiblich,Die LINKE,Dipl.-Soziologin,155.0,Bautzen I,Landesliste,carenlay.bsky.social,53
Caren Lay,2025-06-16,-2.290843281583543,13,55,1972-12-11,weiblich,Die LINKE,Dipl.-Soziologin,155.0,Bautzen I,Landesliste,carenlay.bsky.social,53
Caren Lay,2025-06-23,-1.8752786208262924,6,56,1972-12-11,weiblich,Die LINKE,Dipl.-Soziologin,155.0,Bautzen I,Landesliste,carenlay.bsky.social,53
Caren Lay,2025-06-30,-0.4555135766135134,5,57,1972-12-11,weiblich,Die LINKE,Dipl.-Soziologin,155.0,Bautzen I,Landesliste,carenlay.bsky.social,53
Caren Lay,2025-07-07,0.18702645860473238,10,58,1972-12-11,weiblich,Die LINKE,Dipl.-Soziologin,155.0,Bautzen I,Landesliste,carenlay.bsky.social,53
Caren Lay,2025-07-14,-3.2926144575022387,7,59,1972-12-11,weiblich,Die LINKE,Dipl.-Soziologin,155.0,Bautzen I,Landesliste,carenlay.bsky.social,53
Caren Lay,2025-07-21,-2.4483526515549445,7,60,1972-12-11,weiblich,Die LINKE,Dipl.-Soziologin,155.0,Bautzen I,Landesliste,carenlay.bsky.social,53
Caren Lay,2025-07-28,-1.8012510137179738,4,61,1972-12-11,weiblich,Die LINKE,Dipl.-Soziologin,155.0,Bautzen I,Landesliste,carenlay.bsky.social,53
Carlos Kasper,2025-01-06,-3.537235616271789,4,32,1994-09-03,männlich,SPD,Zollbeamter,163.0,Chemnitzer Umland - Erzgebirgskreis II,Landesliste,carloskasper.bsky.social,31
Carlos Kasper,2025-01-13,4.467305723317432,2,33,1994-09-03,männlich,SPD,Zollbeamter,163.0,Chemnitzer Umland - Erzgebirgskreis II,Landesliste,carloskasper.bsky.social,31
Carlos Kasper,2025-01-20,-0.2282486004123377,10,34,1994-09-03,männlich,SPD,Zollbeamter,163.0,Chemnitzer Umland - Erzgebirgskreis II,Landesliste,carloskasper.bsky.social,31
Carlos Kasper,2025-01-27,-1.0248796855339726,4,35,1994-09-03,männlich,SPD,Zollbeamter,163.0,Chemnitzer Umland - Erzgebirgskreis II,Landesliste,carloskasper.bsky.social,31
Carlos Kasper,2025-02-10,4.804651312334395,2,37,1994-09-03,männlich,SPD,Zollbeamter,163.0,Chemnitzer Umland - Erzgebirgskreis II,Landesliste,carloskasper.bsky.social,31
Carlos Kasper,2025-02-17,-0.837091611667013,1,38,1994-09-03,männlich,SPD,Zollbeamter,163.0,Chemnitzer Umland - Erzgebirgskreis II,Landesliste,carloskasper.bsky.social,31
Carlos Kasper,2025-02-24,-1.1842910266888598,3,39,1994-09-03,männlich,SPD,Zollbeamter,163.0,Chemnitzer Umland - Erzgebirgskreis II,Landesliste,carloskasper.bsky.social,31
Carlos Kasper,2025-03-17,-3.1539835878556275,7,42,1994-09-03,männlich,SPD,Zollbeamter,163.0,Chemnitzer Umland - Erzgebirgskreis II,Landesliste,carloskasper.bsky.social,31
Carmen Wegge,2024-12-23,-0.8369051616470176,1,30,1989-09-24,weiblich,SPD,Juristin,224.0,Starnberg - Landsberg am Lech,Landesliste,carmenwegge.bsky.social,35
Carmen Wegge,2025-01-06,-1.314977702886293,1,32,1989-09-24,weiblich,SPD,Juristin,224.0,Starnberg - Landsberg am Lech,Landesliste,carmenwegge.bsky.social,36
Carmen Wegge,2025-01-27,-1.4511308644853742,1,35,1989-09-24,weiblich,SPD,Juristin,224.0,Starnberg - Landsberg am Lech,Landesliste,carmenwegge.bsky.social,36
Carmen Wegge,2025-02-17,0.6648331290275439,1,38,1989-09-24,weiblich,SPD,Juristin,224.0,Starnberg - Landsberg am Lech,Landesliste,carmenwegge.bsky.social,36
Carmen Wegge,2025-02-24,-3.1683053485593473,2,39,1989-09-24,weiblich,SPD,Juristin,224.0,Starnberg - Landsberg am Lech,Landesliste,carmenwegge.bsky.social,36
Carmen Wegge,2025-03-31,4.976774235102274,1,44,1989-09-24,weiblich,SPD,Juristin,223.0,Starnberg – Landsberg am Lech,Landesliste,carmenwegge.bsky.social,36
Carmen Wegge,2025-04-07,-1.6999573674917619,1,45,1989-09-24,weiblich,SPD,Juristin,223.0,Starnberg – Landsberg am Lech,Landesliste,carmenwegge.bsky.social,36
Cem Özdemir,2024-05-27,0.8777636211175549,2,0,1965-12-21,männlich,Grünen,Dipl.-Sozialpädagoge,258.0,Stuttgart I,Direktwahl,oezdemir.de,59
Cem Özdemir,2024-06-03,-0.9661919083881569,7,1,1965-12-21,männlich,Grünen,Dipl.-Sozialpädagoge,258.0,Stuttgart I,Direktwahl,oezdemir.de,59
Cem Özdemir,2024-06-10,2.8599987947756653,8,2,1965-12-21,männlich,Grünen,Dipl.-Sozialpädagoge,258.0,Stuttgart I,Direktwahl,oezdemir.de,59
Cem Özdemir,2024-06-17,0.6223137642149528,5,3,1965-12-21,männlich,Grünen,Dipl.-Sozialpädagoge,258.0,Stuttgart I,Direktwahl,oezdemir.de,59
Cem Özdemir,2024-06-24,-0.03749481557507043,3,4,1965-12-21,männlich,Grünen,Dipl.-Sozialpädagoge,258.0,Stuttgart I,Direktwahl,oezdemir.de,59
Cem Özdemir,2024-07-01,-0.34249107988256106,11,5,1965-12-21,männlich,Grünen,Dipl.-Sozialpädagoge,258.0,Stuttgart I,Direktwahl,oezdemir.de,59
Cem Özdemir,2024-07-08,-1.9836907926654603,3,6,1965-12-21,männlich,Grünen,Dipl.-Sozialpädagoge,258.0,Stuttgart I,Direktwahl,oezdemir.de,59
Cem Özdemir,2024-07-15,1.7305804652982488,4,7,1965-12-21,männlich,Grünen,Dipl.-Sozialpädagoge,258.0,Stuttgart I,Direktwahl,oezdemir.de,59
Cem Özdemir,2024-07-22,1.6461390917036212,4,8,1965-12-21,männlich,Grünen,Dipl.-Sozialpädagoge,258.0,Stuttgart I,Direktwahl,oezdemir.de,59
Cem Özdemir,2024-07-29,-1.7715222486161581,1,9,1965-12-21,männlich,Grünen,Dipl.-Sozialpädagoge,258.0,Stuttgart I,Direktwahl,oezdemir.de,59
Cem Özdemir,2024-08-12,0.6315393242049834,2,11,1965-12-21,männlich,Grünen,Dipl.-Sozialpädagoge,258.0,Stuttgart I,Direktwahl,oezdemir.de,59
Cem Özdemir,2024-08-19,-0.19231806665679121,8,12,1965-12-21,männlich,Grünen,Dipl.-Sozialpädagoge,258.0,Stuttgart I,Direktwahl,oezdemir.de,59
Cem Özdemir,2024-08-26,-1.7694780866256743,3,13,1965-12-21,männlich,Grünen,Dipl.-Sozialpädagoge,258.0,Stuttgart I,Direktwahl,oezdemir.de,59
Cem Özdemir,2024-09-02,-1.1841400227800802,6,14,1965-12-21,männlich,Grünen,Dipl.-Sozialpädagoge,258.0,Stuttgart I,Direktwahl,oezdemir.de,59
Cem Özdemir,2024-09-09,-1.9848040627691366,2,15,1965-12-21,männlich,Grünen,Dipl.-Sozialpädagoge,258.0,Stuttgart I,Direktwahl,oezdemir.de,59
Cem Özdemir,2024-09-16,-0.49811424873096904,1,16,1965-12-21,männlich,Grünen,Dipl.-Sozialpädagoge,258.0,Stuttgart I,Direktwahl,oezdemir.de,59
Cem Özdemir,2024-09-23,-0.22605430632044562,12,17,1965-12-21,männlich,Grünen,Dipl.-Sozialpädagoge,258.0,Stuttgart I,Direktwahl,oezdemir.de,59
Cem Özdemir,2024-09-30,1.0759912110804033,3,18,1965-12-21,männlich,Grünen,Dipl.-Sozialpädagoge,258.0,Stuttgart I,Direktwahl,oezdemir.de,59
Cem Özdemir,2024-10-07,-0.05257788842798395,4,19,1965-12-21,männlich,Grünen,Dipl.-Sozialpädagoge,258.0,Stuttgart I,Direktwahl,oezdemir.de,59
Cem Özdemir,2024-10-14,-1.186683400530198,3,20,1965-12-21,männlich,Grünen,Dipl.-Sozialpädagoge,258.0,Stuttgart I,Direktwahl,oezdemir.de,59
Cem Özdemir,2024-10-21,0.4563832326004625,3,21,1965-12-21,männlich,Grünen,Dipl.-Sozialpädagoge,258.0,Stuttgart I,Direktwahl,oezdemir.de,59
Cem Özdemir,2024-10-28,-1.5011957207922244,6,22,1965-12-21,männlich,Grünen,Dipl.-Sozialpädagoge,258.0,Stuttgart I,Direktwahl,oezdemir.de,59
Cem Özdemir,2024-11-04,-1.16190245492253,6,23,1965-12-21,männlich,Grünen,Dipl.-Sozialpädagoge,258.0,Stuttgart I,Direktwahl,oezdemir.de,59
Cem Özdemir,2024-11-11,-1.3610694907068208,3,24,1965-12-21,männlich,Grünen,Dipl.-Sozialpädagoge,258.0,Stuttgart I,Direktwahl,oezdemir.de,59
Cem Özdemir,2024-11-18,-1.4109544160184737,1,25,1965-12-21,männlich,Grünen,Dipl.-Sozialpädagoge,258.0,Stuttgart I,Direktwahl,oezdemir.de,59
Cem Özdemir,2024-11-25,1.9341785185117972,2,26,1965-12-21,männlich,Grünen,Dipl.-Sozialpädagoge,258.0,Stuttgart I,Direktwahl,oezdemir.de,59
Cem Özdemir,2024-12-02,-2.1699709307317714,4,27,1965-12-21,männlich,Grünen,Dipl.-Sozialpädagoge,258.0,Stuttgart I,Direktwahl,oezdemir.de,59
Cem Özdemir,2024-12-16,1.3584941874381367,3,29,1965-12-21,männlich,Grünen,Dipl.-Sozialpädagoge,258.0,Stuttgart I,Direktwahl,oezdemir.de,59
Cem Özdemir,2024-12-23,5.245274267128436,1,30,1965-12-21,männlich,Grünen,Dipl.-Sozialpädagoge,258.0,Stuttgart I,Direktwahl,oezdemir.de,59
Cem Özdemir,2025-01-06,-3.4635246970809135,6,32,1965-12-21,männlich,Grünen,Dipl.-Sozialpädagoge,258.0,Stuttgart I,Direktwahl,oezdemir.de,60
Cem Özdemir,2025-01-13,-1.9584468085676074,10,33,1965-12-21,männlich,Grünen,Dipl.-Sozialpädagoge,258.0,Stuttgart I,Direktwahl,oezdemir.de,60
Cem Özdemir,2025-01-20,-0.7920571864960951,6,34,1965-12-21,männlich,Grünen,Dipl.-Sozialpädagoge,258.0,Stuttgart I,Direktwahl,oezdemir.de,60
Cem Özdemir,2025-01-27,-2.5826797770964274,9,35,1965-12-21,männlich,Grünen,Dipl.-Sozialpädagoge,258.0,Stuttgart I,Direktwahl,oezdemir.de,60
Cem Özdemir,2025-02-03,-4.147054126450349,2,36,1965-12-21,männlich,Grünen,Dipl.-Sozialpädagoge,258.0,Stuttgart I,Direktwahl,oezdemir.de,60
Cem Özdemir,2025-02-10,-2.8634832288105563,11,37,1965-12-21,männlich,Grünen,Dipl.-Sozialpädagoge,258.0,Stuttgart I,Direktwahl,oezdemir.de,60
Cem Özdemir,2025-02-17,-0.6044888467903095,17,38,1965-12-21,männlich,Grünen,Dipl.-Sozialpädagoge,258.0,Stuttgart I,Direktwahl,oezdemir.de,60
Cem Özdemir,2025-02-24,-0.20896626827211456,17,39,1965-12-21,männlich,Grünen,Dipl.-Sozialpädagoge,258.0,Stuttgart I,Direktwahl,oezdemir.de,60
Cem Özdemir,2025-03-03,-3.076452022833588,13,40,1965-12-21,männlich,Grünen,Dipl.-Sozialpädagoge,258.0,Stuttgart I,Direktwahl,oezdemir.de,60
Cem Özdemir,2025-03-10,-1.8561261262268358,11,41,1965-12-21,männlich,Grünen,Dipl.-Sozialpädagoge,258.0,Stuttgart I,Direktwahl,oezdemir.de,60
Cem Özdemir,2025-03-17,-1.2537074468159242,9,42,1965-12-21,männlich,Grünen,Dipl.-Sozialpädagoge,258.0,Stuttgart I,Direktwahl,oezdemir.de,60
Chantal Kopf,2025-04-28,5.479197046871684,1,48,1995-03-20,weiblich,Grünen,Politikwissenschaftlerin,281.0,Freiburg,Direktwahl,chantalkopf.bsky.social,30
Chantal Kopf,2025-05-05,-5.635854249151282,2,49,1995-03-20,weiblich,Grünen,Politikwissenschaftlerin,281.0,Freiburg,Direktwahl,chantalkopf.bsky.social,30
Chantal Kopf,2025-06-02,-2.89464687712911,6,53,1995-03-20,weiblich,Grünen,Politikwissenschaftlerin,281.0,Freiburg,Direktwahl,chantalkopf.bsky.social,30
Chantal Kopf,2025-06-16,-0.8522413034319174,1,55,1995-03-20,weiblich,Grünen,Politikwissenschaftlerin,281.0,Freiburg,Direktwahl,chantalkopf.bsky.social,30
Chantal Kopf,2025-06-23,-5.889877526580138,1,56,1995-03-20,weiblich,Grünen,Politikwissenschaftlerin,281.0,Freiburg,Direktwahl,chantalkopf.bsky.social,30
Chantal Kopf,2025-06-30,-1.3710454575940294,2,57,1995-03-20,weiblich,Grünen,Politikwissenschaftlerin,281.0,Freiburg,Direktwahl,chantalkopf.bsky.social,30
Chantal Kopf,2025-07-07,-5.929151854653139,1,58,1995-03-20,weiblich,Grünen,Politikwissenschaftlerin,281.0,Freiburg,Direktwahl,chantalkopf.bsky.social,30
Chantal Kopf,2025-07-14,-3.2586077577817156,2,59,1995-03-20,weiblich,Grünen,Politikwissenschaftlerin,281.0,Freiburg,Direktwahl,chantalkopf.bsky.social,30
Christian Görke,2025-05-05,-5.128071854838856,1,49,1962-03-17,männlich,Die LINKE,Lehrer für Sport und Geschichte,64.0,Cottbus – Spree-Neiße,Landesliste,christiangoerke.dielinkebt.de,63
Christian Görke,2025-05-26,-0.18180189543924355,1,52,1962-03-17,männlich,Die LINKE,Lehrer für Sport und Geschichte,64.0,Cottbus – Spree-Neiße,Landesliste,christiangoerke.dielinkebt.de,63
Christian Görke,2025-06-02,-6.217973290532303,1,53,1962-03-17,männlich,Die LINKE,Lehrer für Sport und Geschichte,64.0,Cottbus – Spree-Neiße,Landesliste,christiangoerke.dielinkebt.de,63
Christian Görke,2025-06-30,-2.6345111598426687,1,57,1962-03-17,männlich,Die LINKE,Lehrer für Sport und Geschichte,64.0,Cottbus – Spree-Neiße,Landesliste,christiangoerke.dielinkebt.de,63
Christina-Johanne Schröder,2024-06-03,-1.5167449170055987,6,1,1983-12-06,weiblich,Grünen,Sozialwissenschaftlerin,28.0,Delmenhorst - Wesermarsch - Oldenburg-Land,Landesliste,cjschroeder.de,41
Christina-Johanne Schröder,2024-06-17,-1.8212199867660075,1,3,1983-12-06,weiblich,Grünen,Sozialwissenschaftlerin,28.0,Delmenhorst - Wesermarsch - Oldenburg-Land,Landesliste,cjschroeder.de,41
Christina-Johanne Schröder,2024-07-01,-0.022983353293634056,5,5,1983-12-06,weiblich,Grünen,Sozialwissenschaftlerin,28.0,Delmenhorst - Wesermarsch - Oldenburg-Land,Landesliste,cjschroeder.de,41
Christina-Johanne Schröder,2024-07-15,-0.35083114541646754,4,7,1983-12-06,weiblich,Grünen,Sozialwissenschaftlerin,28.0,Delmenhorst - Wesermarsch - Oldenburg-Land,Landesliste,cjschroeder.de,41
Christina-Johanne Schröder,2024-07-22,0.27810321308718,1,8,1983-12-06,weiblich,Grünen,Sozialwissenschaftlerin,28.0,Delmenhorst - Wesermarsch - Oldenburg-Land,Landesliste,cjschroeder.de,41
Christina-Johanne Schröder,2024-09-02,-0.13560305496771824,10,14,1983-12-06,weiblich,Grünen,Sozialwissenschaftlerin,28.0,Delmenhorst - Wesermarsch - Oldenburg-Land,Landesliste,cjschroeder.de,41
Christina-Johanne Schröder,2024-09-09,0.10845829916635497,2,15,1983-12-06,weiblich,Grünen,Sozialwissenschaftlerin,28.0,Delmenhorst - Wesermarsch - Oldenburg-Land,Landesliste,cjschroeder.de,41
Christina-Johanne Schröder,2024-09-16,-1.617234857535357,3,16,1983-12-06,weiblich,Grünen,Sozialwissenschaftlerin,28.0,Delmenhorst - Wesermarsch - Oldenburg-Land,Landesliste,cjschroeder.de,41
Christina-Johanne Schröder,2024-09-23,0.6203805610931858,3,17,1983-12-06,weiblich,Grünen,Sozialwissenschaftlerin,28.0,Delmenhorst - Wesermarsch - Oldenburg-Land,Landesliste,cjschroeder.de,41
Christina-Johanne Schröder,2024-10-07,-2.3418465521670733,9,19,1983-12-06,weiblich,Grünen,Sozialwissenschaftlerin,28.0,Delmenhorst - Wesermarsch - Oldenburg-Land,Landesliste,cjschroeder.de,41
Christina-Johanne Schröder,2024-10-14,-1.4064185427560967,3,20,1983-12-06,weiblich,Grünen,Sozialwissenschaftlerin,28.0,Delmenhorst - Wesermarsch - Oldenburg-Land,Landesliste,cjschroeder.de,41
Christina-Johanne Schröder,2024-10-21,2.5241787202431634,4,21,1983-12-06,weiblich,Grünen,Sozialwissenschaftlerin,28.0,Delmenhorst - Wesermarsch - Oldenburg-Land,Landesliste,cjschroeder.de,41
Christina-Johanne Schröder,2024-10-28,0.21472533976696498,3,22,1983-12-06,weiblich,Grünen,Sozialwissenschaftlerin,28.0,Delmenhorst - Wesermarsch - Oldenburg-Land,Landesliste,cjschroeder.de,41
Christina-Johanne Schröder,2024-11-04,-0.4440669773429228,7,23,1983-12-06,weiblich,Grünen,Sozialwissenschaftlerin,28.0,Delmenhorst - Wesermarsch - Oldenburg-Land,Landesliste,cjschroeder.de,41
Christina-Johanne Schröder,2024-11-11,1.5799271059274653,3,24,1983-12-06,weiblich,Grünen,Sozialwissenschaftlerin,28.0,Delmenhorst - Wesermarsch - Oldenburg-Land,Landesliste,cjschroeder.de,41
Christina-Johanne Schröder,2024-11-18,-0.9940273269086264,4,25,1983-12-06,weiblich,Grünen,Sozialwissenschaftlerin,28.0,Delmenhorst - Wesermarsch - Oldenburg-Land,Landesliste,cjschroeder.de,41
Christina-Johanne Schröder,2024-11-25,-1.4383444841398458,9,26,1983-12-06,weiblich,Grünen,Sozialwissenschaftlerin,28.0,Delmenhorst - Wesermarsch - Oldenburg-Land,Landesliste,cjschroeder.de,41
Christina-Johanne Schröder,2024-12-02,-0.1977697460934794,10,27,1983-12-06,weiblich,Grünen,Sozialwissenschaftlerin,28.0,Delmenhorst - Wesermarsch - Oldenburg-Land,Landesliste,cjschroeder.de,41
Christina-Johanne Schröder,2024-12-09,-1.1137071330648627,6,28,1983-12-06,weiblich,Grünen,Sozialwissenschaftlerin,28.0,Delmenhorst - Wesermarsch - Oldenburg-Land,Landesliste,cjschroeder.de,41
Christina-Johanne Schröder,2024-12-16,-0.8178949176670801,14,29,1983-12-06,weiblich,Grünen,Sozialwissenschaftlerin,28.0,Delmenhorst - Wesermarsch - Oldenburg-Land,Landesliste,cjschroeder.de,41
Christina-Johanne Schröder,2024-12-30,0.4544526840268216,1,31,1983-12-06,weiblich,Grünen,Sozialwissenschaftlerin,28.0,Delmenhorst - Wesermarsch - Oldenburg-Land,Landesliste,cjschroeder.de,41
Christina-Johanne Schröder,2025-01-06,-0.3936041550394566,8,32,1983-12-06,weiblich,Grünen,Sozialwissenschaftlerin,28.0,Delmenhorst - Wesermarsch - Oldenburg-Land,Landesliste,cjschroeder.de,42
Christina-Johanne Schröder,2025-01-13,-2.5164216191007394,5,33,1983-12-06,weiblich,Grünen,Sozialwissenschaftlerin,28.0,Delmenhorst - Wesermarsch - Oldenburg-Land,Landesliste,cjschroeder.de,42
Christina-Johanne Schröder,2025-01-20,-1.0928175141592051,2,34,1983-12-06,weiblich,Grünen,Sozialwissenschaftlerin,28.0,Delmenhorst - Wesermarsch - Oldenburg-Land,Landesliste,cjschroeder.de,42
Christina-Johanne Schröder,2025-01-27,-2.573538159415248,8,35,1983-12-06,weiblich,Grünen,Sozialwissenschaftlerin,28.0,Delmenhorst - Wesermarsch - Oldenburg-Land,Landesliste,cjschroeder.de,42
Christina-Johanne Schröder,2025-02-03,-2.4827736877832414,13,36,1983-12-06,weiblich,Grünen,Sozialwissenschaftlerin,28.0,Delmenhorst - Wesermarsch - Oldenburg-Land,Landesliste,cjschroeder.de,42
Christina-Johanne Schröder,2025-02-10,-5.076752785327175,5,37,1983-12-06,weiblich,Grünen,Sozialwissenschaftlerin,28.0,Delmenhorst - Wesermarsch - Oldenburg-Land,Landesliste,cjschroeder.de,42
Christina-Johanne Schröder,2025-02-17,-1.262649902788212,3,38,1983-12-06,weiblich,Grünen,Sozialwissenschaftlerin,28.0,Delmenhorst - Wesermarsch - Oldenburg-Land,Landesliste,cjschroeder.de,42
Christina-Johanne Schröder,2025-02-24,-5.556850479470548,1,39,1983-12-06,weiblich,Grünen,Sozialwissenschaftlerin,28.0,Delmenhorst - Wesermarsch - Oldenburg-Land,Landesliste,cjschroeder.de,42
Christina-Johanne Schröder,2025-03-03,-1.9777912935347934,3,40,1983-12-06,weiblich,Grünen,Sozialwissenschaftlerin,28.0,Delmenhorst - Wesermarsch - Oldenburg-Land,Landesliste,cjschroeder.de,42
Christina-Johanne Schröder,2025-03-10,1.2383192316419653,2,41,1983-12-06,weiblich,Grünen,Sozialwissenschaftlerin,28.0,Delmenhorst - Wesermarsch - Oldenburg-Land,Landesliste,cjschroeder.de,42
Christina-Johanne Schröder,2025-03-17,-3.1007585817501084,4,42,1983-12-06,weiblich,Grünen,Sozialwissenschaftlerin,28.0,Delmenhorst - Wesermarsch - Oldenburg-Land,Landesliste,cjschroeder.de,42
Clara Bünger,2025-01-20,-2.807353737965009,3,34,1986-07-04,weiblich,Die LINKE,Volljuristin,164.0,Erzgebirgskreis I,Landesliste,clarabuenger.bsky.social,39
Clara Bünger,2025-01-27,-2.806620024432689,13,35,1986-07-04,weiblich,Die LINKE,Volljuristin,164.0,Erzgebirgskreis I,Landesliste,clarabuenger.bsky.social,39
Clara Bünger,2025-02-03,-3.781844607764555,11,36,1986-07-04,weiblich,Die LINKE,Volljuristin,164.0,Erzgebirgskreis I,Landesliste,clarabuenger.bsky.social,39
Clara Bünger,2025-02-10,-2.905944181638156,16,37,1986-07-04,weiblich,Die LINKE,Volljuristin,164.0,Erzgebirgskreis I,Landesliste,clarabuenger.bsky.social,39
Clara Bünger,2025-02-17,3.1438865856146987,1,38,1986-07-04,weiblich,Die LINKE,Volljuristin,164.0,Erzgebirgskreis I,Landesliste,clarabuenger.bsky.social,39
Clara Bünger,2025-02-24,0.2136605483336158,2,39,1986-07-04,weiblich,Die LINKE,Volljuristin,164.0,Erzgebirgskreis I,Landesliste,clarabuenger.bsky.social,39
Clara Bünger,2025-03-03,-2.2598823715731915,16,40,1986-07-04,weiblich,Die LINKE,Volljuristin,164.0,Erzgebirgskreis I,Landesliste,clarabuenger.bsky.social,39
Clara Bünger,2025-03-10,-2.469837716055218,13,41,1986-07-04,weiblich,Die LINKE,Volljuristin,164.0,Erzgebirgskreis I,Landesliste,clarabuenger.bsky.social,39
Clara Bünger,2025-03-24,-3.601058008406235,17,43,1986-07-04,weiblich,Die LINKE,Volljuristin,159.0,Dresden II – Bautzen II,Landesliste,clarabuenger.bsky.social,39
Clara Bünger,2025-03-31,-3.8512081492055934,8,44,1986-07-04,weiblich,Die LINKE,Volljuristin,159.0,Dresden II – Bautzen II,Landesliste,clarabuenger.bsky.social,39
Clara Bünger,2025-04-07,-2.1067685715971685,9,45,1986-07-04,weiblich,Die LINKE,Volljuristin,159.0,Dresden II – Bautzen II,Landesliste,clarabuenger.bsky.social,39
Clara Bünger,2025-04-28,-3.0704712351712433,3,48,1986-07-04,weiblich,Die LINKE,Volljuristin,159.0,Dresden II – Bautzen II,Landesliste,clarabuenger.bsky.social,39
Clara Bünger,2025-05-26,-3.3218268745256476,2,52,1986-07-04,weiblich,Die LINKE,Volljuristin,159.0,Dresden II – Bautzen II,Landesliste,clarabuenger.bsky.social,39
Clara Bünger,2025-06-02,-3.571903297243004,2,53,1986-07-04,weiblich,Die LINKE,Volljuristin,159.0,Dresden II – Bautzen II,Landesliste,clarabuenger.bsky.social,39
Clara Bünger,2025-06-09,-4.37836926026905,4,54,1986-07-04,weiblich,Die LINKE,Volljuristin,159.0,Dresden II – Bautzen II,Landesliste,clarabuenger.bsky.social,39
Clara Bünger,2025-07-07,-3.71396193385712,10,58,1986-07-04,weiblich,Die LINKE,Volljuristin,159.0,Dresden II – Bautzen II,Landesliste,clarabuenger.bsky.social,39
Claudia Roth,2025-05-05,-4.605500115864471,7,49,1955-05-15,weiblich,Grünen,,251.0,Augsburg-Stadt,Landesliste,claudiaroth.bsky.social,70
Claudia Roth,2025-05-12,0.8977962470066174,4,50,1955-05-15,weiblich,Grünen,,251.0,Augsburg-Stadt,Landesliste,claudiaroth.bsky.social,70
Claudia Roth,2025-05-26,-5.291301039854669,2,52,1955-05-15,weiblich,Grünen,,251.0,Augsburg-Stadt,Landesliste,claudiaroth.bsky.social,70
Claudia Roth,2025-06-16,-3.3787055290587236,4,55,1955-05-15,weiblich,Grünen,,251.0,Augsburg-Stadt,Landesliste,claudiaroth.bsky.social,70
Claudia Roth,2025-07-07,-5.942933844608227,2,58,1955-05-15,weiblich,Grünen,,251.0,Augsburg-Stadt,Landesliste,claudiaroth.bsky.social,70
Corinna Rüffer,2024-06-17,2.3705621130010592,2,3,1975-10-11,weiblich,Grünen,Poltikerin,203.0,Trier,Landesliste,corinna-rueffer.de,49
Corinna Rüffer,2024-06-24,-0.40962849534208984,2,4,1975-10-11,weiblich,Grünen,Poltikerin,203.0,Trier,Landesliste,corinna-rueffer.de,49
Corinna Rüffer,2024-07-22,-3.260663456911929,1,8,1975-10-11,weiblich,Grünen,Poltikerin,203.0,Trier,Landesliste,corinna-rueffer.de,49
Corinna Rüffer,2024-08-26,0.10397084578867793,1,13,1975-10-11,weiblich,Grünen,Poltikerin,203.0,Trier,Landesliste,corinna-rueffer.de,49
Corinna Rüffer,2024-09-09,-0.7695540178456837,1,15,1975-10-11,weiblich,Grünen,Poltikerin,203.0,Trier,Landesliste,corinna-rueffer.de,49
Corinna Rüffer,2024-09-23,2.5729366350884617,3,17,1975-10-11,weiblich,Grünen,Poltikerin,203.0,Trier,Landesliste,corinna-rueffer.de,49
Corinna Rüffer,2024-09-30,-2.118557554024366,1,18,1975-10-11,weiblich,Grünen,Poltikerin,203.0,Trier,Landesliste,corinna-rueffer.de,49
Corinna Rüffer,2024-10-07,-5.999126856728725,1,19,1975-10-11,weiblich,Grünen,Poltikerin,203.0,Trier,Landesliste,corinna-rueffer.de,49
Corinna Rüffer,2024-10-14,-4.3226187415643995,1,20,1975-10-11,weiblich,Grünen,Poltikerin,203.0,Trier,Landesliste,corinna-rueffer.de,49
Corinna Rüffer,2024-11-11,-4.074891760894741,8,24,1975-10-11,weiblich,Grünen,Poltikerin,203.0,Trier,Landesliste,corinna-rueffer.de,49
Corinna Rüffer,2024-11-18,-0.4199740376189854,1,25,1975-10-11,weiblich,Grünen,Poltikerin,203.0,Trier,Landesliste,corinna-rueffer.de,49
Corinna Rüffer,2024-11-25,-2.003072093675844,3,26,1975-10-11,weiblich,Grünen,Poltikerin,203.0,Trier,Landesliste,corinna-rueffer.de,49
Corinna Rüffer,2024-12-02,0.191286442737829,1,27,1975-10-11,weiblich,Grünen,Poltikerin,203.0,Trier,Landesliste,corinna-rueffer.de,49
Corinna Rüffer,2024-12-09,0.25802507144867326,2,28,1975-10-11,weiblich,Grünen,Poltikerin,203.0,Trier,Landesliste,corinna-rueffer.de,49
Corinna Rüffer,2024-12-16,-2.931064432849634,1,29,1975-10-11,weiblich,Grünen,Poltikerin,203.0,Trier,Landesliste,corinna-rueffer.de,49
Corinna Rüffer,2025-01-13,0.2594022801934375,1,33,1975-10-11,weiblich,Grünen,Poltikerin,203.0,Trier,Landesliste,corinna-rueffer.de,50
Corinna Rüffer,2025-01-20,0.07846355186204616,3,34,1975-10-11,weiblich,Grünen,Poltikerin,203.0,Trier,Landesliste,corinna-rueffer.de,50
Corinna Rüffer,2025-01-27,-2.5386713477971727,6,35,1975-10-11,weiblich,Grünen,Poltikerin,203.0,Trier,Landesliste,corinna-rueffer.de,50
Corinna Rüffer,2025-02-03,-0.7009942212005437,1,36,1975-10-11,weiblich,Grünen,Poltikerin,203.0,Trier,Landesliste,corinna-rueffer.de,50
Corinna Rüffer,2025-02-10,-5.106423606557152,2,37,1975-10-11,weiblich,Grünen,Poltikerin,203.0,Trier,Landesliste,corinna-rueffer.de,50
Corinna Rüffer,2025-02-24,-2.332033067720938,8,39,1975-10-11,weiblich,Grünen,Poltikerin,203.0,Trier,Landesliste,corinna-rueffer.de,50
Corinna Rüffer,2025-03-03,-2.3301297136772754,7,40,1975-10-11,weiblich,Grünen,Poltikerin,203.0,Trier,Landesliste,corinna-rueffer.de,50
Corinna Rüffer,2025-03-10,-3.9154828223871188,4,41,1975-10-11,weiblich,Grünen,Poltikerin,203.0,Trier,Landesliste,corinna-rueffer.de,50
Corinna Rüffer,2025-03-24,0.2772850229048668,3,43,1975-10-11,weiblich,Grünen,Poltikerin,202.0,Trier,Landesliste,corinna-rueffer.de,50
Corinna Rüffer,2025-03-31,-1.770874984305901,3,44,1975-10-11,weiblich,Grünen,Poltikerin,202.0,Trier,Landesliste,corinna-rueffer.de,50
Corinna Rüffer,2025-04-07,-2.0363198428752396,5,45,1975-10-11,weiblich,Grünen,Poltikerin,202.0,Trier,Landesliste,corinna-rueffer.de,50
Corinna Rüffer,2025-04-14,1.5523160975735362,1,46,1975-10-11,weiblich,Grünen,Poltikerin,202.0,Trier,Landesliste,corinna-rueffer.de,50
Corinna Rüffer,2025-04-21,0.21330065335855466,2,47,1975-10-11,weiblich,Grünen,Poltikerin,202.0,Trier,Landesliste,corinna-rueffer.de,50
Corinna Rüffer,2025-04-28,-0.6010854051662647,2,48,1975-10-11,weiblich,Grünen,Poltikerin,202.0,Trier,Landesliste,corinna-rueffer.de,50
Corinna Rüffer,2025-05-05,-1.7687975477841549,11,49,1975-10-11,weiblich,Grünen,Poltikerin,202.0,Trier,Landesliste,corinna-rueffer.de,50
Corinna Rüffer,2025-05-19,-1.5574452255432005,6,51,1975-10-11,weiblich,Grünen,Poltikerin,202.0,Trier,Landesliste,corinna-rueffer.de,50
Corinna Rüffer,2025-06-02,-1.3129276256664464,5,53,1975-10-11,weiblich,Grünen,Poltikerin,202.0,Trier,Landesliste,corinna-rueffer.de,50
Corinna Rüffer,2025-06-16,-1.809862613091595,3,55,1975-10-11,weiblich,Grünen,Poltikerin,202.0,Trier,Landesliste,corinna-rueffer.de,50
Corinna Rüffer,2025-06-23,-0.47881058651348035,1,56,1975-10-11,weiblich,Grünen,Poltikerin,202.0,Trier,Landesliste,corinna-rueffer.de,50
Corinna Rüffer,2025-07-07,-2.6819231902631486,9,58,1975-10-11,weiblich,Grünen,Poltikerin,202.0,Trier,Landesliste,corinna-rueffer.de,50
Corinna Rüffer,2025-07-14,-1.496966329526729,2,59,1975-10-11,weiblich,Grünen,Poltikerin,202.0,Trier,Landesliste,corinna-rueffer.de,50
Corinna Rüffer,2025-07-21,-2.0814866484772425,5,60,1975-10-11,weiblich,Grünen,Poltikerin,202.0,Trier,Landesliste,corinna-rueffer.de,50
Daniel Baldy,2024-12-02,0.7035668033591195,1,27,1994-09-25,männlich,SPD,Lehrer,205.0,Mainz,Direktwahl,daniel-baldy.bsky.social,30
Deborah Düring,2024-10-21,-2.473028170154722,1,21,1994-07-18,weiblich,Grünen,,182.0,Frankfurt am Main I,Landesliste,deborah-duering.de,30
Deborah Düring,2024-12-09,-0.5680537151864821,1,28,1994-07-18,weiblich,Grünen,,182.0,Frankfurt am Main I,Landesliste,deborah-duering.de,30
Deborah Düring,2025-01-06,-0.8006657425429925,5,32,1994-07-18,weiblich,Grünen,,182.0,Frankfurt am Main I,Landesliste,deborah-duering.de,31
Deborah Düring,2025-01-13,3.013708319185065,1,33,1994-07-18,weiblich,Grünen,,182.0,Frankfurt am Main I,Landesliste,deborah-duering.de,31
Deborah Düring,2025-01-20,-4.107483088093608,3,34,1994-07-18,weiblich,Grünen,,182.0,Frankfurt am Main I,Landesliste,deborah-duering.de,31
Deborah Düring,2025-01-27,-3.7468287293661593,4,35,1994-07-18,weiblich,Grünen,,182.0,Frankfurt am Main I,Landesliste,deborah-duering.de,31
Deborah Düring,2025-02-17,-2.2064279402042306,1,38,1994-07-18,weiblich,Grünen,,182.0,Frankfurt am Main I,Landesliste,deborah-duering.de,31
Deborah Düring,2025-02-24,-2.3870820561955406,3,39,1994-07-18,weiblich,Grünen,,182.0,Frankfurt am Main I,Landesliste,deborah-duering.de,31
Deborah Düring,2025-03-03,-1.284563834019955,4,40,1994-07-18,weiblich,Grünen,,182.0,Frankfurt am Main I,Landesliste,deborah-duering.de,31
Deborah Düring,2025-03-10,-2.7737235236980973,3,41,1994-07-18,weiblich,Grünen,,182.0,Frankfurt am Main I,Landesliste,deborah-duering.de,31
Deborah Düring,2025-03-17,-6.245550895033559,3,42,1994-07-18,weiblich,Grünen,,182.0,Frankfurt am Main I,Landesliste,deborah-duering.de,31
Deborah Düring,2025-03-24,-3.7801672161534423,2,43,1994-07-18,weiblich,Grünen,,181.0,Frankfurt am Main I,Landesliste,deborah-duering.de,31
Deborah Düring,2025-03-31,-1.9572578782965964,4,44,1994-07-18,weiblich,Grünen,,181.0,Frankfurt am Main I,Landesliste,deborah-duering.de,31
Deborah Düring,2025-04-07,-2.214343940200464,13,45,1994-07-18,weiblich,Grünen,,181.0,Frankfurt am Main I,Landesliste,deborah-duering.de,31
Deborah Düring,2025-04-28,1.8397392890923407,3,48,1994-07-18,weiblich,Grünen,,181.0,Frankfurt am Main I,Landesliste,deborah-duering.de,31
Deborah Düring,2025-05-05,-6.484601820180963,1,49,1994-07-18,weiblich,Grünen,,181.0,Frankfurt am Main I,Landesliste,deborah-duering.de,31
Deborah Düring,2025-05-12,-2.3369802133413,10,50,1994-07-18,weiblich,Grünen,,181.0,Frankfurt am Main I,Landesliste,deborah-duering.de,31
Deborah Düring,2025-05-19,-1.4816642657247412,8,51,1994-07-18,weiblich,Grünen,,181.0,Frankfurt am Main I,Landesliste,deborah-duering.de,31
Deborah Düring,2025-05-26,-0.3641847922072152,3,52,1994-07-18,weiblich,Grünen,,181.0,Frankfurt am Main I,Landesliste,deborah-duering.de,31
Deborah Düring,2025-06-02,-2.435696024737221,3,53,1994-07-18,weiblich,Grünen,,181.0,Frankfurt am Main I,Landesliste,deborah-duering.de,31
Deborah Düring,2025-06-09,-3.4518771145898235,3,54,1994-07-18,weiblich,Grünen,,181.0,Frankfurt am Main I,Landesliste,deborah-duering.de,31
Deborah Düring,2025-06-16,-5.339176513501901,1,55,1994-07-18,weiblich,Grünen,,181.0,Frankfurt am Main I,Landesliste,deborah-duering.de,31
Deborah Düring,2025-07-07,-4.845240232888722,5,58,1994-07-18,weiblich,Grünen,,181.0,Frankfurt am Main I,Landesliste,deborah-duering.de,31
Deborah Düring,2025-07-14,-0.3056266257447161,1,59,1994-07-18,weiblich,Grünen,,181.0,Frankfurt am Main I,Landesliste,deborah-duering.de,31
Deborah Düring,2025-07-21,3.0068180558764683,1,60,1994-07-18,weiblich,Grünen,,181.0,Frankfurt am Main I,Landesliste,deborah-duering.de,31
Dirk Heidenblut,2025-03-03,-3.1368364900541446,1,40,1961-04-21,männlich,SPD,Geschäftsführer,119.0,Essen II,Direktwahl,dhmdb.bsky.social,64
Dirk Heidenblut,2025-03-10,0.030540280037997764,6,41,1961-04-21,männlich,SPD,Geschäftsführer,119.0,Essen II,Direktwahl,dhmdb.bsky.social,64
Dirk Heidenblut,2025-03-17,0.5333509537930184,8,42,1961-04-21,männlich,SPD,Geschäftsführer,119.0,Essen II,Direktwahl,dhmdb.bsky.social,64
Donata Vogtschmidt,2025-03-24,0.9014615990988585,8,43,1998-02-24,weiblich,Die LINKE,Staatswissenschaftlerin,188.0,Eichsfeld – Nordhausen – Kyffhäuserkreis,Landesliste,donatavogtschmidt.bsky.social,27
Donata Vogtschmidt,2025-04-14,-2.27880075922172,11,46,1998-02-24,weiblich,Die LINKE,Staatswissenschaftlerin,188.0,Eichsfeld – Nordhausen – Kyffhäuserkreis,Landesliste,donatavogtschmidt.bsky.social,27
Donata Vogtschmidt,2025-04-28,-0.3562411652501712,1,48,1998-02-24,weiblich,Die LINKE,Staatswissenschaftlerin,188.0,Eichsfeld – Nordhausen – Kyffhäuserkreis,Landesliste,donatavogtschmidt.bsky.social,27
Donata Vogtschmidt,2025-05-05,-2.3648117238638675,8,49,1998-02-24,weiblich,Die LINKE,Staatswissenschaftlerin,188.0,Eichsfeld – Nordhausen – Kyffhäuserkreis,Landesliste,donatavogtschmidt.bsky.social,27
Donata Vogtschmidt,2025-05-19,-0.288538449013505,1,51,1998-02-24,weiblich,Die LINKE,Staatswissenschaftlerin,188.0,Eichsfeld – Nordhausen – Kyffhäuserkreis,Landesliste,donatavogtschmidt.bsky.social,27
Donata Vogtschmidt,2025-05-26,3.6453519675258423,1,52,1998-02-24,weiblich,Die LINKE,Staatswissenschaftlerin,188.0,Eichsfeld – Nordhausen – Kyffhäuserkreis,Landesliste,donatavogtschmidt.bsky.social,27
Donata Vogtschmidt,2025-06-23,-4.566575729537273,4,56,1998-02-24,weiblich,Die LINKE,Staatswissenschaftlerin,188.0,Eichsfeld – Nordhausen – Kyffhäuserkreis,Landesliste,donatavogtschmidt.bsky.social,27
Doris Achelwilm,2025-04-21,-3.0469406208756458,3,47,1976-11-30,weiblich,Die LINKE,Sprachwissenschaftlerin (M.A.),54.0,Bremen I,Landesliste,dorisachelwilm.bsky.social,49
Doris Achelwilm,2025-04-28,3.190526713961396,1,48,1976-11-30,weiblich,Die LINKE,Sprachwissenschaftlerin (M.A.),54.0,Bremen I,Landesliste,dorisachelwilm.bsky.social,49
Dr. Alaa Alhamwi,2025-03-24,-0.854940164838109,13,43,1984-04-17,männlich,Grünen,Energieforscher,27.0,Oldenburg – Ammerland,Landesliste,alaa-alhamwi.bsky.social,41
Dr. Alaa Alhamwi,2025-04-07,-3.19088915837499,6,45,1984-04-17,männlich,Grünen,Energieforscher,27.0,Oldenburg – Ammerland,Landesliste,alaa-alhamwi.bsky.social,41
Dr. Alaa Alhamwi,2025-04-14,5.56211839362027,1,46,1984-04-17,männlich,Grünen,Energieforscher,27.0,Oldenburg – Ammerland,Landesliste,alaa-alhamwi.bsky.social,41
Dr. Alaa Alhamwi,2025-04-21,-2.5112517617678543,6,47,1984-04-17,männlich,Grünen,Energieforscher,27.0,Oldenburg – Ammerland,Landesliste,alaa-alhamwi.bsky.social,41
Dr. Alaa Alhamwi,2025-04-28,-1.1706467970344052,8,48,1984-04-17,männlich,Grünen,Energieforscher,27.0,Oldenburg – Ammerland,Landesliste,alaa-alhamwi.bsky.social,41
Dr. Alaa Alhamwi,2025-05-05,-4.39647187751624,4,49,1984-04-17,männlich,Grünen,Energieforscher,27.0,Oldenburg – Ammerland,Landesliste,alaa-alhamwi.bsky.social,41
Dr. Alaa Alhamwi,2025-05-12,-1.902127763837591,4,50,1984-04-17,männlich,Grünen,Energieforscher,27.0,Oldenburg – Ammerland,Landesliste,alaa-alhamwi.bsky.social,41
Dr. Alaa Alhamwi,2025-05-19,-1.6475451322734644,9,51,1984-04-17,männlich,Grünen,Energieforscher,27.0,Oldenburg – Ammerland,Landesliste,alaa-alhamwi.bsky.social,41
Dr. Alaa Alhamwi,2025-05-26,-5.924360888364985,1,52,1984-04-17,männlich,Grünen,Energieforscher,27.0,Oldenburg – Ammerland,Landesliste,alaa-alhamwi.bsky.social,41
Dr. Alaa Alhamwi,2025-06-02,-0.030548877949491113,2,53,1984-04-17,männlich,Grünen,Energieforscher,27.0,Oldenburg – Ammerland,Landesliste,alaa-alhamwi.bsky.social,41
Dr. Alaa Alhamwi,2025-06-09,-2.4767807405743003,1,54,1984-04-17,männlich,Grünen,Energieforscher,27.0,Oldenburg – Ammerland,Landesliste,alaa-alhamwi.bsky.social,41
Dr. Alaa Alhamwi,2025-06-16,-0.8381684043651584,3,55,1984-04-17,männlich,Grünen,Energieforscher,27.0,Oldenburg – Ammerland,Landesliste,alaa-alhamwi.bsky.social,41
Dr. Alaa Alhamwi,2025-06-23,4.377272134675726,1,56,1984-04-17,männlich,Grünen,Energieforscher,27.0,Oldenburg – Ammerland,Landesliste,alaa-alhamwi.bsky.social,41
Dr. Alaa Alhamwi,2025-06-30,-5.161054435917514,2,57,1984-04-17,männlich,Grünen,Energieforscher,27.0,Oldenburg – Ammerland,Landesliste,alaa-alhamwi.bsky.social,41
Dr. André Hahn,2024-06-03,-3.828213570350272,1,1,1963-04-20,männlich,Die LINKE,Lehrer,158.0,Sächsische Schweiz-Osterzgebirge,Landesliste,andrehahn.bsky.social,61
Dr. André Hahn,2024-07-22,5.343985251853003,1,8,1963-04-20,männlich,Die LINKE,Lehrer,158.0,Sächsische Schweiz-Osterzgebirge,Landesliste,andrehahn.bsky.social,61
Dr. André Hahn,2024-09-02,-6.110269687057893,1,14,1963-04-20,männlich,Die LINKE,Lehrer,158.0,Sächsische Schweiz-Osterzgebirge,Landesliste,andrehahn.bsky.social,61
Dr. André Hahn,2024-09-09,-4.414774009994326,1,15,1963-04-20,männlich,Die LINKE,Lehrer,158.0,Sächsische Schweiz-Osterzgebirge,Landesliste,andrehahn.bsky.social,61
Dr. André Hahn,2024-11-04,1.4754366397786096,1,23,1963-04-20,männlich,Die LINKE,Lehrer,158.0,Sächsische Schweiz-Osterzgebirge,Landesliste,andrehahn.bsky.social,61
Dr. André Hahn,2024-12-09,-0.1275691692776009,2,28,1963-04-20,männlich,Die LINKE,Lehrer,158.0,Sächsische Schweiz-Osterzgebirge,Landesliste,andrehahn.bsky.social,61
Dr. Anna Christmann,2025-01-06,0.2697162698839873,3,32,1983-09-24,weiblich,Grünen,Politikwissenschaftlerin,259.0,Stuttgart II,Landesliste,annachristmann.de‬,42
Dr. Anna Christmann,2025-01-13,1.1367626085456055,5,33,1983-09-24,weiblich,Grünen,Politikwissenschaftlerin,259.0,Stuttgart II,Landesliste,annachristmann.de‬,42
Dr. Anna Christmann,2025-01-20,-5.4716711263301745,1,34,1983-09-24,weiblich,Grünen,Politikwissenschaftlerin,259.0,Stuttgart II,Landesliste,annachristmann.de‬,42
Dr. Anna Christmann,2025-01-27,-6.357710470399312,1,35,1983-09-24,weiblich,Grünen,Politikwissenschaftlerin,259.0,Stuttgart II,Landesliste,annachristmann.de‬,42
Dr. Anna Christmann,2025-02-17,0.5992133919420739,2,38,1983-09-24,weiblich,Grünen,Politikwissenschaftlerin,259.0,Stuttgart II,Landesliste,annachristmann.de‬,42
Dr. Anna Lührmann,2024-06-03,0.2852420225796122,5,1,1983-06-14,weiblich,Grünen,Politikwissenschaftlerin,187.0,Odenwald,Landesliste,annaluehrmann.bsky.social‬,41
Dr. Anna Lührmann,2024-06-10,0.7482931136197949,1,2,1983-06-14,weiblich,Grünen,Politikwissenschaftlerin,187.0,Odenwald,Landesliste,annaluehrmann.bsky.social‬,41
Dr. Anna Lührmann,2024-06-17,3.78533779563464,2,3,1983-06-14,weiblich,Grünen,Politikwissenschaftlerin,187.0,Odenwald,Landesliste,annaluehrmann.bsky.social‬,41
Dr. Anna Lührmann,2024-06-24,-1.8163783391674473,3,4,1983-06-14,weiblich,Grünen,Politikwissenschaftlerin,187.0,Odenwald,Landesliste,annaluehrmann.bsky.social‬,41
Dr. Anna Lührmann,2024-07-01,1.3929254603239156,3,5,1983-06-14,weiblich,Grünen,Politikwissenschaftlerin,187.0,Odenwald,Landesliste,annaluehrmann.bsky.social‬,41
Dr. Anna Lührmann,2024-07-08,3.9615284631482366,1,6,1983-06-14,weiblich,Grünen,Politikwissenschaftlerin,187.0,Odenwald,Landesliste,annaluehrmann.bsky.social‬,41
Dr. Anna Lührmann,2024-08-19,-1.3564927799223834,1,12,1983-06-14,weiblich,Grünen,Politikwissenschaftlerin,187.0,Odenwald,Landesliste,annaluehrmann.bsky.social‬,41
Dr. Anna Lührmann,2024-10-21,-1.3957835285180722,1,21,1983-06-14,weiblich,Grünen,Politikwissenschaftlerin,187.0,Odenwald,Landesliste,annaluehrmann.bsky.social‬,41
Dr. Anna Lührmann,2024-11-11,0.7616746294720951,1,24,1983-06-14,weiblich,Grünen,Politikwissenschaftlerin,187.0,Odenwald,Landesliste,annaluehrmann.bsky.social‬,41
Dr. Anna Lührmann,2024-11-25,3.796722830831223,2,26,1983-06-14,weiblich,Grünen,Politikwissenschaftlerin,187.0,Odenwald,Landesliste,annaluehrmann.bsky.social‬,41
Dr. Anna Lührmann,2024-12-02,3.4619307107891015,4,27,1983-06-14,weiblich,Grünen,Politikwissenschaftlerin,187.0,Odenwald,Landesliste,annaluehrmann.bsky.social‬,41
Dr. Anna Lührmann,2024-12-09,0.3497077333240086,4,28,1983-06-14,weiblich,Grünen,Politikwissenschaftlerin,187.0,Odenwald,Landesliste,annaluehrmann.bsky.social‬,41
Dr. Anna Lührmann,2024-12-16,-0.16211770067651457,9,29,1983-06-14,weiblich,Grünen,Politikwissenschaftlerin,187.0,Odenwald,Landesliste,annaluehrmann.bsky.social‬,41
Dr. Anna Lührmann,2024-12-30,-3.2657222263034074,2,31,1983-06-14,weiblich,Grünen,Politikwissenschaftlerin,187.0,Odenwald,Landesliste,annaluehrmann.bsky.social‬,41
Dr. Anna Lührmann,2025-01-06,0.2400121833173532,4,32,1983-06-14,weiblich,Grünen,Politikwissenschaftlerin,187.0,Odenwald,Landesliste,annaluehrmann.bsky.social‬,42
Dr. Anna Lührmann,2025-01-13,-0.3518107276068845,1,33,1983-06-14,weiblich,Grünen,Politikwissenschaftlerin,187.0,Odenwald,Landesliste,annaluehrmann.bsky.social‬,42
Dr. Anna Lührmann,2025-01-20,2.398344930541943,2,34,1983-06-14,weiblich,Grünen,Politikwissenschaftlerin,187.0,Odenwald,Landesliste,annaluehrmann.bsky.social‬,42
Dr. Anna Lührmann,2025-01-27,0.3085521537808812,8,35,1983-06-14,weiblich,Grünen,Politikwissenschaftlerin,187.0,Odenwald,Landesliste,annaluehrmann.bsky.social‬,42
Dr. Anna Lührmann,2025-02-03,0.7775216957851905,3,36,1983-06-14,weiblich,Grünen,Politikwissenschaftlerin,187.0,Odenwald,Landesliste,annaluehrmann.bsky.social‬,42
Dr. Anna Lührmann,2025-02-10,-2.669581253061432,3,37,1983-06-14,weiblich,Grünen,Politikwissenschaftlerin,187.0,Odenwald,Landesliste,annaluehrmann.bsky.social‬,42
Dr. Anna Lührmann,2025-02-17,-1.452556731680195,3,38,1983-06-14,weiblich,Grünen,Politikwissenschaftlerin,187.0,Odenwald,Landesliste,annaluehrmann.bsky.social‬,42
Dr. Anna Lührmann,2025-03-10,-0.9425671164694566,1,41,1983-06-14,weiblich,Grünen,Politikwissenschaftlerin,187.0,Odenwald,Landesliste,annaluehrmann.bsky.social‬,42
Dr. Anna Lührmann,2025-03-17,-0.7555824566837434,2,42,1983-06-14,weiblich,Grünen,Politikwissenschaftlerin,187.0,Odenwald,Landesliste,annaluehrmann.bsky.social‬,42
Dr. Anna Lührmann,2025-05-05,0.07981899163325042,6,49,1983-06-14,weiblich,Grünen,Politikwissenschaftlerin,180.0,Main-Taunus,Landesliste,annaluehrmann.bsky.social‬,42
Dr. Anna Lührmann,2025-05-12,-4.291584098360387,2,50,1983-06-14,weiblich,Grünen,Politikwissenschaftlerin,180.0,Main-Taunus,Landesliste,annaluehrmann.bsky.social‬,42
Dr. Anna Lührmann,2025-05-19,-5.182158424023027,1,51,1983-06-14,weiblich,Grünen,Politikwissenschaftlerin,180.0,Main-Taunus,Landesliste,annaluehrmann.bsky.social‬,42
Dr. Anna Lührmann,2025-05-26,-2.8889586075862024,4,52,1983-06-14,weiblich,Grünen,Politikwissenschaftlerin,180.0,Main-Taunus,Landesliste,annaluehrmann.bsky.social‬,42
Dr. Anna Lührmann,2025-06-02,-3.3521286962057264,1,53,1983-06-14,weiblich,Grünen,Politikwissenschaftlerin,180.0,Main-Taunus,Landesliste,annaluehrmann.bsky.social‬,42
Dr. Anna Lührmann,2025-06-09,0.29629465606605376,1,54,1983-06-14,weiblich,Grünen,Politikwissenschaftlerin,180.0,Main-Taunus,Landesliste,annaluehrmann.bsky.social‬,42
Dr. Anna Lührmann,2025-06-16,-3.5597696663338296,1,55,1983-06-14,weiblich,Grünen,Politikwissenschaftlerin,180.0,Main-Taunus,Landesliste,annaluehrmann.bsky.social‬,42
Dr. Anna Lührmann,2025-06-23,-0.7663138340082555,8,56,1983-06-14,weiblich,Grünen,Politikwissenschaftlerin,180.0,Main-Taunus,Landesliste,annaluehrmann.bsky.social‬,42
Dr. Anna Lührmann,2025-06-30,-4.248347698712276,1,57,1983-06-14,weiblich,Grünen,Politikwissenschaftlerin,180.0,Main-Taunus,Landesliste,annaluehrmann.bsky.social‬,42
Dr. Anna Lührmann,2025-07-07,-3.2515651381463355,5,58,1983-06-14,weiblich,Grünen,Politikwissenschaftlerin,180.0,Main-Taunus,Landesliste,annaluehrmann.bsky.social‬,42
Dr. Bettina Hoffmann,2024-06-17,1.928266226299543,5,3,1960-01-18,weiblich,Grünen,Dipl.-Biologin,170.0,Schwalm-Eder,Landesliste,bhoffmann.bsky.social,64
Dr. Bettina Hoffmann,2024-07-01,1.08498533490331,3,5,1960-01-18,weiblich,Grünen,Dipl.-Biologin,170.0,Schwalm-Eder,Landesliste,bhoffmann.bsky.social,64
Dr. Bettina Hoffmann,2024-07-08,-0.2162962521490017,1,6,1960-01-18,weiblich,Grünen,Dipl.-Biologin,170.0,Schwalm-Eder,Landesliste,bhoffmann.bsky.social,64
Dr. Bettina Hoffmann,2024-07-29,-3.010705800848214,2,9,1960-01-18,weiblich,Grünen,Dipl.-Biologin,170.0,Schwalm-Eder,Landesliste,bhoffmann.bsky.social,64
Dr. Bettina Hoffmann,2024-08-05,2.358387669937281,2,10,1960-01-18,weiblich,Grünen,Dipl.-Biologin,170.0,Schwalm-Eder,Landesliste,bhoffmann.bsky.social,64
Dr. Bettina Hoffmann,2024-08-12,0.600586912629338,1,11,1960-01-18,weiblich,Grünen,Dipl.-Biologin,170.0,Schwalm-Eder,Landesliste,bhoffmann.bsky.social,64
Dr. Bettina Hoffmann,2024-08-19,-1.454283182607425,1,12,1960-01-18,weiblich,Grünen,Dipl.-Biologin,170.0,Schwalm-Eder,Landesliste,bhoffmann.bsky.social,64
Dr. Bettina Hoffmann,2024-09-02,0.82535744871556,2,14,1960-01-18,weiblich,Grünen,Dipl.-Biologin,170.0,Schwalm-Eder,Landesliste,bhoffmann.bsky.social,64
Dr. Bettina Hoffmann,2024-09-16,-0.21787399045416378,1,16,1960-01-18,weiblich,Grünen,Dipl.-Biologin,170.0,Schwalm-Eder,Landesliste,bhoffmann.bsky.social,64
Dr. Bettina Hoffmann,2024-09-23,-0.41777557244179236,1,17,1960-01-18,weiblich,Grünen,Dipl.-Biologin,170.0,Schwalm-Eder,Landesliste,bhoffmann.bsky.social,64
Dr. Bettina Hoffmann,2024-10-07,-4.40940078151699,1,19,1960-01-18,weiblich,Grünen,Dipl.-Biologin,170.0,Schwalm-Eder,Landesliste,bhoffmann.bsky.social,64
Dr. Bettina Hoffmann,2024-10-14,-0.15230617316134515,5,20,1960-01-18,weiblich,Grünen,Dipl.-Biologin,170.0,Schwalm-Eder,Landesliste,bhoffmann.bsky.social,64
Dr. Bettina Hoffmann,2024-10-28,-2.7026628347249857,2,22,1960-01-18,weiblich,Grünen,Dipl.-Biologin,170.0,Schwalm-Eder,Landesliste,bhoffmann.bsky.social,64
Dr. Bettina Hoffmann,2024-11-04,-0.025836651528842236,2,23,1960-01-18,weiblich,Grünen,Dipl.-Biologin,170.0,Schwalm-Eder,Landesliste,bhoffmann.bsky.social,64
Dr. Bettina Hoffmann,2024-11-11,1.9391400534429908,3,24,1960-01-18,weiblich,Grünen,Dipl.-Biologin,170.0,Schwalm-Eder,Landesliste,bhoffmann.bsky.social,64
Dr. Bettina Hoffmann,2024-11-25,1.9374026606433545,2,26,1960-01-18,weiblich,Grünen,Dipl.-Biologin,170.0,Schwalm-Eder,Landesliste,bhoffmann.bsky.social,64
Dr. Bettina Hoffmann,2024-12-02,-0.055325268767053494,3,27,1960-01-18,weiblich,Grünen,Dipl.-Biologin,170.0,Schwalm-Eder,Landesliste,bhoffmann.bsky.social,64
Dr. Bettina Hoffmann,2024-12-09,-0.6810187022458175,2,28,1960-01-18,weiblich,Grünen,Dipl.-Biologin,170.0,Schwalm-Eder,Landesliste,bhoffmann.bsky.social,64
Dr. Bettina Hoffmann,2024-12-16,0.2756929420401474,1,29,1960-01-18,weiblich,Grünen,Dipl.-Biologin,170.0,Schwalm-Eder,Landesliste,bhoffmann.bsky.social,64
Dr. Bettina Hoffmann,2024-12-23,5.137580120180704,1,30,1960-01-18,weiblich,Grünen,Dipl.-Biologin,170.0,Schwalm-Eder,Landesliste,bhoffmann.bsky.social,64
Dr. Bettina Hoffmann,2025-01-06,0.4490847339628559,1,32,1960-01-18,weiblich,Grünen,Dipl.-Biologin,170.0,Schwalm-Eder,Landesliste,bhoffmann.bsky.social,65
Dr. Bettina Hoffmann,2025-01-13,-1.3054894802110886,1,33,1960-01-18,weiblich,Grünen,Dipl.-Biologin,170.0,Schwalm-Eder,Landesliste,bhoffmann.bsky.social,65
Dr. Bettina Hoffmann,2025-01-20,0.12857752216603582,1,34,1960-01-18,weiblich,Grünen,Dipl.-Biologin,170.0,Schwalm-Eder,Landesliste,bhoffmann.bsky.social,65
Dr. Bettina Hoffmann,2025-01-27,-2.5702476405291836,2,35,1960-01-18,weiblich,Grünen,Dipl.-Biologin,170.0,Schwalm-Eder,Landesliste,bhoffmann.bsky.social,65
Dr. Bettina Hoffmann,2025-02-10,-1.6711313929690574,2,37,1960-01-18,weiblich,Grünen,Dipl.-Biologin,170.0,Schwalm-Eder,Landesliste,bhoffmann.bsky.social,65
Dr. Bettina Hoffmann,2025-02-17,-1.7100653369625913,5,38,1960-01-18,weiblich,Grünen,Dipl.-Biologin,170.0,Schwalm-Eder,Landesliste,bhoffmann.bsky.social,65
Dr. Bettina Hoffmann,2025-03-10,0.8641925539647801,1,41,1960-01-18,weiblich,Grünen,Dipl.-Biologin,170.0,Schwalm-Eder,Landesliste,bhoffmann.bsky.social,65
Dr. Dietmar Bartsch,2024-08-19,-6.000623111582289,1,12,1958-03-31,männlich,Die LINKE,Wirtschaftswissenschaftler,14.0,Rostock - Landkreis Rostock II,Landesliste,dietmarbartsch.bsky.social‬,66
Dr. Dietmar Bartsch,2024-11-18,0.08931049176052304,1,25,1958-03-31,männlich,Die LINKE,Wirtschaftswissenschaftler,14.0,Rostock - Landkreis Rostock II,Landesliste,dietmarbartsch.bsky.social‬,66
Dr. Dietmar Bartsch,2024-12-02,-2.294055514758333,1,27,1958-03-31,männlich,Die LINKE,Wirtschaftswissenschaftler,14.0,Rostock - Landkreis Rostock II,Landesliste,dietmarbartsch.bsky.social‬,66
Dr. Dietmar Bartsch,2025-01-27,3.207467368809708,3,35,1958-03-31,männlich,Die LINKE,Wirtschaftswissenschaftler,14.0,Rostock - Landkreis Rostock II,Landesliste,dietmarbartsch.bsky.social‬,67
Dr. Dietmar Bartsch,2025-02-03,-3.796229427714155,4,36,1958-03-31,männlich,Die LINKE,Wirtschaftswissenschaftler,14.0,Rostock - Landkreis Rostock II,Landesliste,dietmarbartsch.bsky.social‬,67
Dr. Dietmar Bartsch,2025-02-17,5.2834403827037715,1,38,1958-03-31,männlich,Die LINKE,Wirtschaftswissenschaftler,14.0,Rostock - Landkreis Rostock II,Landesliste,dietmarbartsch.bsky.social‬,67
Dr. Dietmar Bartsch,2025-02-24,-1.4666292395795126,2,39,1958-03-31,männlich,Die LINKE,Wirtschaftswissenschaftler,14.0,Rostock - Landkreis Rostock II,Landesliste,dietmarbartsch.bsky.social‬,67
Dr. Dietmar Bartsch,2025-03-10,-6.009477228728021,1,41,1958-03-31,männlich,Die LINKE,Wirtschaftswissenschaftler,14.0,Rostock - Landkreis Rostock II,Landesliste,dietmarbartsch.bsky.social‬,67
Dr. Dietmar Bartsch,2025-03-17,-0.2069468650290932,1,42,1958-03-31,männlich,Die LINKE,Wirtschaftswissenschaftler,14.0,Rostock - Landkreis Rostock II,Landesliste,dietmarbartsch.bsky.social‬,67
Dr. Dietmar Bartsch,2025-04-28,-3.3736151619821966,5,48,1958-03-31,männlich,Die LINKE,Wirtschaftswissenschaftler,14.0,Rostock – Landkreis Rostock II,Landesliste,dietmarbartsch.bsky.social‬,67
Dr. Dietmar Bartsch,2025-05-05,3.3987372523917054,2,49,1958-03-31,männlich,Die LINKE,Wirtschaftswissenschaftler,14.0,Rostock – Landkreis Rostock II,Landesliste,dietmarbartsch.bsky.social‬,67
Dr. Dietmar Bartsch,2025-05-12,-4.458868339082142,3,50,1958-03-31,männlich,Die LINKE,Wirtschaftswissenschaftler,14.0,Rostock – Landkreis Rostock II,Landesliste,dietmarbartsch.bsky.social‬,67
Dr. Dietmar Bartsch,2025-05-19,-0.11356361295558068,1,51,1958-03-31,männlich,Die LINKE,Wirtschaftswissenschaftler,14.0,Rostock – Landkreis Rostock II,Landesliste,dietmarbartsch.bsky.social‬,67
Dr. Dietmar Bartsch,2025-05-26,0.59586786348321,2,52,1958-03-31,männlich,Die LINKE,Wirtschaftswissenschaftler,14.0,Rostock – Landkreis Rostock II,Landesliste,dietmarbartsch.bsky.social‬,67
Dr. Dietmar Bartsch,2025-06-02,4.996299417667536,1,53,1958-03-31,männlich,Die LINKE,Wirtschaftswissenschaftler,14.0,Rostock – Landkreis Rostock II,Landesliste,dietmarbartsch.bsky.social‬,67
Dr. Dietmar Bartsch,2025-06-09,-5.062362809975578,1,54,1958-03-31,männlich,Die LINKE,Wirtschaftswissenschaftler,14.0,Rostock – Landkreis Rostock II,Landesliste,dietmarbartsch.bsky.social‬,67
Dr. Dietmar Bartsch,2025-06-16,-3.374289990445144,3,55,1958-03-31,männlich,Die LINKE,Wirtschaftswissenschaftler,14.0,Rostock – Landkreis Rostock II,Landesliste,dietmarbartsch.bsky.social‬,67
Dr. Dietmar Bartsch,2025-06-23,-5.54193694888497,2,56,1958-03-31,männlich,Die LINKE,Wirtschaftswissenschaftler,14.0,Rostock – Landkreis Rostock II,Landesliste,dietmarbartsch.bsky.social‬,67
Dr. Dietmar Bartsch,2025-07-14,1.1000337857682032,3,59,1958-03-31,männlich,Die LINKE,Wirtschaftswissenschaftler,14.0,Rostock – Landkreis Rostock II,Landesliste,dietmarbartsch.bsky.social‬,67
Dr. Dietmar Bartsch,2025-07-21,2.080974950764497,2,60,1958-03-31,männlich,Die LINKE,Wirtschaftswissenschaftler,14.0,Rostock – Landkreis Rostock II,Landesliste,dietmarbartsch.bsky.social‬,67
Dr. Franziska Brantner,2024-05-27,-5.810579195267942,1,0,1979-08-24,weiblich,Grünen,Sozialwissenschaftlerin,274.0,Heidelberg,Direktwahl,franziskabrantner.de‬,45
Dr. Franziska Brantner,2024-06-24,4.932772490215829,1,4,1979-08-24,weiblich,Grünen,Sozialwissenschaftlerin,274.0,Heidelberg,Direktwahl,franziskabrantner.de‬,45
Dr. Franziska Brantner,2024-07-01,-0.3023734647097959,1,5,1979-08-24,weiblich,Grünen,Sozialwissenschaftlerin,274.0,Heidelberg,Direktwahl,franziskabrantner.de‬,45
Dr. Franziska Brantner,2024-07-29,2.940003475013637,4,9,1979-08-24,weiblich,Grünen,Sozialwissenschaftlerin,274.0,Heidelberg,Direktwahl,franziskabrantner.de‬,45
Dr. Franziska Brantner,2024-09-09,-5.9461187854966795,1,15,1979-08-24,weiblich,Grünen,Sozialwissenschaftlerin,274.0,Heidelberg,Direktwahl,franziskabrantner.de‬,45
Dr. Franziska Brantner,2024-11-18,0.09126464130157025,8,25,1979-08-24,weiblich,Grünen,Sozialwissenschaftlerin,274.0,Heidelberg,Direktwahl,franziskabrantner.de‬,45
Dr. Franziska Brantner,2024-11-25,-2.5446356515642248,10,26,1979-08-24,weiblich,Grünen,Sozialwissenschaftlerin,274.0,Heidelberg,Direktwahl,franziskabrantner.de‬,45
Dr. Franziska Brantner,2024-12-02,2.292602427883854,2,27,1979-08-24,weiblich,Grünen,Sozialwissenschaftlerin,274.0,Heidelberg,Direktwahl,franziskabrantner.de‬,45
Dr. Franziska Brantner,2024-12-16,-2.1460415740512855,5,29,1979-08-24,weiblich,Grünen,Sozialwissenschaftlerin,274.0,Heidelberg,Direktwahl,franziskabrantner.de‬,45
Dr. Franziska Brantner,2024-12-23,0.4941522643059464,4,30,1979-08-24,weiblich,Grünen,Sozialwissenschaftlerin,274.0,Heidelberg,Direktwahl,franziskabrantner.de‬,45
Dr. Franziska Brantner,2024-12-30,-1.0867171359791972,6,31,1979-08-24,weiblich,Grünen,Sozialwissenschaftlerin,274.0,Heidelberg,Direktwahl,franziskabrantner.de‬,45
Dr. Franziska Brantner,2025-01-06,-0.6791158681093827,5,32,1979-08-24,weiblich,Grünen,Sozialwissenschaftlerin,274.0,Heidelberg,Direktwahl,franziskabrantner.de‬,46
Dr. Franziska Brantner,2025-01-13,-2.2013148185409097,15,33,1979-08-24,weiblich,Grünen,Sozialwissenschaftlerin,274.0,Heidelberg,Direktwahl,franziskabrantner.de‬,46
Dr. Franziska Brantner,2025-01-20,-3.7528236325424205,2,34,1979-08-24,weiblich,Grünen,Sozialwissenschaftlerin,274.0,Heidelberg,Direktwahl,franziskabrantner.de‬,46
Dr. Franziska Brantner,2025-02-03,-2.3457779838559065,3,36,1979-08-24,weiblich,Grünen,Sozialwissenschaftlerin,274.0,Heidelberg,Direktwahl,franziskabrantner.de‬,46
Dr. Franziska Brantner,2025-02-10,-3.32190660969572,5,37,1979-08-24,weiblich,Grünen,Sozialwissenschaftlerin,274.0,Heidelberg,Direktwahl,franziskabrantner.de‬,46
Dr. Franziska Brantner,2025-02-17,-1.510242064898697,2,38,1979-08-24,weiblich,Grünen,Sozialwissenschaftlerin,274.0,Heidelberg,Direktwahl,franziskabrantner.de‬,46
Dr. Franziska Brantner,2025-02-24,-3.3979959807002884,2,39,1979-08-24,weiblich,Grünen,Sozialwissenschaftlerin,274.0,Heidelberg,Direktwahl,franziskabrantner.de‬,46
Dr. Franziska Brantner,2025-03-03,-3.506517726648387,7,40,1979-08-24,weiblich,Grünen,Sozialwissenschaftlerin,274.0,Heidelberg,Direktwahl,franziskabrantner.de‬,46
Dr. Franziska Brantner,2025-03-10,-2.3216769854928865,3,41,1979-08-24,weiblich,Grünen,Sozialwissenschaftlerin,274.0,Heidelberg,Direktwahl,franziskabrantner.de‬,46
Dr. Franziska Brantner,2025-03-17,-3.0885608699818,3,42,1979-08-24,weiblich,Grünen,Sozialwissenschaftlerin,274.0,Heidelberg,Direktwahl,franziskabrantner.de‬,46
Dr. Franziska Brantner,2025-03-24,-0.8765455623989782,7,43,1979-08-24,weiblich,Grünen,Sozialwissenschaftlerin,274.0,Heidelberg,Landesliste,franziskabrantner.de‬,46
Dr. Franziska Brantner,2025-03-31,-2.1855642481424744,6,44,1979-08-24,weiblich,Grünen,Sozialwissenschaftlerin,274.0,Heidelberg,Landesliste,franziskabrantner.de‬,46
Dr. Franziska Brantner,2025-04-07,-1.5713898604264394,10,45,1979-08-24,weiblich,Grünen,Sozialwissenschaftlerin,274.0,Heidelberg,Landesliste,franziskabrantner.de‬,46
Dr. Franziska Brantner,2025-04-14,-1.6473851147746004,9,46,1979-08-24,weiblich,Grünen,Sozialwissenschaftlerin,274.0,Heidelberg,Landesliste,franziskabrantner.de‬,46
Dr. Franziska Brantner,2025-04-21,2.200490937808474,4,47,1979-08-24,weiblich,Grünen,Sozialwissenschaftlerin,274.0,Heidelberg,Landesliste,franziskabrantner.de‬,46
Dr. Franziska Brantner,2025-04-28,-2.2477545378165678,1,48,1979-08-24,weiblich,Grünen,Sozialwissenschaftlerin,274.0,Heidelberg,Landesliste,franziskabrantner.de‬,46
Dr. Franziska Brantner,2025-05-05,-3.285253801261727,2,49,1979-08-24,weiblich,Grünen,Sozialwissenschaftlerin,274.0,Heidelberg,Landesliste,franziskabrantner.de‬,46
Dr. Franziska Brantner,2025-05-12,5.198995728328364,1,50,1979-08-24,weiblich,Grünen,Sozialwissenschaftlerin,274.0,Heidelberg,Landesliste,franziskabrantner.de‬,46
Dr. Franziska Brantner,2025-05-19,-4.780971266691389,1,51,1979-08-24,weiblich,Grünen,Sozialwissenschaftlerin,274.0,Heidelberg,Landesliste,franziskabrantner.de‬,46
Dr. Franziska Brantner,2025-05-26,-4.953847596301616,1,52,1979-08-24,weiblich,Grünen,Sozialwissenschaftlerin,274.0,Heidelberg,Landesliste,franziskabrantner.de‬,46
Dr. Franziska Brantner,2025-06-16,-6.348088262065075,1,55,1979-08-24,weiblich,Grünen,Sozialwissenschaftlerin,274.0,Heidelberg,Landesliste,franziskabrantner.de‬,46
Dr. Franziska Brantner,2025-06-30,-5.497272462512486,2,57,1979-08-24,weiblich,Grünen,Sozialwissenschaftlerin,274.0,Heidelberg,Landesliste,franziskabrantner.de‬,46
Dr. Franziska Brantner,2025-07-07,-1.1141252931753223,1,58,1979-08-24,weiblich,Grünen,Sozialwissenschaftlerin,274.0,Heidelberg,Landesliste,franziskabrantner.de‬,46
Dr. Franziska Kersten,2024-10-28,-5.219173024453156,1,22,1968-12-19,weiblich,SPD,Tierärztin,67.0,Börde - Jerichower Land,Direktwahl,franziskakersten.bsky.social‬,56
Dr. Franziska Kersten,2024-12-16,-6.519831053813467,1,29,1968-12-19,weiblich,SPD,Tierärztin,67.0,Börde - Jerichower Land,Direktwahl,franziskakersten.bsky.social‬,56
Dr. Franziska Kersten,2025-04-21,0.9323235137827712,1,47,1968-12-19,weiblich,SPD,Tierärztin,67.0,Börde – Salzlandkreis,Landesliste,franziskakersten.bsky.social‬,57
Dr. Irene Mihalic,2024-05-27,-1.4742980471548863,1,0,1976-11-17,weiblich,Grünen,Polizeibeamtin,123.0,Gelsenkirchen,Landesliste,irene-mihalic.de‬,48
Dr. Irene Mihalic,2024-06-10,-1.9175778153094225,1,2,1976-11-17,weiblich,Grünen,Polizeibeamtin,123.0,Gelsenkirchen,Landesliste,irene-mihalic.de‬,48
Dr. Irene Mihalic,2024-06-17,-3.547933110874858,3,3,1976-11-17,weiblich,Grünen,Polizeibeamtin,123.0,Gelsenkirchen,Landesliste,irene-mihalic.de‬,48
Dr. Irene Mihalic,2024-06-24,-2.197867190643016,1,4,1976-11-17,weiblich,Grünen,Polizeibeamtin,123.0,Gelsenkirchen,Landesliste,irene-mihalic.de‬,48
Dr. Irene Mihalic,2024-07-08,-5.707638601360128,1,6,1976-11-17,weiblich,Grünen,Polizeibeamtin,123.0,Gelsenkirchen,Landesliste,irene-mihalic.de‬,48
Dr. Irene Mihalic,2024-07-29,4.934639871261269,1,9,1976-11-17,weiblich,Grünen,Polizeibeamtin,123.0,Gelsenkirchen,Landesliste,irene-mihalic.de‬,48
Dr. Irene Mihalic,2024-08-12,-3.667526855300589,1,11,1976-11-17,weiblich,Grünen,Polizeibeamtin,123.0,Gelsenkirchen,Landesliste,irene-mihalic.de‬,48
Dr. Irene Mihalic,2024-08-19,-2.1877464962496718,4,12,1976-11-17,weiblich,Grünen,Polizeibeamtin,123.0,Gelsenkirchen,Landesliste,irene-mihalic.de‬,48
Dr. Irene Mihalic,2024-09-09,-3.2114165833287456,2,15,1976-11-17,weiblich,Grünen,Polizeibeamtin,123.0,Gelsenkirchen,Landesliste,irene-mihalic.de‬,48
Dr. Irene Mihalic,2024-09-23,2.0561549541921815,2,17,1976-11-17,weiblich,Grünen,Polizeibeamtin,123.0,Gelsenkirchen,Landesliste,irene-mihalic.de‬,48
Dr. Irene Mihalic,2024-10-07,-6.196625511169892,1,19,1976-11-17,weiblich,Grünen,Polizeibeamtin,123.0,Gelsenkirchen,Landesliste,irene-mihalic.de‬,48
Dr. Irene Mihalic,2024-11-25,-6.298205342424821,1,26,1976-11-17,weiblich,Grünen,Polizeibeamtin,123.0,Gelsenkirchen,Landesliste,irene-mihalic.de‬,48
Dr. Irene Mihalic,2024-12-02,-4.501128826414834,1,27,1976-11-17,weiblich,Grünen,Polizeibeamtin,123.0,Gelsenkirchen,Landesliste,irene-mihalic.de‬,48
Dr. Irene Mihalic,2024-12-16,-6.3314921838074,1,29,1976-11-17,weiblich,Grünen,Polizeibeamtin,123.0,Gelsenkirchen,Landesliste,irene-mihalic.de‬,48
Dr. Irene Mihalic,2025-01-13,-2.854967038180102,4,33,1976-11-17,weiblich,Grünen,Polizeibeamtin,123.0,Gelsenkirchen,Landesliste,irene-mihalic.de‬,49
Dr. Irene Mihalic,2025-01-20,-0.490770448862734,2,34,1976-11-17,weiblich,Grünen,Polizeibeamtin,123.0,Gelsenkirchen,Landesliste,irene-mihalic.de‬,49
Dr. Irene Mihalic,2025-02-10,-4.997913137054087,1,37,1976-11-17,weiblich,Grünen,Polizeibeamtin,123.0,Gelsenkirchen,Landesliste,irene-mihalic.de‬,49
Dr. Irene Mihalic,2025-02-17,-2.031720893702948,1,38,1976-11-17,weiblich,Grünen,Polizeibeamtin,123.0,Gelsenkirchen,Landesliste,irene-mihalic.de‬,49
Dr. Irene Mihalic,2025-02-24,-5.334752077369736,1,39,1976-11-17,weiblich,Grünen,Polizeibeamtin,123.0,Gelsenkirchen,Landesliste,irene-mihalic.de‬,49
Dr. Irene Mihalic,2025-03-03,-5.647673083871534,1,40,1976-11-17,weiblich,Grünen,Polizeibeamtin,123.0,Gelsenkirchen,Landesliste,irene-mihalic.de‬,49
Dr. Irene Mihalic,2025-03-24,-5.944333933965236,2,43,1976-11-17,weiblich,Grünen,Polizeibeamtin,122.0,Gelsenkirchen,Landesliste,irene-mihalic.de‬,49
Dr. Irene Mihalic,2025-03-31,-5.400229244282946,1,44,1976-11-17,weiblich,Grünen,Polizeibeamtin,122.0,Gelsenkirchen,Landesliste,irene-mihalic.de‬,49
Dr. Irene Mihalic,2025-04-07,-5.921075411562968,1,45,1976-11-17,weiblich,Grünen,Polizeibeamtin,122.0,Gelsenkirchen,Landesliste,irene-mihalic.de‬,49
Dr. Irene Mihalic,2025-04-14,-6.132761470544408,1,46,1976-11-17,weiblich,Grünen,Polizeibeamtin,122.0,Gelsenkirchen,Landesliste,irene-mihalic.de‬,49
Dr. Irene Mihalic,2025-05-05,-1.7188786768342386,3,49,1976-11-17,weiblich,Grünen,Polizeibeamtin,122.0,Gelsenkirchen,Landesliste,irene-mihalic.de‬,49
Dr. Irene Mihalic,2025-05-19,-4.233121431056087,1,51,1976-11-17,weiblich,Grünen,Polizeibeamtin,122.0,Gelsenkirchen,Landesliste,irene-mihalic.de‬,49
Dr. Irene Mihalic,2025-06-02,-4.754081857010855,4,53,1976-11-17,weiblich,Grünen,Polizeibeamtin,122.0,Gelsenkirchen,Landesliste,irene-mihalic.de‬,49
Dr. Irene Mihalic,2025-06-23,-1.2077558908076216,2,56,1976-11-17,weiblich,Grünen,Polizeibeamtin,122.0,Gelsenkirchen,Landesliste,irene-mihalic.de‬,49
Dr. Irene Mihalic,2025-07-07,-5.2598981940177625,4,58,1976-11-17,weiblich,Grünen,Polizeibeamtin,122.0,Gelsenkirchen,Landesliste,irene-mihalic.de‬,49
Dr. Irene Mihalic,2025-07-14,-1.9658354739345,1,59,1976-11-17,weiblich,Grünen,Polizeibeamtin,122.0,Gelsenkirchen,Landesliste,irene-mihalic.de‬,49
Dr. Irene Mihalic,2025-07-21,-2.2577817886679803,1,60,1976-11-17,weiblich,Grünen,Polizeibeamtin,122.0,Gelsenkirchen,Landesliste,irene-mihalic.de‬,49
Dr. Jan-Niclas Gesenhues,2024-05-27,-2.4832711298343737,2,0,1990-02-12,männlich,Grünen,"Volkswirt, MdB",128.0,Steinfurt III,Landesliste,gesenhues.bsky.social‬,34
Dr. Jan-Niclas Gesenhues,2024-06-03,-3.5429039313350135,2,1,1990-02-12,männlich,Grünen,"Volkswirt, MdB",128.0,Steinfurt III,Landesliste,gesenhues.bsky.social‬,34
Dr. Jan-Niclas Gesenhues,2024-06-17,4.450313587972182,1,3,1990-02-12,männlich,Grünen,"Volkswirt, MdB",128.0,Steinfurt III,Landesliste,gesenhues.bsky.social‬,34
Dr. Jan-Niclas Gesenhues,2024-07-29,4.3409937991353145,2,9,1990-02-12,männlich,Grünen,"Volkswirt, MdB",128.0,Steinfurt III,Landesliste,gesenhues.bsky.social‬,34
Dr. Jan-Niclas Gesenhues,2024-08-12,-1.0599220365312043,5,11,1990-02-12,männlich,Grünen,"Volkswirt, MdB",128.0,Steinfurt III,Landesliste,gesenhues.bsky.social‬,34
Dr. Jan-Niclas Gesenhues,2024-08-19,-0.7795838428008388,4,12,1990-02-12,männlich,Grünen,"Volkswirt, MdB",128.0,Steinfurt III,Landesliste,gesenhues.bsky.social‬,34
Dr. Jan-Niclas Gesenhues,2024-09-02,-0.5610879375195622,3,14,1990-02-12,männlich,Grünen,"Volkswirt, MdB",128.0,Steinfurt III,Landesliste,gesenhues.bsky.social‬,34
Dr. Jan-Niclas Gesenhues,2024-09-09,-0.8805466261406181,7,15,1990-02-12,männlich,Grünen,"Volkswirt, MdB",128.0,Steinfurt III,Landesliste,gesenhues.bsky.social‬,34
Dr. Jan-Niclas Gesenhues,2024-09-16,-2.251627996264716,3,16,1990-02-12,männlich,Grünen,"Volkswirt, MdB",128.0,Steinfurt III,Landesliste,gesenhues.bsky.social‬,34
Dr. Jan-Niclas Gesenhues,2024-09-23,-5.262349884569522,1,17,1990-02-12,männlich,Grünen,"Volkswirt, MdB",128.0,Steinfurt III,Landesliste,gesenhues.bsky.social‬,34
Dr. Jan-Niclas Gesenhues,2024-09-30,-2.4923442837797984,1,18,1990-02-12,männlich,Grünen,"Volkswirt, MdB",128.0,Steinfurt III,Landesliste,gesenhues.bsky.social‬,34
Dr. Jan-Niclas Gesenhues,2024-10-07,-1.6493804593587917,6,19,1990-02-12,männlich,Grünen,"Volkswirt, MdB",128.0,Steinfurt III,Landesliste,gesenhues.bsky.social‬,34
Dr. Jan-Niclas Gesenhues,2024-10-14,-0.36541241044090583,11,20,1990-02-12,männlich,Grünen,"Volkswirt, MdB",128.0,Steinfurt III,Landesliste,gesenhues.bsky.social‬,34
Dr. Jan-Niclas Gesenhues,2024-10-21,1.7416728340895486,2,21,1990-02-12,männlich,Grünen,"Volkswirt, MdB",128.0,Steinfurt III,Landesliste,gesenhues.bsky.social‬,34
Dr. Jan-Niclas Gesenhues,2024-10-28,2.2107381211465653,2,22,1990-02-12,männlich,Grünen,"Volkswirt, MdB",128.0,Steinfurt III,Landesliste,gesenhues.bsky.social‬,34
Dr. Jan-Niclas Gesenhues,2024-11-04,-0.6525346956954684,4,23,1990-02-12,männlich,Grünen,"Volkswirt, MdB",128.0,Steinfurt III,Landesliste,gesenhues.bsky.social‬,34
Dr. Jan-Niclas Gesenhues,2024-11-11,-1.2550543872753388,8,24,1990-02-12,männlich,Grünen,"Volkswirt, MdB",128.0,Steinfurt III,Landesliste,gesenhues.bsky.social‬,34
Dr. Jan-Niclas Gesenhues,2024-11-18,-0.07990425995797057,2,25,1990-02-12,männlich,Grünen,"Volkswirt, MdB",128.0,Steinfurt III,Landesliste,gesenhues.bsky.social‬,34
Dr. Jan-Niclas Gesenhues,2024-12-02,0.3122131510479894,9,27,1990-02-12,männlich,Grünen,"Volkswirt, MdB",128.0,Steinfurt III,Landesliste,gesenhues.bsky.social‬,34
Dr. Jan-Niclas Gesenhues,2024-12-09,-2.9243954715256297,3,28,1990-02-12,männlich,Grünen,"Volkswirt, MdB",128.0,Steinfurt III,Landesliste,gesenhues.bsky.social‬,34
Dr. Jan-Niclas Gesenhues,2024-12-16,-1.75956299787058,14,29,1990-02-12,männlich,Grünen,"Volkswirt, MdB",128.0,Steinfurt III,Landesliste,gesenhues.bsky.social‬,34
Dr. Jan-Niclas Gesenhues,2024-12-30,-0.292690408568421,8,31,1990-02-12,männlich,Grünen,"Volkswirt, MdB",128.0,Steinfurt III,Landesliste,gesenhues.bsky.social‬,34
Dr. Jan-Niclas Gesenhues,2025-01-06,-4.1651968922229905,8,32,1990-02-12,männlich,Grünen,"Volkswirt, MdB",128.0,Steinfurt III,Landesliste,gesenhues.bsky.social‬,35
Dr. Jan-Niclas Gesenhues,2025-01-13,-2.708241086012387,5,33,1990-02-12,männlich,Grünen,"Volkswirt, MdB",128.0,Steinfurt III,Landesliste,gesenhues.bsky.social‬,35
Dr. Jan-Niclas Gesenhues,2025-01-20,-4.693237164385304,4,34,1990-02-12,männlich,Grünen,"Volkswirt, MdB",128.0,Steinfurt III,Landesliste,gesenhues.bsky.social‬,35
Dr. Jan-Niclas Gesenhues,2025-01-27,-0.7214674457042509,6,35,1990-02-12,männlich,Grünen,"Volkswirt, MdB",128.0,Steinfurt III,Landesliste,gesenhues.bsky.social‬,35
Dr. Jan-Niclas Gesenhues,2025-02-03,-2.9642793203495614,5,36,1990-02-12,männlich,Grünen,"Volkswirt, MdB",128.0,Steinfurt III,Landesliste,gesenhues.bsky.social‬,35
Dr. Jan-Niclas Gesenhues,2025-02-10,-2.783482360176234,10,37,1990-02-12,männlich,Grünen,"Volkswirt, MdB",128.0,Steinfurt III,Landesliste,gesenhues.bsky.social‬,35
Dr. Jan-Niclas Gesenhues,2025-02-17,-1.0284298011083055,10,38,1990-02-12,männlich,Grünen,"Volkswirt, MdB",128.0,Steinfurt III,Landesliste,gesenhues.bsky.social‬,35
Dr. Jan-Niclas Gesenhues,2025-02-24,0.17395039653795205,18,39,1990-02-12,männlich,Grünen,"Volkswirt, MdB",128.0,Steinfurt III,Landesliste,gesenhues.bsky.social‬,35
Dr. Jan-Niclas Gesenhues,2025-03-03,-2.2732960489076364,5,40,1990-02-12,männlich,Grünen,"Volkswirt, MdB",128.0,Steinfurt III,Landesliste,gesenhues.bsky.social‬,35
Dr. Jan-Niclas Gesenhues,2025-03-10,-1.8479916478948084,7,41,1990-02-12,männlich,Grünen,"Volkswirt, MdB",128.0,Steinfurt III,Landesliste,gesenhues.bsky.social‬,35
Dr. Jan-Niclas Gesenhues,2025-03-17,-2.9977388854921796,7,42,1990-02-12,männlich,Grünen,"Volkswirt, MdB",128.0,Steinfurt III,Landesliste,gesenhues.bsky.social‬,35
Dr. Jan-Niclas Gesenhues,2025-03-24,-2.1240696076353855,8,43,1990-02-12,männlich,Grünen,"Volkswirt, MdB",127.0,Steinfurt III,Landesliste,gesenhues.bsky.social‬,35
Dr. Jan-Niclas Gesenhues,2025-03-31,-2.35284365110091,11,44,1990-02-12,männlich,Grünen,"Volkswirt, MdB",127.0,Steinfurt III,Landesliste,gesenhues.bsky.social‬,35
Dr. Jan-Niclas Gesenhues,2025-04-07,-3.4047203830432338,7,45,1990-02-12,männlich,Grünen,"Volkswirt, MdB",127.0,Steinfurt III,Landesliste,gesenhues.bsky.social‬,35
Dr. Jan-Niclas Gesenhues,2025-04-21,-0.5777406446209019,5,47,1990-02-12,männlich,Grünen,"Volkswirt, MdB",127.0,Steinfurt III,Landesliste,gesenhues.bsky.social‬,35
Dr. Jan-Niclas Gesenhues,2025-04-28,-0.2853051587451307,7,48,1990-02-12,männlich,Grünen,"Volkswirt, MdB",127.0,Steinfurt III,Landesliste,gesenhues.bsky.social‬,35
Dr. Jan-Niclas Gesenhues,2025-05-05,-1.3214003651302906,8,49,1990-02-12,männlich,Grünen,"Volkswirt, MdB",127.0,Steinfurt III,Landesliste,gesenhues.bsky.social‬,35
Dr. Jan-Niclas Gesenhues,2025-05-12,-1.9503765674693467,13,50,1990-02-12,männlich,Grünen,"Volkswirt, MdB",127.0,Steinfurt III,Landesliste,gesenhues.bsky.social‬,35
Dr. Jan-Niclas Gesenhues,2025-05-19,-2.870168787524504,9,51,1990-02-12,männlich,Grünen,"Volkswirt, MdB",127.0,Steinfurt III,Landesliste,gesenhues.bsky.social‬,35
Dr. Jan-Niclas Gesenhues,2025-05-26,-5.465078833289245,1,52,1990-02-12,männlich,Grünen,"Volkswirt, MdB",127.0,Steinfurt III,Landesliste,gesenhues.bsky.social‬,35
Dr. Jan-Niclas Gesenhues,2025-06-02,-1.933274651748002,7,53,1990-02-12,männlich,Grünen,"Volkswirt, MdB",127.0,Steinfurt III,Landesliste,gesenhues.bsky.social‬,35
Dr. Jan-Niclas Gesenhues,2025-06-09,-4.13901526302416,4,54,1990-02-12,männlich,Grünen,"Volkswirt, MdB",127.0,Steinfurt III,Landesliste,gesenhues.bsky.social‬,35
Dr. Jan-Niclas Gesenhues,2025-06-16,-3.4438509270724342,8,55,1990-02-12,männlich,Grünen,"Volkswirt, MdB",127.0,Steinfurt III,Landesliste,gesenhues.bsky.social‬,35
Dr. Jan-Niclas Gesenhues,2025-06-23,-3.2677569780034212,3,56,1990-02-12,männlich,Grünen,"Volkswirt, MdB",127.0,Steinfurt III,Landesliste,gesenhues.bsky.social‬,35
Dr. Jan-Niclas Gesenhues,2025-06-30,-4.138682522198619,5,57,1990-02-12,männlich,Grünen,"Volkswirt, MdB",127.0,Steinfurt III,Landesliste,gesenhues.bsky.social‬,35
Dr. Jan-Niclas Gesenhues,2025-07-07,-2.805345677660102,8,58,1990-02-12,männlich,Grünen,"Volkswirt, MdB",127.0,Steinfurt III,Landesliste,gesenhues.bsky.social‬,35
Dr. Jan-Niclas Gesenhues,2025-07-14,0.6609370515937503,4,59,1990-02-12,männlich,Grünen,"Volkswirt, MdB",127.0,Steinfurt III,Landesliste,gesenhues.bsky.social‬,35
Dr. Jan-Niclas Gesenhues,2025-07-21,-4.187987000769434,5,60,1990-02-12,männlich,Grünen,"Volkswirt, MdB",127.0,Steinfurt III,Landesliste,gesenhues.bsky.social‬,35
Dr. Janosch Dahmen,2024-12-23,-5.029358742328138,3,30,1981-09-06,männlich,Grünen,Arzt,138.0,Hagen - Ennepe-Ruhr-Kreis I,Landesliste,janoschdahmenmdb.de‬,43
Dr. Janosch Dahmen,2024-12-30,-1.7577145675966517,4,31,1981-09-06,männlich,Grünen,Arzt,138.0,Hagen - Ennepe-Ruhr-Kreis I,Landesliste,janoschdahmenmdb.de‬,43
Dr. Janosch Dahmen,2025-01-06,-5.091904362701496,3,32,1981-09-06,männlich,Grünen,Arzt,138.0,Hagen - Ennepe-Ruhr-Kreis I,Landesliste,janoschdahmenmdb.de‬,44
Dr. Janosch Dahmen,2025-01-13,-3.307951431670365,8,33,1981-09-06,männlich,Grünen,Arzt,138.0,Hagen - Ennepe-Ruhr-Kreis I,Landesliste,janoschdahmenmdb.de‬,44
Dr. Janosch Dahmen,2025-01-20,-5.734340355468349,1,34,1981-09-06,männlich,Grünen,Arzt,138.0,Hagen - Ennepe-Ruhr-Kreis I,Landesliste,janoschdahmenmdb.de‬,44
Dr. Janosch Dahmen,2025-01-27,-4.324062811734178,1,35,1981-09-06,männlich,Grünen,Arzt,138.0,Hagen - Ennepe-Ruhr-Kreis I,Landesliste,janoschdahmenmdb.de‬,44
Dr. Janosch Dahmen,2025-02-03,-3.3211048417780313,2,36,1981-09-06,männlich,Grünen,Arzt,138.0,Hagen - Ennepe-Ruhr-Kreis I,Landesliste,janoschdahmenmdb.de‬,44
Dr. Janosch Dahmen,2025-02-10,-2.4572936792901743,3,37,1981-09-06,männlich,Grünen,Arzt,138.0,Hagen - Ennepe-Ruhr-Kreis I,Landesliste,janoschdahmenmdb.de‬,44
Dr. Janosch Dahmen,2025-02-17,0.977909900786618,3,38,1981-09-06,männlich,Grünen,Arzt,138.0,Hagen - Ennepe-Ruhr-Kreis I,Landesliste,janoschdahmenmdb.de‬,44
Dr. Janosch Dahmen,2025-02-24,-0.29193576912887004,4,39,1981-09-06,männlich,Grünen,Arzt,138.0,Hagen - Ennepe-Ruhr-Kreis I,Landesliste,janoschdahmenmdb.de‬,44
Dr. Janosch Dahmen,2025-03-10,-2.438540443530728,15,41,1981-09-06,männlich,Grünen,Arzt,138.0,Hagen - Ennepe-Ruhr-Kreis I,Landesliste,janoschdahmenmdb.de‬,44
Dr. Janosch Dahmen,2025-03-17,-3.421613501580721,3,42,1981-09-06,männlich,Grünen,Arzt,138.0,Hagen - Ennepe-Ruhr-Kreis I,Landesliste,janoschdahmenmdb.de‬,44
Dr. Janosch Dahmen,2025-03-24,-2.3504602531216436,7,43,1981-09-06,männlich,Grünen,Arzt,138.0,Ennepe-Ruhr-Kreis II,Landesliste,janoschdahmenmdb.de‬,44
Dr. Janosch Dahmen,2025-04-07,-4.491771187769303,12,45,1981-09-06,männlich,Grünen,Arzt,138.0,Ennepe-Ruhr-Kreis II,Landesliste,janoschdahmenmdb.de‬,44
Dr. Janosch Dahmen,2025-04-21,-1.8133365661528855,7,47,1981-09-06,männlich,Grünen,Arzt,138.0,Ennepe-Ruhr-Kreis II,Landesliste,janoschdahmenmdb.de‬,44
Dr. Janosch Dahmen,2025-04-28,-0.2671283877308562,3,48,1981-09-06,männlich,Grünen,Arzt,138.0,Ennepe-Ruhr-Kreis II,Landesliste,janoschdahmenmdb.de‬,44
Dr. Janosch Dahmen,2025-05-05,-2.645369935539313,8,49,1981-09-06,männlich,Grünen,Arzt,138.0,Ennepe-Ruhr-Kreis II,Landesliste,janoschdahmenmdb.de‬,44
Dr. Janosch Dahmen,2025-05-12,-3.20254624385857,21,50,1981-09-06,männlich,Grünen,Arzt,138.0,Ennepe-Ruhr-Kreis II,Landesliste,janoschdahmenmdb.de‬,44
Dr. Janosch Dahmen,2025-05-19,-4.725933253694895,6,51,1981-09-06,männlich,Grünen,Arzt,138.0,Ennepe-Ruhr-Kreis II,Landesliste,janoschdahmenmdb.de‬,44
Dr. Janosch Dahmen,2025-05-26,-2.5499254156157964,20,52,1981-09-06,männlich,Grünen,Arzt,138.0,Ennepe-Ruhr-Kreis II,Landesliste,janoschdahmenmdb.de‬,44
Dr. Janosch Dahmen,2025-06-02,-3.1803129804900094,23,53,1981-09-06,männlich,Grünen,Arzt,138.0,Ennepe-Ruhr-Kreis II,Landesliste,janoschdahmenmdb.de‬,44
Dr. Janosch Dahmen,2025-06-09,-3.6346376988549327,22,54,1981-09-06,männlich,Grünen,Arzt,138.0,Ennepe-Ruhr-Kreis II,Landesliste,janoschdahmenmdb.de‬,44
Dr. Janosch Dahmen,2025-06-16,-3.3361923765955175,28,55,1981-09-06,männlich,Grünen,Arzt,138.0,Ennepe-Ruhr-Kreis II,Landesliste,janoschdahmenmdb.de‬,44
Dr. Janosch Dahmen,2025-06-23,-2.8734352677786115,39,56,1981-09-06,männlich,Grünen,Arzt,138.0,Ennepe-Ruhr-Kreis II,Landesliste,janoschdahmenmdb.de‬,44
Dr. Janosch Dahmen,2025-06-30,-2.9736669089807495,36,57,1981-09-06,männlich,Grünen,Arzt,138.0,Ennepe-Ruhr-Kreis II,Landesliste,janoschdahmenmdb.de‬,44
Dr. Janosch Dahmen,2025-07-07,-2.8523119692616206,24,58,1981-09-06,männlich,Grünen,Arzt,138.0,Ennepe-Ruhr-Kreis II,Landesliste,janoschdahmenmdb.de‬,44
Dr. Janosch Dahmen,2025-07-14,-2.2611781976277188,19,59,1981-09-06,männlich,Grünen,Arzt,138.0,Ennepe-Ruhr-Kreis II,Landesliste,janoschdahmenmdb.de‬,44
Dr. Janosch Dahmen,2025-07-21,-3.253075086814716,41,60,1981-09-06,männlich,Grünen,Arzt,138.0,Ennepe-Ruhr-Kreis II,Landesliste,janoschdahmenmdb.de‬,44
Dr. Janosch Dahmen,2025-07-28,-3.191181490999856,1,61,1981-09-06,männlich,Grünen,Arzt,138.0,Ennepe-Ruhr-Kreis II,Landesliste,janoschdahmenmdb.de‬,44
Dr. Jens Zimmermann,2025-01-06,-0.9093473821189896,2,32,1981-09-09,männlich,SPD,Diplom-Kaufmann,187.0,Odenwald,Direktwahl,jens-zimmermann.org‬,44
Dr. Jens Zimmermann,2025-01-13,-4.6838751100768565,1,33,1981-09-09,männlich,SPD,Diplom-Kaufmann,187.0,Odenwald,Direktwahl,jens-zimmermann.org‬,44
Dr. Jens Zimmermann,2025-01-27,1.4726641182463693,1,35,1981-09-09,männlich,SPD,Diplom-Kaufmann,187.0,Odenwald,Direktwahl,jens-zimmermann.org‬,44
Dr. Johann Wadephul,2025-05-05,-0.35496581690637985,7,49,1963-02-10,männlich,CDU/CSU,Rechtsanwalt,4.0,Rendsburg-Eckernförde,Direktwahl,aussenminister.diplo.de‬,62
Dr. Johann Wadephul,2025-05-12,1.7436442679910054,11,50,1963-02-10,männlich,CDU/CSU,Rechtsanwalt,4.0,Rendsburg-Eckernförde,Direktwahl,aussenminister.diplo.de‬,62
Dr. Johann Wadephul,2025-05-19,-0.3480615562982412,10,51,1963-02-10,männlich,CDU/CSU,Rechtsanwalt,4.0,Rendsburg-Eckernförde,Direktwahl,aussenminister.diplo.de‬,62
Dr. Johann Wadephul,2025-05-26,-1.1270295300501039,4,52,1963-02-10,männlich,CDU/CSU,Rechtsanwalt,4.0,Rendsburg-Eckernförde,Direktwahl,aussenminister.diplo.de‬,62
Dr. Johann Wadephul,2025-06-02,1.6472745059168667,4,53,1963-02-10,männlich,CDU/CSU,Rechtsanwalt,4.0,Rendsburg-Eckernförde,Direktwahl,aussenminister.diplo.de‬,62
Dr. Johann Wadephul,2025-06-09,-1.8794507141653174,6,54,1963-02-10,männlich,CDU/CSU,Rechtsanwalt,4.0,Rendsburg-Eckernförde,Direktwahl,aussenminister.diplo.de‬,62
Dr. Johann Wadephul,2025-06-16,2.289454111074072,2,55,1963-02-10,männlich,CDU/CSU,Rechtsanwalt,4.0,Rendsburg-Eckernförde,Direktwahl,aussenminister.diplo.de‬,62
Dr. Johann Wadephul,2025-06-23,-0.80043124565595,3,56,1963-02-10,männlich,CDU/CSU,Rechtsanwalt,4.0,Rendsburg-Eckernförde,Direktwahl,aussenminister.diplo.de‬,62
Dr. Johann Wadephul,2025-06-30,4.786774947832605,1,57,1963-02-10,männlich,CDU/CSU,Rechtsanwalt,4.0,Rendsburg-Eckernförde,Direktwahl,aussenminister.diplo.de‬,62
Dr. Johann Wadephul,2025-07-07,-1.8032351777097153,4,58,1963-02-10,männlich,CDU/CSU,Rechtsanwalt,4.0,Rendsburg-Eckernförde,Direktwahl,aussenminister.diplo.de‬,62
Dr. Johann Wadephul,2025-07-14,2.2330870533779565,8,59,1963-02-10,männlich,CDU/CSU,Rechtsanwalt,4.0,Rendsburg-Eckernförde,Direktwahl,aussenminister.diplo.de‬,62
Dr. Johann Wadephul,2025-07-21,-2.8698267109068163,6,60,1963-02-10,männlich,CDU/CSU,Rechtsanwalt,4.0,Rendsburg-Eckernförde,Direktwahl,aussenminister.diplo.de‬,62
Dr. Marie-Agnes Strack-Zimmermann,2024-05-27,3.772660914848719,1,0,1958-03-10,weiblich,FDP,"selbst. Verlagsrepräsentantin, Publizistin",106.0,Düsseldorf I,Landesliste,masz.bsky.social‬,66
Dr. Marie-Agnes Strack-Zimmermann,2024-06-03,-0.29975062897161897,4,1,1958-03-10,weiblich,FDP,"selbst. Verlagsrepräsentantin, Publizistin",106.0,Düsseldorf I,Landesliste,masz.bsky.social‬,66
Dr. Marie-Agnes Strack-Zimmermann,2024-06-17,5.238713696238083,1,3,1958-03-10,weiblich,FDP,"selbst. Verlagsrepräsentantin, Publizistin",106.0,Düsseldorf I,Landesliste,masz.bsky.social‬,66
Dr. Moritz Heuberger,2025-04-28,1.8546559408002776,2,48,1991-02-11,männlich,Grünen,Verwaltungswissenschaftler,80.0,Berlin-Tempelhof-Schöneberg,Direktwahl,moritzheuberger.bsky.social‬,34
Dr. Moritz Heuberger,2025-05-05,-5.376492150823775,1,49,1991-02-11,männlich,Grünen,Verwaltungswissenschaftler,80.0,Berlin-Tempelhof-Schöneberg,Direktwahl,moritzheuberger.bsky.social‬,34
Dr. Moritz Heuberger,2025-05-12,-6.535732147931728,1,50,1991-02-11,männlich,Grünen,Verwaltungswissenschaftler,80.0,Berlin-Tempelhof-Schöneberg,Direktwahl,moritzheuberger.bsky.social‬,34
Dr. Moritz Heuberger,2025-06-23,-3.6406035376893895,2,56,1991-02-11,männlich,Grünen,Verwaltungswissenschaftler,80.0,Berlin-Tempelhof-Schöneberg,Direktwahl,moritzheuberger.bsky.social‬,34
Dr. Nina Scheer,2025-01-13,-2.8975522074313322,1,33,1971-09-11,weiblich,SPD,"Juristin, Politikwissenschaftlerin, Musikerin",10.0,Herzogtum Lauenburg - Stormarn-Süd,Direktwahl,nina-scheer.de,54
Dr. Nina Scheer,2025-01-27,-1.4246838777281026,1,35,1971-09-11,weiblich,SPD,"Juristin, Politikwissenschaftlerin, Musikerin",10.0,Herzogtum Lauenburg - Stormarn-Süd,Direktwahl,nina-scheer.de,54
Dr. Nina Scheer,2025-02-03,0.48289754979019045,1,36,1971-09-11,weiblich,SPD,"Juristin, Politikwissenschaftlerin, Musikerin",10.0,Herzogtum Lauenburg - Stormarn-Süd,Direktwahl,nina-scheer.de,54
Dr. Nina Scheer,2025-05-26,-5.702076209662583,1,52,1971-09-11,weiblich,SPD,"Juristin, Politikwissenschaftlerin, Musikerin",10.0,Herzogtum Lauenburg – Stormarn-Süd,Landesliste,nina-scheer.de,54
Dr. Nina Scheer,2025-06-16,-5.668561058286307,1,55,1971-09-11,weiblich,SPD,"Juristin, Politikwissenschaftlerin, Musikerin",10.0,Herzogtum Lauenburg – Stormarn-Süd,Landesliste,nina-scheer.de,54
Dr. Nina Scheer,2025-06-30,-2.35665538771839,2,57,1971-09-11,weiblich,SPD,"Juristin, Politikwissenschaftlerin, Musikerin",10.0,Herzogtum Lauenburg – Stormarn-Süd,Landesliste,nina-scheer.de,54
Dr. Nina Scheer,2025-07-21,-1.828711316928806,2,60,1971-09-11,weiblich,SPD,"Juristin, Politikwissenschaftlerin, Musikerin",10.0,Herzogtum Lauenburg – Stormarn-Süd,Landesliste,nina-scheer.de,54
Dr. Nina Scheer,2025-07-28,-1.8516035552449808,4,61,1971-09-11,weiblich,SPD,"Juristin, Politikwissenschaftlerin, Musikerin",10.0,Herzogtum Lauenburg – Stormarn-Süd,Landesliste,nina-scheer.de,54
Dr. Norbert Röttgen,2024-06-03,-4.739391120419446,2,1,1965-07-02,männlich,CDU/CSU,Rechtsanwalt,98.0,Rhein-Sieg-Kreis II,Direktwahl,nroettgen.bsky.social‬,59
Dr. Norbert Röttgen,2024-06-10,0.646138879053837,10,2,1965-07-02,männlich,CDU/CSU,Rechtsanwalt,98.0,Rhein-Sieg-Kreis II,Direktwahl,nroettgen.bsky.social‬,59
Dr. Norbert Röttgen,2024-06-17,2.616139654595703,1,3,1965-07-02,männlich,CDU/CSU,Rechtsanwalt,98.0,Rhein-Sieg-Kreis II,Direktwahl,nroettgen.bsky.social‬,59
Dr. Norbert Röttgen,2024-06-24,-4.120485410764092,8,4,1965-07-02,männlich,CDU/CSU,Rechtsanwalt,98.0,Rhein-Sieg-Kreis II,Direktwahl,nroettgen.bsky.social‬,59
Dr. Norbert Röttgen,2024-07-01,-1.4119483567774782,11,5,1965-07-02,männlich,CDU/CSU,Rechtsanwalt,98.0,Rhein-Sieg-Kreis II,Direktwahl,nroettgen.bsky.social‬,59
Dr. Norbert Röttgen,2024-07-08,-5.013711467423237,2,6,1965-07-02,männlich,CDU/CSU,Rechtsanwalt,98.0,Rhein-Sieg-Kreis II,Direktwahl,nroettgen.bsky.social‬,59
Dr. Norbert Röttgen,2024-07-15,1.3381246402005968,3,7,1965-07-02,männlich,CDU/CSU,Rechtsanwalt,98.0,Rhein-Sieg-Kreis II,Direktwahl,nroettgen.bsky.social‬,59
Dr. Norbert Röttgen,2024-07-22,-3.4156549433013157,3,8,1965-07-02,männlich,CDU/CSU,Rechtsanwalt,98.0,Rhein-Sieg-Kreis II,Direktwahl,nroettgen.bsky.social‬,59
Dr. Norbert Röttgen,2024-07-29,-4.774417427944267,3,9,1965-07-02,männlich,CDU/CSU,Rechtsanwalt,98.0,Rhein-Sieg-Kreis II,Direktwahl,nroettgen.bsky.social‬,59
Dr. Norbert Röttgen,2024-08-05,-3.8594447705734813,2,10,1965-07-02,männlich,CDU/CSU,Rechtsanwalt,98.0,Rhein-Sieg-Kreis II,Direktwahl,nroettgen.bsky.social‬,59
Dr. Norbert Röttgen,2024-08-12,-3.7195486771002697,2,11,1965-07-02,männlich,CDU/CSU,Rechtsanwalt,98.0,Rhein-Sieg-Kreis II,Direktwahl,nroettgen.bsky.social‬,59
Dr. Norbert Röttgen,2024-08-19,-2.1505716231928935,5,12,1965-07-02,männlich,CDU/CSU,Rechtsanwalt,98.0,Rhein-Sieg-Kreis II,Direktwahl,nroettgen.bsky.social‬,59
Dr. Norbert Röttgen,2024-08-26,0.3448232496716249,5,13,1965-07-02,männlich,CDU/CSU,Rechtsanwalt,98.0,Rhein-Sieg-Kreis II,Direktwahl,nroettgen.bsky.social‬,59
Dr. Norbert Röttgen,2024-09-02,-3.9284650539974852,6,14,1965-07-02,männlich,CDU/CSU,Rechtsanwalt,98.0,Rhein-Sieg-Kreis II,Direktwahl,nroettgen.bsky.social‬,59
Dr. Norbert Röttgen,2024-09-09,-2.5213807514273707,3,15,1965-07-02,männlich,CDU/CSU,Rechtsanwalt,98.0,Rhein-Sieg-Kreis II,Direktwahl,nroettgen.bsky.social‬,59
Dr. Norbert Röttgen,2024-09-16,-3.790187939035042,2,16,1965-07-02,männlich,CDU/CSU,Rechtsanwalt,98.0,Rhein-Sieg-Kreis II,Direktwahl,nroettgen.bsky.social‬,59
Dr. Norbert Röttgen,2024-09-23,-2.128338146570071,10,17,1965-07-02,männlich,CDU/CSU,Rechtsanwalt,98.0,Rhein-Sieg-Kreis II,Direktwahl,nroettgen.bsky.social‬,59
Dr. Norbert Röttgen,2024-09-30,-1.0755636134263438,8,18,1965-07-02,männlich,CDU/CSU,Rechtsanwalt,98.0,Rhein-Sieg-Kreis II,Direktwahl,nroettgen.bsky.social‬,59
Dr. Norbert Röttgen,2024-10-07,-2.96464783212048,17,19,1965-07-02,männlich,CDU/CSU,Rechtsanwalt,98.0,Rhein-Sieg-Kreis II,Direktwahl,nroettgen.bsky.social‬,59
Dr. Norbert Röttgen,2024-10-14,-2.7961287338137257,11,20,1965-07-02,männlich,CDU/CSU,Rechtsanwalt,98.0,Rhein-Sieg-Kreis II,Direktwahl,nroettgen.bsky.social‬,59
Dr. Norbert Röttgen,2024-10-21,-0.8654432728221315,2,21,1965-07-02,männlich,CDU/CSU,Rechtsanwalt,98.0,Rhein-Sieg-Kreis II,Direktwahl,nroettgen.bsky.social‬,59
Dr. Norbert Röttgen,2024-10-28,-3.914444247501162,17,22,1965-07-02,männlich,CDU/CSU,Rechtsanwalt,98.0,Rhein-Sieg-Kreis II,Direktwahl,nroettgen.bsky.social‬,59
Dr. Norbert Röttgen,2024-11-04,-3.86630078433552,17,23,1965-07-02,männlich,CDU/CSU,Rechtsanwalt,98.0,Rhein-Sieg-Kreis II,Direktwahl,nroettgen.bsky.social‬,59
Dr. Norbert Röttgen,2024-11-11,-2.2191011208022333,14,24,1965-07-02,männlich,CDU/CSU,Rechtsanwalt,98.0,Rhein-Sieg-Kreis II,Direktwahl,nroettgen.bsky.social‬,59
Dr. Norbert Röttgen,2024-11-18,-3.333612791680641,14,25,1965-07-02,männlich,CDU/CSU,Rechtsanwalt,98.0,Rhein-Sieg-Kreis II,Direktwahl,nroettgen.bsky.social‬,59
Dr. Norbert Röttgen,2024-11-25,-0.683521026602048,12,26,1965-07-02,männlich,CDU/CSU,Rechtsanwalt,98.0,Rhein-Sieg-Kreis II,Direktwahl,nroettgen.bsky.social‬,59
Dr. Norbert Röttgen,2024-12-02,-3.2332090254020427,7,27,1965-07-02,männlich,CDU/CSU,Rechtsanwalt,98.0,Rhein-Sieg-Kreis II,Direktwahl,nroettgen.bsky.social‬,59
Dr. Norbert Röttgen,2024-12-09,-2.6935376413753724,1,28,1965-07-02,männlich,CDU/CSU,Rechtsanwalt,98.0,Rhein-Sieg-Kreis II,Direktwahl,nroettgen.bsky.social‬,59
Dr. Norbert Röttgen,2024-12-16,-4.003722131883705,4,29,1965-07-02,männlich,CDU/CSU,Rechtsanwalt,98.0,Rhein-Sieg-Kreis II,Direktwahl,nroettgen.bsky.social‬,59
Dr. Norbert Röttgen,2024-12-23,-1.7354851776900824,4,30,1965-07-02,männlich,CDU/CSU,Rechtsanwalt,98.0,Rhein-Sieg-Kreis II,Direktwahl,nroettgen.bsky.social‬,59
Dr. Norbert Röttgen,2025-01-06,-0.7726310938157317,4,32,1965-07-02,männlich,CDU/CSU,Rechtsanwalt,98.0,Rhein-Sieg-Kreis II,Direktwahl,nroettgen.bsky.social‬,60
Dr. Norbert Röttgen,2025-01-13,-1.3315972789743171,11,33,1965-07-02,männlich,CDU/CSU,Rechtsanwalt,98.0,Rhein-Sieg-Kreis II,Direktwahl,nroettgen.bsky.social‬,60
Dr. Norbert Röttgen,2025-01-20,-1.2854151703089467,18,34,1965-07-02,männlich,CDU/CSU,Rechtsanwalt,98.0,Rhein-Sieg-Kreis II,Direktwahl,nroettgen.bsky.social‬,60
Dr. Norbert Röttgen,2025-01-27,-1.2698268235295147,9,35,1965-07-02,männlich,CDU/CSU,Rechtsanwalt,98.0,Rhein-Sieg-Kreis II,Direktwahl,nroettgen.bsky.social‬,60
Dr. Norbert Röttgen,2025-02-03,-2.009147647972556,6,36,1965-07-02,männlich,CDU/CSU,Rechtsanwalt,98.0,Rhein-Sieg-Kreis II,Direktwahl,nroettgen.bsky.social‬,60
Dr. Norbert Röttgen,2025-02-10,-3.157636156155621,13,37,1965-07-02,männlich,CDU/CSU,Rechtsanwalt,98.0,Rhein-Sieg-Kreis II,Direktwahl,nroettgen.bsky.social‬,60
Dr. Norbert Röttgen,2025-02-17,-2.447373633017405,14,38,1965-07-02,männlich,CDU/CSU,Rechtsanwalt,98.0,Rhein-Sieg-Kreis II,Direktwahl,nroettgen.bsky.social‬,60
Dr. Norbert Röttgen,2025-02-24,-2.8507780999247005,21,39,1965-07-02,männlich,CDU/CSU,Rechtsanwalt,98.0,Rhein-Sieg-Kreis II,Direktwahl,nroettgen.bsky.social‬,60
Dr. Norbert Röttgen,2025-03-03,-1.965829479387508,11,40,1965-07-02,männlich,CDU/CSU,Rechtsanwalt,98.0,Rhein-Sieg-Kreis II,Direktwahl,nroettgen.bsky.social‬,60
Dr. Norbert Röttgen,2025-03-10,-2.2166897370683936,1,41,1965-07-02,männlich,CDU/CSU,Rechtsanwalt,98.0,Rhein-Sieg-Kreis II,Direktwahl,nroettgen.bsky.social‬,60
Dr. Norbert Röttgen,2025-03-17,-2.9888370594362743,3,42,1965-07-02,männlich,CDU/CSU,Rechtsanwalt,98.0,Rhein-Sieg-Kreis II,Direktwahl,nroettgen.bsky.social‬,60
Dr. Norbert Röttgen,2025-03-24,-0.2863037160511386,2,43,1965-07-02,männlich,CDU/CSU,Rechtsanwalt,97.0,Rhein-Sieg-Kreis II,Direktwahl,nroettgen.bsky.social‬,60
Dr. Norbert Röttgen,2025-03-31,0.11611181989295205,4,44,1965-07-02,männlich,CDU/CSU,Rechtsanwalt,97.0,Rhein-Sieg-Kreis II,Direktwahl,nroettgen.bsky.social‬,60
Dr. Norbert Röttgen,2025-04-07,0.22360715340843554,10,45,1965-07-02,männlich,CDU/CSU,Rechtsanwalt,97.0,Rhein-Sieg-Kreis II,Direktwahl,nroettgen.bsky.social‬,60
Dr. Norbert Röttgen,2025-04-14,-1.4329484867661204,6,46,1965-07-02,männlich,CDU/CSU,Rechtsanwalt,97.0,Rhein-Sieg-Kreis II,Direktwahl,nroettgen.bsky.social‬,60
Dr. Norbert Röttgen,2025-04-21,-5.925286118073475,2,47,1965-07-02,männlich,CDU/CSU,Rechtsanwalt,97.0,Rhein-Sieg-Kreis II,Direktwahl,nroettgen.bsky.social‬,60
Dr. Norbert Röttgen,2025-05-05,0.6497729887659517,3,49,1965-07-02,männlich,CDU/CSU,Rechtsanwalt,97.0,Rhein-Sieg-Kreis II,Direktwahl,nroettgen.bsky.social‬,60
Dr. Norbert Röttgen,2025-05-12,-1.4572176855386203,11,50,1965-07-02,männlich,CDU/CSU,Rechtsanwalt,97.0,Rhein-Sieg-Kreis II,Direktwahl,nroettgen.bsky.social‬,60
Dr. Norbert Röttgen,2025-05-19,0.3237237244168889,8,51,1965-07-02,männlich,CDU/CSU,Rechtsanwalt,97.0,Rhein-Sieg-Kreis II,Direktwahl,nroettgen.bsky.social‬,60
Dr. Norbert Röttgen,2025-05-26,-1.0852590481320523,6,52,1965-07-02,männlich,CDU/CSU,Rechtsanwalt,97.0,Rhein-Sieg-Kreis II,Direktwahl,nroettgen.bsky.social‬,60
Dr. Norbert Röttgen,2025-06-02,-2.650492762396017,6,53,1965-07-02,männlich,CDU/CSU,Rechtsanwalt,97.0,Rhein-Sieg-Kreis II,Direktwahl,nroettgen.bsky.social‬,60
Dr. Norbert Röttgen,2025-06-09,-3.4773645971792546,5,54,1965-07-02,männlich,CDU/CSU,Rechtsanwalt,97.0,Rhein-Sieg-Kreis II,Direktwahl,nroettgen.bsky.social‬,60
Dr. Norbert Röttgen,2025-06-16,-5.152831128324491,5,55,1965-07-02,männlich,CDU/CSU,Rechtsanwalt,97.0,Rhein-Sieg-Kreis II,Direktwahl,nroettgen.bsky.social‬,60
Dr. Norbert Röttgen,2025-06-23,-0.2543214201357576,3,56,1965-07-02,männlich,CDU/CSU,Rechtsanwalt,97.0,Rhein-Sieg-Kreis II,Direktwahl,nroettgen.bsky.social‬,60
Dr. Norbert Röttgen,2025-06-30,-2.0387666824961745,7,57,1965-07-02,männlich,CDU/CSU,Rechtsanwalt,97.0,Rhein-Sieg-Kreis II,Direktwahl,nroettgen.bsky.social‬,60
Dr. Norbert Röttgen,2025-07-07,-0.8993569822542148,3,58,1965-07-02,männlich,CDU/CSU,Rechtsanwalt,97.0,Rhein-Sieg-Kreis II,Direktwahl,nroettgen.bsky.social‬,60
Dr. Norbert Röttgen,2025-07-14,0.01887459907994553,1,59,1965-07-02,männlich,CDU/CSU,Rechtsanwalt,97.0,Rhein-Sieg-Kreis II,Direktwahl,nroettgen.bsky.social‬,60
Dr. Norbert Röttgen,2025-07-21,-4.801982025151769,2,60,1965-07-02,männlich,CDU/CSU,Rechtsanwalt,97.0,Rhein-Sieg-Kreis II,Direktwahl,nroettgen.bsky.social‬,60
Dr. Ophelia Nick,2024-12-09,2.415663215981627,1,28,1973-01-24,weiblich,Grünen,"Tierärztin, Bundestagsabgeordnete",105.0,Mettmann II,Landesliste,ophelia-nick.de‬,51
Dr. Ophelia Nick,2025-01-06,1.9310278451379532,1,32,1973-01-24,weiblich,Grünen,"Tierärztin, Bundestagsabgeordnete",105.0,Mettmann II,Landesliste,ophelia-nick.de‬,52
Dr. Ophelia Nick,2025-01-13,2.0856508473854403,1,33,1973-01-24,weiblich,Grünen,"Tierärztin, Bundestagsabgeordnete",105.0,Mettmann II,Landesliste,ophelia-nick.de‬,52
Dr. Ophelia Nick,2025-01-27,-4.155021691005939,3,35,1973-01-24,weiblich,Grünen,"Tierärztin, Bundestagsabgeordnete",105.0,Mettmann II,Landesliste,ophelia-nick.de‬,52
Dr. Ophelia Nick,2025-03-03,-3.8603219087612124,1,40,1973-01-24,weiblich,Grünen,"Tierärztin, Bundestagsabgeordnete",105.0,Mettmann II,Landesliste,ophelia-nick.de‬,52
Dr. Ophelia Nick,2025-03-10,-2.7597806074694367,5,41,1973-01-24,weiblich,Grünen,"Tierärztin, Bundestagsabgeordnete",105.0,Mettmann II,Landesliste,ophelia-nick.de‬,52
Dr. Ophelia Nick,2025-03-24,-2.531822777809495,3,43,1973-01-24,weiblich,Grünen,"Tierärztin, Bundestagsabgeordnete",104.0,Mettmann II,Landesliste,ophelia-nick.de‬,52
Dr. Ophelia Nick,2025-03-31,-4.864498395543147,1,44,1973-01-24,weiblich,Grünen,"Tierärztin, Bundestagsabgeordnete",104.0,Mettmann II,Landesliste,ophelia-nick.de‬,52
Dr. Ophelia Nick,2025-04-07,-0.9972023198073103,1,45,1973-01-24,weiblich,Grünen,"Tierärztin, Bundestagsabgeordnete",104.0,Mettmann II,Landesliste,ophelia-nick.de‬,52
Dr. Ophelia Nick,2025-04-28,5.363927491411493,1,48,1973-01-24,weiblich,Grünen,"Tierärztin, Bundestagsabgeordnete",104.0,Mettmann II,Landesliste,ophelia-nick.de‬,52
Dr. Ophelia Nick,2025-05-19,-2.4538489912725208,1,51,1973-01-24,weiblich,Grünen,"Tierärztin, Bundestagsabgeordnete",104.0,Mettmann II,Landesliste,ophelia-nick.de‬,52
Dr. Paula Piechotta,2024-06-03,-1.465411100569797,1,1,1986-09-19,weiblich,Grünen,Ärztin,153.0,Leipzig II,Landesliste,paulapiechotta.de,38
Dr. Paula Piechotta,2024-06-10,-4.264834182039992,3,2,1986-09-19,weiblich,Grünen,Ärztin,153.0,Leipzig II,Landesliste,paulapiechotta.de,38
Dr. Paula Piechotta,2024-06-17,-3.481985271611668,2,3,1986-09-19,weiblich,Grünen,Ärztin,153.0,Leipzig II,Landesliste,paulapiechotta.de,38
Dr. Paula Piechotta,2024-07-01,-2.7860934825489863,3,5,1986-09-19,weiblich,Grünen,Ärztin,153.0,Leipzig II,Landesliste,paulapiechotta.de,38
Dr. Paula Piechotta,2024-07-08,-4.264034247765106,1,6,1986-09-19,weiblich,Grünen,Ärztin,153.0,Leipzig II,Landesliste,paulapiechotta.de,38
Dr. Paula Piechotta,2024-07-15,-5.5937469344247255,1,7,1986-09-19,weiblich,Grünen,Ärztin,153.0,Leipzig II,Landesliste,paulapiechotta.de,38
Dr. Paula Piechotta,2024-08-05,-4.896251124421436,3,10,1986-09-19,weiblich,Grünen,Ärztin,153.0,Leipzig II,Landesliste,paulapiechotta.de,38
Dr. Paula Piechotta,2024-09-16,1.9411193076616537,1,16,1986-09-19,weiblich,Grünen,Ärztin,153.0,Leipzig II,Landesliste,paulapiechotta.de,38
Dr. Paula Piechotta,2024-09-23,0.9683104950057123,1,17,1986-09-19,weiblich,Grünen,Ärztin,153.0,Leipzig II,Landesliste,paulapiechotta.de,38
Dr. Paula Piechotta,2024-09-30,-6.366015440457742,1,18,1986-09-19,weiblich,Grünen,Ärztin,153.0,Leipzig II,Landesliste,paulapiechotta.de,38
Dr. Paula Piechotta,2024-10-07,-3.607229177058334,4,19,1986-09-19,weiblich,Grünen,Ärztin,153.0,Leipzig II,Landesliste,paulapiechotta.de,38
Dr. Paula Piechotta,2024-10-14,-1.5934615150049105,1,20,1986-09-19,weiblich,Grünen,Ärztin,153.0,Leipzig II,Landesliste,paulapiechotta.de,38
Dr. Paula Piechotta,2024-10-21,-1.3057138992708344,2,21,1986-09-19,weiblich,Grünen,Ärztin,153.0,Leipzig II,Landesliste,paulapiechotta.de,38
Dr. Paula Piechotta,2024-11-04,1.1249093951950515,2,23,1986-09-19,weiblich,Grünen,Ärztin,153.0,Leipzig II,Landesliste,paulapiechotta.de,38
Dr. Paula Piechotta,2024-11-18,-5.643015901519536,2,25,1986-09-19,weiblich,Grünen,Ärztin,153.0,Leipzig II,Landesliste,paulapiechotta.de,38
Dr. Paula Piechotta,2024-12-16,0.5974315994177138,3,29,1986-09-19,weiblich,Grünen,Ärztin,153.0,Leipzig II,Landesliste,paulapiechotta.de,38
Dr. Paula Piechotta,2024-12-23,-1.0093485793595909,2,30,1986-09-19,weiblich,Grünen,Ärztin,153.0,Leipzig II,Landesliste,paulapiechotta.de,38
Dr. Paula Piechotta,2024-12-30,-2.8473626519427757,18,31,1986-09-19,weiblich,Grünen,Ärztin,153.0,Leipzig II,Landesliste,paulapiechotta.de,38
Dr. Paula Piechotta,2025-01-06,-2.205056666361281,11,32,1986-09-19,weiblich,Grünen,Ärztin,153.0,Leipzig II,Landesliste,paulapiechotta.de,39
Dr. Paula Piechotta,2025-01-13,-3.289808066495616,29,33,1986-09-19,weiblich,Grünen,Ärztin,153.0,Leipzig II,Landesliste,paulapiechotta.de,39
Dr. Paula Piechotta,2025-01-20,-2.7713312740314184,26,34,1986-09-19,weiblich,Grünen,Ärztin,153.0,Leipzig II,Landesliste,paulapiechotta.de,39
Dr. Paula Piechotta,2025-01-27,-3.875126261626471,28,35,1986-09-19,weiblich,Grünen,Ärztin,153.0,Leipzig II,Landesliste,paulapiechotta.de,39
Dr. Paula Piechotta,2025-02-03,-1.481249515381931,12,36,1986-09-19,weiblich,Grünen,Ärztin,153.0,Leipzig II,Landesliste,paulapiechotta.de,39
Dr. Paula Piechotta,2025-02-10,-1.7239730521597076,33,37,1986-09-19,weiblich,Grünen,Ärztin,153.0,Leipzig II,Landesliste,paulapiechotta.de,39
Dr. Paula Piechotta,2025-02-17,-3.412831868599167,38,38,1986-09-19,weiblich,Grünen,Ärztin,153.0,Leipzig II,Landesliste,paulapiechotta.de,39
Dr. Paula Piechotta,2025-02-24,-3.4938155123809254,32,39,1986-09-19,weiblich,Grünen,Ärztin,153.0,Leipzig II,Landesliste,paulapiechotta.de,39
Dr. Paula Piechotta,2025-03-03,-3.5134684846149744,37,40,1986-09-19,weiblich,Grünen,Ärztin,153.0,Leipzig II,Landesliste,paulapiechotta.de,39
Dr. Paula Piechotta,2025-03-10,-2.7261939161060886,51,41,1986-09-19,weiblich,Grünen,Ärztin,153.0,Leipzig II,Landesliste,paulapiechotta.de,39
Dr. Paula Piechotta,2025-03-17,-2.6941594549056935,9,42,1986-09-19,weiblich,Grünen,Ärztin,153.0,Leipzig II,Landesliste,paulapiechotta.de,39
Dr. Paula Piechotta,2025-03-24,-1.559015874404476,14,43,1986-09-19,weiblich,Grünen,Ärztin,152.0,Leipzig II,Landesliste,paulapiechotta.de,39
Dr. Paula Piechotta,2025-03-31,-2.5920467374678973,4,44,1986-09-19,weiblich,Grünen,Ärztin,152.0,Leipzig II,Landesliste,paulapiechotta.de,39
Dr. Paula Piechotta,2025-04-07,-3.773462743886647,3,45,1986-09-19,weiblich,Grünen,Ärztin,152.0,Leipzig II,Landesliste,paulapiechotta.de,39
Dr. Paula Piechotta,2025-04-14,-2.069656662127118,21,46,1986-09-19,weiblich,Grünen,Ärztin,152.0,Leipzig II,Landesliste,paulapiechotta.de,39
Dr. Paula Piechotta,2025-04-21,-1.9679685901081791,8,47,1986-09-19,weiblich,Grünen,Ärztin,152.0,Leipzig II,Landesliste,paulapiechotta.de,39
Dr. Paula Piechotta,2025-04-28,-1.2026253376645308,10,48,1986-09-19,weiblich,Grünen,Ärztin,152.0,Leipzig II,Landesliste,paulapiechotta.de,39
Dr. Paula Piechotta,2025-05-05,-2.7668267589622526,10,49,1986-09-19,weiblich,Grünen,Ärztin,152.0,Leipzig II,Landesliste,paulapiechotta.de,39
Dr. Paula Piechotta,2025-05-12,-1.7546554506960983,8,50,1986-09-19,weiblich,Grünen,Ärztin,152.0,Leipzig II,Landesliste,paulapiechotta.de,39
Dr. Paula Piechotta,2025-05-19,-4.553303618484211,3,51,1986-09-19,weiblich,Grünen,Ärztin,152.0,Leipzig II,Landesliste,paulapiechotta.de,39
Dr. Paula Piechotta,2025-05-26,-2.677275192691687,12,52,1986-09-19,weiblich,Grünen,Ärztin,152.0,Leipzig II,Landesliste,paulapiechotta.de,39
Dr. Paula Piechotta,2025-06-02,-2.571465905677576,24,53,1986-09-19,weiblich,Grünen,Ärztin,152.0,Leipzig II,Landesliste,paulapiechotta.de,39
Dr. Paula Piechotta,2025-06-09,-2.5374429766394564,47,54,1986-09-19,weiblich,Grünen,Ärztin,152.0,Leipzig II,Landesliste,paulapiechotta.de,39
Dr. Paula Piechotta,2025-06-16,-2.741851603477364,31,55,1986-09-19,weiblich,Grünen,Ärztin,152.0,Leipzig II,Landesliste,paulapiechotta.de,39
Dr. Paula Piechotta,2025-06-23,-2.9633759398468325,54,56,1986-09-19,weiblich,Grünen,Ärztin,152.0,Leipzig II,Landesliste,paulapiechotta.de,39
Dr. Paula Piechotta,2025-06-30,-3.520933372563011,46,57,1986-09-19,weiblich,Grünen,Ärztin,152.0,Leipzig II,Landesliste,paulapiechotta.de,39
Dr. Paula Piechotta,2025-07-07,-2.8037818692475884,9,58,1986-09-19,weiblich,Grünen,Ärztin,152.0,Leipzig II,Landesliste,paulapiechotta.de,39
Dr. Paula Piechotta,2025-07-14,-2.5978442984655916,12,59,1986-09-19,weiblich,Grünen,Ärztin,152.0,Leipzig II,Landesliste,paulapiechotta.de,39
Dr. Paula Piechotta,2025-07-21,-2.543863352029727,20,60,1986-09-19,weiblich,Grünen,Ärztin,152.0,Leipzig II,Landesliste,paulapiechotta.de,39
Dr. Paula Piechotta,2025-07-28,-3.8919999826673664,4,61,1986-09-19,weiblich,Grünen,Ärztin,152.0,Leipzig II,Landesliste,paulapiechotta.de,39
Dr. Robert Habeck,2024-11-04,5.274865587808203,1,23,1969-09-02,männlich,Grünen,Schriftsteller,1.0,Flensburg - Schleswig,Direktwahl,robert-habeck.de‬,55
Dr. Robert Habeck,2024-11-11,1.0445689719472289,19,24,1969-09-02,männlich,Grünen,Schriftsteller,1.0,Flensburg - Schleswig,Direktwahl,robert-habeck.de‬,55
Dr. Robert Habeck,2024-11-18,0.04611547762240661,7,25,1969-09-02,männlich,Grünen,Schriftsteller,1.0,Flensburg - Schleswig,Direktwahl,robert-habeck.de‬,55
Dr. Robert Habeck,2024-11-25,-1.2334947995309038,2,26,1969-09-02,männlich,Grünen,Schriftsteller,1.0,Flensburg - Schleswig,Direktwahl,robert-habeck.de‬,55
Dr. Robert Habeck,2024-12-02,0.12974039858681083,1,27,1969-09-02,männlich,Grünen,Schriftsteller,1.0,Flensburg - Schleswig,Direktwahl,robert-habeck.de‬,55
Dr. Robert Habeck,2024-12-09,1.737533328976952,5,28,1969-09-02,männlich,Grünen,Schriftsteller,1.0,Flensburg - Schleswig,Direktwahl,robert-habeck.de‬,55
Dr. Robert Habeck,2024-12-16,-1.8304759287887524,8,29,1969-09-02,männlich,Grünen,Schriftsteller,1.0,Flensburg - Schleswig,Direktwahl,robert-habeck.de‬,55
Dr. Robert Habeck,2024-12-23,0.45750166411826537,4,30,1969-09-02,männlich,Grünen,Schriftsteller,1.0,Flensburg - Schleswig,Direktwahl,robert-habeck.de‬,55
Dr. Robert Habeck,2024-12-30,0.8359416268270223,7,31,1969-09-02,männlich,Grünen,Schriftsteller,1.0,Flensburg - Schleswig,Direktwahl,robert-habeck.de‬,55
Dr. Robert Habeck,2025-01-06,-1.9588953900764263,3,32,1969-09-02,männlich,Grünen,Schriftsteller,1.0,Flensburg - Schleswig,Direktwahl,robert-habeck.de‬,56
Dr. Robert Habeck,2025-01-13,-1.2886832293825323,1,33,1969-09-02,männlich,Grünen,Schriftsteller,1.0,Flensburg - Schleswig,Direktwahl,robert-habeck.de‬,56
Dr. Robert Habeck,2025-01-20,0.15281086422130294,9,34,1969-09-02,männlich,Grünen,Schriftsteller,1.0,Flensburg - Schleswig,Direktwahl,robert-habeck.de‬,56
Dr. Robert Habeck,2025-01-27,-1.6897137034757723,15,35,1969-09-02,männlich,Grünen,Schriftsteller,1.0,Flensburg - Schleswig,Direktwahl,robert-habeck.de‬,56
Dr. Robert Habeck,2025-02-03,2.9193590237505704,4,36,1969-09-02,männlich,Grünen,Schriftsteller,1.0,Flensburg - Schleswig,Direktwahl,robert-habeck.de‬,56
Dr. Robert Habeck,2025-02-10,-0.7943879385823245,22,37,1969-09-02,männlich,Grünen,Schriftsteller,1.0,Flensburg - Schleswig,Direktwahl,robert-habeck.de‬,56
Dr. Robert Habeck,2025-02-17,-0.019026039004847013,14,38,1969-09-02,männlich,Grünen,Schriftsteller,1.0,Flensburg - Schleswig,Direktwahl,robert-habeck.de‬,56
Dr. Robert Habeck,2025-02-24,4.768944760454171,1,39,1969-09-02,männlich,Grünen,Schriftsteller,1.0,Flensburg - Schleswig,Direktwahl,robert-habeck.de‬,56
Dr. Sandra Detzer,2024-11-25,4.783893295935724,1,26,1980-04-21,weiblich,Grünen,Politikwissenschaftlerin,265.0,Ludwigsburg,Landesliste,sandradetzer.bsky.social,44
Dr. Sandra Detzer,2025-02-24,5.479203321944043,1,39,1980-04-21,weiblich,Grünen,Politikwissenschaftlerin,265.0,Ludwigsburg,Landesliste,sandradetzer.bsky.social,45
Dr. Sandra Detzer,2025-06-02,-6.211526489670721,1,53,1980-04-21,weiblich,Grünen,Politikwissenschaftlerin,265.0,Ludwigsburg,Landesliste,sandradetzer.bsky.social,45
Dr. Sandra Detzer,2025-07-07,-4.189097226467599,1,58,1980-04-21,weiblich,Grünen,Politikwissenschaftlerin,265.0,Ludwigsburg,Landesliste,sandradetzer.bsky.social,45
Dr. Till Steffen,2024-12-02,-3.8915950258254277,6,27,1973-07-22,männlich,Grünen,Rechtsanwalt,20.0,Hamburg-Eimsbüttel,Direktwahl,tillsteffen.de‬,51
Dr. Till Steffen,2024-12-09,-1.2577221105545653,4,28,1973-07-22,männlich,Grünen,Rechtsanwalt,20.0,Hamburg-Eimsbüttel,Direktwahl,tillsteffen.de‬,51
Dr. Till Steffen,2024-12-16,-2.4884508415480315,9,29,1973-07-22,männlich,Grünen,Rechtsanwalt,20.0,Hamburg-Eimsbüttel,Direktwahl,tillsteffen.de‬,51
Dr. Till Steffen,2024-12-30,-0.49169315726947516,4,31,1973-07-22,männlich,Grünen,Rechtsanwalt,20.0,Hamburg-Eimsbüttel,Direktwahl,tillsteffen.de‬,51
Dr. Till Steffen,2025-01-06,-4.207732419077266,6,32,1973-07-22,männlich,Grünen,Rechtsanwalt,20.0,Hamburg-Eimsbüttel,Direktwahl,tillsteffen.de‬,52
Dr. Till Steffen,2025-01-13,-1.2049219861636093,6,33,1973-07-22,männlich,Grünen,Rechtsanwalt,20.0,Hamburg-Eimsbüttel,Direktwahl,tillsteffen.de‬,52
Dr. Till Steffen,2025-01-20,-2.84317658301736,9,34,1973-07-22,männlich,Grünen,Rechtsanwalt,20.0,Hamburg-Eimsbüttel,Direktwahl,tillsteffen.de‬,52
Dr. Till Steffen,2025-01-27,-1.578972125098431,20,35,1973-07-22,männlich,Grünen,Rechtsanwalt,20.0,Hamburg-Eimsbüttel,Direktwahl,tillsteffen.de‬,52
Dr. Till Steffen,2025-02-03,0.5477496775598618,10,36,1973-07-22,männlich,Grünen,Rechtsanwalt,20.0,Hamburg-Eimsbüttel,Direktwahl,tillsteffen.de‬,52
Dr. Till Steffen,2025-02-10,-1.7808441039481713,9,37,1973-07-22,männlich,Grünen,Rechtsanwalt,20.0,Hamburg-Eimsbüttel,Direktwahl,tillsteffen.de‬,52
Dr. Till Steffen,2025-02-17,-0.15531738696622654,4,38,1973-07-22,männlich,Grünen,Rechtsanwalt,20.0,Hamburg-Eimsbüttel,Direktwahl,tillsteffen.de‬,52
Dr. Till Steffen,2025-02-24,-1.4553527608382697,20,39,1973-07-22,männlich,Grünen,Rechtsanwalt,20.0,Hamburg-Eimsbüttel,Direktwahl,tillsteffen.de‬,52
Dr. Till Steffen,2025-03-03,-3.321368920446622,15,40,1973-07-22,männlich,Grünen,Rechtsanwalt,20.0,Hamburg-Eimsbüttel,Direktwahl,tillsteffen.de‬,52
Dr. Till Steffen,2025-03-10,-0.6502482249911152,8,41,1973-07-22,männlich,Grünen,Rechtsanwalt,20.0,Hamburg-Eimsbüttel,Direktwahl,tillsteffen.de‬,52
Dr. Till Steffen,2025-03-24,-2.426852615183672,7,43,1973-07-22,männlich,Grünen,Rechtsanwalt,20.0,Hamburg-Eimsbüttel,Direktwahl,tillsteffen.de‬,52
Dr. Till Steffen,2025-03-31,-1.4073522757978958,14,44,1973-07-22,männlich,Grünen,Rechtsanwalt,20.0,Hamburg-Eimsbüttel,Direktwahl,tillsteffen.de‬,52
Dr. Till Steffen,2025-04-07,-2.354895758373077,12,45,1973-07-22,männlich,Grünen,Rechtsanwalt,20.0,Hamburg-Eimsbüttel,Direktwahl,tillsteffen.de‬,52
Dr. Till Steffen,2025-04-14,-3.5016000891521077,13,46,1973-07-22,männlich,Grünen,Rechtsanwalt,20.0,Hamburg-Eimsbüttel,Direktwahl,tillsteffen.de‬,52
Dr. Till Steffen,2025-04-21,-0.7527056104299604,14,47,1973-07-22,männlich,Grünen,Rechtsanwalt,20.0,Hamburg-Eimsbüttel,Direktwahl,tillsteffen.de‬,52
Dr. Till Steffen,2025-04-28,-1.0926306416448968,18,48,1973-07-22,männlich,Grünen,Rechtsanwalt,20.0,Hamburg-Eimsbüttel,Direktwahl,tillsteffen.de‬,52
Dr. Till Steffen,2025-05-05,-2.0377447679657257,29,49,1973-07-22,männlich,Grünen,Rechtsanwalt,20.0,Hamburg-Eimsbüttel,Direktwahl,tillsteffen.de‬,52
Dr. Till Steffen,2025-05-12,-1.2968737957360925,21,50,1973-07-22,männlich,Grünen,Rechtsanwalt,20.0,Hamburg-Eimsbüttel,Direktwahl,tillsteffen.de‬,52
Dr. Till Steffen,2025-05-19,-1.6524631865670592,25,51,1973-07-22,männlich,Grünen,Rechtsanwalt,20.0,Hamburg-Eimsbüttel,Direktwahl,tillsteffen.de‬,52
Dr. Till Steffen,2025-05-26,-3.1175168597185956,17,52,1973-07-22,männlich,Grünen,Rechtsanwalt,20.0,Hamburg-Eimsbüttel,Direktwahl,tillsteffen.de‬,52
Dr. Till Steffen,2025-06-02,-3.3220264538964095,31,53,1973-07-22,männlich,Grünen,Rechtsanwalt,20.0,Hamburg-Eimsbüttel,Direktwahl,tillsteffen.de‬,52
Dr. Till Steffen,2025-06-09,-1.473309852165916,17,54,1973-07-22,männlich,Grünen,Rechtsanwalt,20.0,Hamburg-Eimsbüttel,Direktwahl,tillsteffen.de‬,52
Dr. Till Steffen,2025-06-16,-2.290021897004691,23,55,1973-07-22,männlich,Grünen,Rechtsanwalt,20.0,Hamburg-Eimsbüttel,Direktwahl,tillsteffen.de‬,52
Dr. Till Steffen,2025-06-23,-1.5326140675187638,21,56,1973-07-22,männlich,Grünen,Rechtsanwalt,20.0,Hamburg-Eimsbüttel,Direktwahl,tillsteffen.de‬,52
Dr. Till Steffen,2025-06-30,-3.3457137995852273,17,57,1973-07-22,männlich,Grünen,Rechtsanwalt,20.0,Hamburg-Eimsbüttel,Direktwahl,tillsteffen.de‬,52
Dr. Till Steffen,2025-07-07,-3.3877197406481985,22,58,1973-07-22,männlich,Grünen,Rechtsanwalt,20.0,Hamburg-Eimsbüttel,Direktwahl,tillsteffen.de‬,52
Dr. Till Steffen,2025-07-14,-3.577242658219658,16,59,1973-07-22,männlich,Grünen,Rechtsanwalt,20.0,Hamburg-Eimsbüttel,Direktwahl,tillsteffen.de‬,52
Dr. Till Steffen,2025-07-21,-2.9505191200347918,8,60,1973-07-22,männlich,Grünen,Rechtsanwalt,20.0,Hamburg-Eimsbüttel,Direktwahl,tillsteffen.de‬,52
Dr. Till Steffen,2025-07-28,-4.5435896329181595,11,61,1973-07-22,männlich,Grünen,Rechtsanwalt,20.0,Hamburg-Eimsbüttel,Direktwahl,tillsteffen.de‬,52
Dr. Tobias Lindner,2024-06-10,0.09302189895415987,1,2,1982-01-11,männlich,Grünen,Wirtschaftswissenschaftler,211.0,Südpfalz,Landesliste,tobiaslindner.bsky.social,42
Dr. Tobias Lindner,2024-06-24,2.0093418394517397,1,4,1982-01-11,männlich,Grünen,Wirtschaftswissenschaftler,211.0,Südpfalz,Landesliste,tobiaslindner.bsky.social,42
Dr. Tobias Lindner,2024-07-01,4.5345905445466785,1,5,1982-01-11,männlich,Grünen,Wirtschaftswissenschaftler,211.0,Südpfalz,Landesliste,tobiaslindner.bsky.social,42
Dr. Wolfgang Strengmann-Kuhn,2024-06-03,-1.593165654071677,3,1,1964-05-20,männlich,Grünen,Volkswirt,185.0,Offenbach,Landesliste,strengmann-kuhn.de‬,60
Dr. Wolfgang Strengmann-Kuhn,2024-06-10,-0.3989007349801974,3,2,1964-05-20,männlich,Grünen,Volkswirt,185.0,Offenbach,Landesliste,strengmann-kuhn.de‬,60
Dr. Wolfgang Strengmann-Kuhn,2024-06-17,0.09491689127449829,5,3,1964-05-20,männlich,Grünen,Volkswirt,185.0,Offenbach,Landesliste,strengmann-kuhn.de‬,60
Dr. Wolfgang Strengmann-Kuhn,2024-07-01,-0.7121975610866859,1,5,1964-05-20,männlich,Grünen,Volkswirt,185.0,Offenbach,Landesliste,strengmann-kuhn.de‬,60
Dr. Wolfgang Strengmann-Kuhn,2024-07-08,-3.4863393125739957,3,6,1964-05-20,männlich,Grünen,Volkswirt,185.0,Offenbach,Landesliste,strengmann-kuhn.de‬,60
Dr. Wolfgang Strengmann-Kuhn,2024-07-15,-0.5807498066788646,4,7,1964-05-20,männlich,Grünen,Volkswirt,185.0,Offenbach,Landesliste,strengmann-kuhn.de‬,60
Dr. Wolfgang Strengmann-Kuhn,2024-07-22,-3.4013232136925518,6,8,1964-05-20,männlich,Grünen,Volkswirt,185.0,Offenbach,Landesliste,strengmann-kuhn.de‬,60
Dr. Wolfgang Strengmann-Kuhn,2024-07-29,0.5184257967915232,8,9,1964-05-20,männlich,Grünen,Volkswirt,185.0,Offenbach,Landesliste,strengmann-kuhn.de‬,60
Dr. Wolfgang Strengmann-Kuhn,2024-08-05,1.3961134306257585,3,10,1964-05-20,männlich,Grünen,Volkswirt,185.0,Offenbach,Landesliste,strengmann-kuhn.de‬,60
Dr. Wolfgang Strengmann-Kuhn,2024-08-12,1.5509883611507274,3,11,1964-05-20,männlich,Grünen,Volkswirt,185.0,Offenbach,Landesliste,strengmann-kuhn.de‬,60
Dr. Wolfgang Strengmann-Kuhn,2024-08-19,-1.2926915806816215,7,12,1964-05-20,männlich,Grünen,Volkswirt,185.0,Offenbach,Landesliste,strengmann-kuhn.de‬,60
Dr. Wolfgang Strengmann-Kuhn,2024-08-26,-0.8061342512067962,4,13,1964-05-20,männlich,Grünen,Volkswirt,185.0,Offenbach,Landesliste,strengmann-kuhn.de‬,60
Dr. Wolfgang Strengmann-Kuhn,2024-09-02,0.3082120752556765,3,14,1964-05-20,männlich,Grünen,Volkswirt,185.0,Offenbach,Landesliste,strengmann-kuhn.de‬,60
Dr. Wolfgang Strengmann-Kuhn,2024-09-09,3.0602790934524706,4,15,1964-05-20,männlich,Grünen,Volkswirt,185.0,Offenbach,Landesliste,strengmann-kuhn.de‬,60
Dr. Wolfgang Strengmann-Kuhn,2024-09-16,-2.4552873353420908,4,16,1964-05-20,männlich,Grünen,Volkswirt,185.0,Offenbach,Landesliste,strengmann-kuhn.de‬,60
Dr. Wolfgang Strengmann-Kuhn,2024-09-23,1.1010973443092806,5,17,1964-05-20,männlich,Grünen,Volkswirt,185.0,Offenbach,Landesliste,strengmann-kuhn.de‬,60
Dr. Wolfgang Strengmann-Kuhn,2024-09-30,0.28530408201062013,7,18,1964-05-20,männlich,Grünen,Volkswirt,185.0,Offenbach,Landesliste,strengmann-kuhn.de‬,60
Dr. Wolfgang Strengmann-Kuhn,2024-10-07,-1.9587568203522505,4,19,1964-05-20,männlich,Grünen,Volkswirt,185.0,Offenbach,Landesliste,strengmann-kuhn.de‬,60
Dr. Wolfgang Strengmann-Kuhn,2024-10-14,2.1960475429093824,1,20,1964-05-20,männlich,Grünen,Volkswirt,185.0,Offenbach,Landesliste,strengmann-kuhn.de‬,60
Dr. Wolfgang Strengmann-Kuhn,2024-10-21,-0.03351019716842823,9,21,1964-05-20,männlich,Grünen,Volkswirt,185.0,Offenbach,Landesliste,strengmann-kuhn.de‬,60
Dr. Wolfgang Strengmann-Kuhn,2024-10-28,0.696256935577002,6,22,1964-05-20,männlich,Grünen,Volkswirt,185.0,Offenbach,Landesliste,strengmann-kuhn.de‬,60
Dr. Wolfgang Strengmann-Kuhn,2024-11-04,0.020302593819950653,3,23,1964-05-20,männlich,Grünen,Volkswirt,185.0,Offenbach,Landesliste,strengmann-kuhn.de‬,60
Dr. Wolfgang Strengmann-Kuhn,2024-11-11,0.4779310245467236,2,24,1964-05-20,männlich,Grünen,Volkswirt,185.0,Offenbach,Landesliste,strengmann-kuhn.de‬,60
Dr. Wolfgang Strengmann-Kuhn,2024-11-18,-0.04483532480413545,9,25,1964-05-20,männlich,Grünen,Volkswirt,185.0,Offenbach,Landesliste,strengmann-kuhn.de‬,60
Dr. Wolfgang Strengmann-Kuhn,2024-11-25,0.9715274009538789,6,26,1964-05-20,männlich,Grünen,Volkswirt,185.0,Offenbach,Landesliste,strengmann-kuhn.de‬,60
Dr. Wolfgang Strengmann-Kuhn,2024-12-02,-0.1383717105898023,5,27,1964-05-20,männlich,Grünen,Volkswirt,185.0,Offenbach,Landesliste,strengmann-kuhn.de‬,60
Dr. Wolfgang Strengmann-Kuhn,2024-12-09,0.17922044235748458,6,28,1964-05-20,männlich,Grünen,Volkswirt,185.0,Offenbach,Landesliste,strengmann-kuhn.de‬,60
Dr. Wolfgang Strengmann-Kuhn,2024-12-16,-1.4508007902401538,7,29,1964-05-20,männlich,Grünen,Volkswirt,185.0,Offenbach,Landesliste,strengmann-kuhn.de‬,60
Dr. Wolfgang Strengmann-Kuhn,2024-12-23,-2.7521944318362674,4,30,1964-05-20,männlich,Grünen,Volkswirt,185.0,Offenbach,Landesliste,strengmann-kuhn.de‬,60
Dr. Wolfgang Strengmann-Kuhn,2024-12-30,-2.9927340227294987,6,31,1964-05-20,männlich,Grünen,Volkswirt,185.0,Offenbach,Landesliste,strengmann-kuhn.de‬,60
Dr. Wolfgang Strengmann-Kuhn,2025-01-06,1.752481828639826,2,32,1964-05-20,männlich,Grünen,Volkswirt,185.0,Offenbach,Landesliste,strengmann-kuhn.de‬,61
Dr. Wolfgang Strengmann-Kuhn,2025-01-13,-0.7384439614865773,5,33,1964-05-20,männlich,Grünen,Volkswirt,185.0,Offenbach,Landesliste,strengmann-kuhn.de‬,61
Dr. Wolfgang Strengmann-Kuhn,2025-01-20,-1.3816432634035123,5,34,1964-05-20,männlich,Grünen,Volkswirt,185.0,Offenbach,Landesliste,strengmann-kuhn.de‬,61
Dr. Wolfgang Strengmann-Kuhn,2025-01-27,-0.33910846818709794,2,35,1964-05-20,männlich,Grünen,Volkswirt,185.0,Offenbach,Landesliste,strengmann-kuhn.de‬,61
Dr. Wolfgang Strengmann-Kuhn,2025-02-03,-2.080001482274102,6,36,1964-05-20,männlich,Grünen,Volkswirt,185.0,Offenbach,Landesliste,strengmann-kuhn.de‬,61
Dr. Wolfgang Strengmann-Kuhn,2025-02-10,-0.4450354749467435,6,37,1964-05-20,männlich,Grünen,Volkswirt,185.0,Offenbach,Landesliste,strengmann-kuhn.de‬,61
Dr. Wolfgang Strengmann-Kuhn,2025-02-17,-0.5244064920001935,7,38,1964-05-20,männlich,Grünen,Volkswirt,185.0,Offenbach,Landesliste,strengmann-kuhn.de‬,61
Dr. Wolfgang Strengmann-Kuhn,2025-02-24,2.004204612875572,4,39,1964-05-20,männlich,Grünen,Volkswirt,185.0,Offenbach,Landesliste,strengmann-kuhn.de‬,61
Dr. Wolfgang Strengmann-Kuhn,2025-03-03,0.18716388796997002,4,40,1964-05-20,männlich,Grünen,Volkswirt,185.0,Offenbach,Landesliste,strengmann-kuhn.de‬,61
Dr. Wolfgang Strengmann-Kuhn,2025-03-10,-1.0696529728536028,6,41,1964-05-20,männlich,Grünen,Volkswirt,185.0,Offenbach,Landesliste,strengmann-kuhn.de‬,61
Dr. Wolfgang Strengmann-Kuhn,2025-03-17,-1.7506606501309772,3,42,1964-05-20,männlich,Grünen,Volkswirt,185.0,Offenbach,Landesliste,strengmann-kuhn.de‬,61
Dr. Zoe Mayer,2024-06-24,5.012166364547746,1,4,1995-08-07,weiblich,Grünen,Doktorin der Ingenieurwissenschaften (Dr.-Ing.),271.0,Karlsruhe-Stadt,Direktwahl,zoegruene.bsky.social,29
Dr. Zoe Mayer,2024-07-01,-3.0626981741704244,1,5,1995-08-07,weiblich,Grünen,Doktorin der Ingenieurwissenschaften (Dr.-Ing.),271.0,Karlsruhe-Stadt,Direktwahl,zoegruene.bsky.social,29
Dr. Zoe Mayer,2024-09-02,-0.3983699909326226,1,14,1995-08-07,weiblich,Grünen,Doktorin der Ingenieurwissenschaften (Dr.-Ing.),271.0,Karlsruhe-Stadt,Direktwahl,zoegruene.bsky.social,29
Dr. Zoe Mayer,2024-09-09,-1.5588853878312467,2,15,1995-08-07,weiblich,Grünen,Doktorin der Ingenieurwissenschaften (Dr.-Ing.),271.0,Karlsruhe-Stadt,Direktwahl,zoegruene.bsky.social,29
Dr. Zoe Mayer,2024-09-23,5.36321590335469,1,17,1995-08-07,weiblich,Grünen,Doktorin der Ingenieurwissenschaften (Dr.-Ing.),271.0,Karlsruhe-Stadt,Direktwahl,zoegruene.bsky.social,29
Dr. Zoe Mayer,2024-10-14,-0.3604337404500906,4,20,1995-08-07,weiblich,Grünen,Doktorin der Ingenieurwissenschaften (Dr.-Ing.),271.0,Karlsruhe-Stadt,Direktwahl,zoegruene.bsky.social,29
Dr. Zoe Mayer,2024-10-21,-3.73481541576742,1,21,1995-08-07,weiblich,Grünen,Doktorin der Ingenieurwissenschaften (Dr.-Ing.),271.0,Karlsruhe-Stadt,Direktwahl,zoegruene.bsky.social,29
Dr. Zoe Mayer,2024-10-28,-5.5889436695883035,3,22,1995-08-07,weiblich,Grünen,Doktorin der Ingenieurwissenschaften (Dr.-Ing.),271.0,Karlsruhe-Stadt,Direktwahl,zoegruene.bsky.social,29
Dr. Zoe Mayer,2024-11-11,-2.332591884794476,3,24,1995-08-07,weiblich,Grünen,Doktorin der Ingenieurwissenschaften (Dr.-Ing.),271.0,Karlsruhe-Stadt,Direktwahl,zoegruene.bsky.social,29
Dr. Zoe Mayer,2024-11-18,-0.07185492472793507,1,25,1995-08-07,weiblich,Grünen,Doktorin der Ingenieurwissenschaften (Dr.-Ing.),271.0,Karlsruhe-Stadt,Direktwahl,zoegruene.bsky.social,29
Dr. Zoe Mayer,2024-12-02,-1.1907433778649383,7,27,1995-08-07,weiblich,Grünen,Doktorin der Ingenieurwissenschaften (Dr.-Ing.),271.0,Karlsruhe-Stadt,Direktwahl,zoegruene.bsky.social,29
Dr. Zoe Mayer,2024-12-09,-1.2776516397174564,5,28,1995-08-07,weiblich,Grünen,Doktorin der Ingenieurwissenschaften (Dr.-Ing.),271.0,Karlsruhe-Stadt,Direktwahl,zoegruene.bsky.social,29
Dr. Zoe Mayer,2025-01-13,-3.6938117298083606,4,33,1995-08-07,weiblich,Grünen,Doktorin der Ingenieurwissenschaften (Dr.-Ing.),271.0,Karlsruhe-Stadt,Direktwahl,zoegruene.bsky.social,30
Dr. Zoe Mayer,2025-01-20,-2.9818247564135647,2,34,1995-08-07,weiblich,Grünen,Doktorin der Ingenieurwissenschaften (Dr.-Ing.),271.0,Karlsruhe-Stadt,Direktwahl,zoegruene.bsky.social,30
Dr. Zoe Mayer,2025-01-27,-4.54290757364167,9,35,1995-08-07,weiblich,Grünen,Doktorin der Ingenieurwissenschaften (Dr.-Ing.),271.0,Karlsruhe-Stadt,Direktwahl,zoegruene.bsky.social,30
Dr. Zoe Mayer,2025-02-03,-2.2280592857801866,5,36,1995-08-07,weiblich,Grünen,Doktorin der Ingenieurwissenschaften (Dr.-Ing.),271.0,Karlsruhe-Stadt,Direktwahl,zoegruene.bsky.social,30
Dr. Zoe Mayer,2025-02-10,-3.5882808841087956,3,37,1995-08-07,weiblich,Grünen,Doktorin der Ingenieurwissenschaften (Dr.-Ing.),271.0,Karlsruhe-Stadt,Direktwahl,zoegruene.bsky.social,30
Dr. Zoe Mayer,2025-02-17,-1.7629682594938056,7,38,1995-08-07,weiblich,Grünen,Doktorin der Ingenieurwissenschaften (Dr.-Ing.),271.0,Karlsruhe-Stadt,Direktwahl,zoegruene.bsky.social,30
Dr. Zoe Mayer,2025-02-24,-1.6390338017528632,9,39,1995-08-07,weiblich,Grünen,Doktorin der Ingenieurwissenschaften (Dr.-Ing.),271.0,Karlsruhe-Stadt,Direktwahl,zoegruene.bsky.social,30
Dr. Zoe Mayer,2025-03-17,-3.0733327654226477,2,42,1995-08-07,weiblich,Grünen,Doktorin der Ingenieurwissenschaften (Dr.-Ing.),271.0,Karlsruhe-Stadt,Direktwahl,zoegruene.bsky.social,30
Dr. Zoe Mayer,2025-03-24,-3.5818552921524875,10,43,1995-08-07,weiblich,Grünen,Doktorin der Ingenieurwissenschaften (Dr.-Ing.),271.0,Karlsruhe-Stadt,Direktwahl,zoegruene.bsky.social,30
Dr. Zoe Mayer,2025-03-31,-2.1611723614646126,4,44,1995-08-07,weiblich,Grünen,Doktorin der Ingenieurwissenschaften (Dr.-Ing.),271.0,Karlsruhe-Stadt,Direktwahl,zoegruene.bsky.social,30
Dr. Zoe Mayer,2025-04-07,0.9899007905273504,6,45,1995-08-07,weiblich,Grünen,Doktorin der Ingenieurwissenschaften (Dr.-Ing.),271.0,Karlsruhe-Stadt,Direktwahl,zoegruene.bsky.social,30
Dr. Zoe Mayer,2025-04-14,-1.5838169442146097,2,46,1995-08-07,weiblich,Grünen,Doktorin der Ingenieurwissenschaften (Dr.-Ing.),271.0,Karlsruhe-Stadt,Direktwahl,zoegruene.bsky.social,30
Dr. Zoe Mayer,2025-04-21,-0.7138287405341566,3,47,1995-08-07,weiblich,Grünen,Doktorin der Ingenieurwissenschaften (Dr.-Ing.),271.0,Karlsruhe-Stadt,Direktwahl,zoegruene.bsky.social,30
Dr. Zoe Mayer,2025-04-28,-2.734996950543895,8,48,1995-08-07,weiblich,Grünen,Doktorin der Ingenieurwissenschaften (Dr.-Ing.),271.0,Karlsruhe-Stadt,Direktwahl,zoegruene.bsky.social,30
Dr. Zoe Mayer,2025-05-05,-3.970247869176113,3,49,1995-08-07,weiblich,Grünen,Doktorin der Ingenieurwissenschaften (Dr.-Ing.),271.0,Karlsruhe-Stadt,Direktwahl,zoegruene.bsky.social,30
Dr. Zoe Mayer,2025-05-12,-2.734305946595188,5,50,1995-08-07,weiblich,Grünen,Doktorin der Ingenieurwissenschaften (Dr.-Ing.),271.0,Karlsruhe-Stadt,Direktwahl,zoegruene.bsky.social,30
Dr. Zoe Mayer,2025-05-19,0.34050656349168984,4,51,1995-08-07,weiblich,Grünen,Doktorin der Ingenieurwissenschaften (Dr.-Ing.),271.0,Karlsruhe-Stadt,Direktwahl,zoegruene.bsky.social,30
Dr. Zoe Mayer,2025-06-02,-3.434987154811421,5,53,1995-08-07,weiblich,Grünen,Doktorin der Ingenieurwissenschaften (Dr.-Ing.),271.0,Karlsruhe-Stadt,Direktwahl,zoegruene.bsky.social,30
Dr. Zoe Mayer,2025-06-09,-2.0964980638353943,5,54,1995-08-07,weiblich,Grünen,Doktorin der Ingenieurwissenschaften (Dr.-Ing.),271.0,Karlsruhe-Stadt,Direktwahl,zoegruene.bsky.social,30
Dr. Zoe Mayer,2025-06-16,-2.588792189517262,3,55,1995-08-07,weiblich,Grünen,Doktorin der Ingenieurwissenschaften (Dr.-Ing.),271.0,Karlsruhe-Stadt,Direktwahl,zoegruene.bsky.social,30
Dr. Zoe Mayer,2025-06-23,-4.396912717505056,3,56,1995-08-07,weiblich,Grünen,Doktorin der Ingenieurwissenschaften (Dr.-Ing.),271.0,Karlsruhe-Stadt,Direktwahl,zoegruene.bsky.social,30
Dr. Zoe Mayer,2025-06-30,-4.444018814070364,6,57,1995-08-07,weiblich,Grünen,Doktorin der Ingenieurwissenschaften (Dr.-Ing.),271.0,Karlsruhe-Stadt,Direktwahl,zoegruene.bsky.social,30
Dr. Zoe Mayer,2025-07-07,-4.888978691794279,7,58,1995-08-07,weiblich,Grünen,Doktorin der Ingenieurwissenschaften (Dr.-Ing.),271.0,Karlsruhe-Stadt,Direktwahl,zoegruene.bsky.social,30
Dr. Zoe Mayer,2025-07-14,-3.2651918785431007,3,59,1995-08-07,weiblich,Grünen,Doktorin der Ingenieurwissenschaften (Dr.-Ing.),271.0,Karlsruhe-Stadt,Direktwahl,zoegruene.bsky.social,30
Dr. Zoe Mayer,2025-07-21,-3.8194496271512977,2,60,1995-08-07,weiblich,Grünen,Doktorin der Ingenieurwissenschaften (Dr.-Ing.),271.0,Karlsruhe-Stadt,Direktwahl,zoegruene.bsky.social,30
Dr. Zoe Mayer,2025-07-28,3.5633922559309097,1,61,1995-08-07,weiblich,Grünen,Doktorin der Ingenieurwissenschaften (Dr.-Ing.),271.0,Karlsruhe-Stadt,Direktwahl,zoegruene.bsky.social,30
Ekin Deligöz,2024-06-03,0.8483964145479421,1,1,1971-04-21,weiblich,Grünen,Dipl.-Verwaltungswissenschaftlerin,255.0,Neu-Ulm,Landesliste,ekin-deligoez.de,53
Ekin Deligöz,2024-06-17,-1.2622158072165477,1,3,1971-04-21,weiblich,Grünen,Dipl.-Verwaltungswissenschaftlerin,255.0,Neu-Ulm,Landesliste,ekin-deligoez.de,53
Ekin Deligöz,2024-06-24,-1.1700542813413775,1,4,1971-04-21,weiblich,Grünen,Dipl.-Verwaltungswissenschaftlerin,255.0,Neu-Ulm,Landesliste,ekin-deligoez.de,53
Ekin Deligöz,2024-07-15,2.608620935875687,2,7,1971-04-21,weiblich,Grünen,Dipl.-Verwaltungswissenschaftlerin,255.0,Neu-Ulm,Landesliste,ekin-deligoez.de,53
Ekin Deligöz,2024-09-02,-3.476527328527813,2,14,1971-04-21,weiblich,Grünen,Dipl.-Verwaltungswissenschaftlerin,255.0,Neu-Ulm,Landesliste,ekin-deligoez.de,53
Ekin Deligöz,2024-09-16,-5.69096754741058,1,16,1971-04-21,weiblich,Grünen,Dipl.-Verwaltungswissenschaftlerin,255.0,Neu-Ulm,Landesliste,ekin-deligoez.de,53
Ekin Deligöz,2024-10-21,3.996888088598743,1,21,1971-04-21,weiblich,Grünen,Dipl.-Verwaltungswissenschaftlerin,255.0,Neu-Ulm,Landesliste,ekin-deligoez.de,53
Ekin Deligöz,2024-11-25,0.8567549128141939,1,26,1971-04-21,weiblich,Grünen,Dipl.-Verwaltungswissenschaftlerin,255.0,Neu-Ulm,Landesliste,ekin-deligoez.de,53
Ekin Deligöz,2024-12-30,3.529158276963184,1,31,1971-04-21,weiblich,Grünen,Dipl.-Verwaltungswissenschaftlerin,255.0,Neu-Ulm,Landesliste,ekin-deligoez.de,53
Ekin Deligöz,2025-02-17,-0.07666401434854775,1,38,1971-04-21,weiblich,Grünen,Dipl.-Verwaltungswissenschaftlerin,255.0,Neu-Ulm,Landesliste,ekin-deligoez.de,54
Elisabeth Kaiser,2025-01-20,-6.123299060634906,1,34,1987-03-04,weiblich,SPD,Politik- und Verwaltungswissenschaftlerin,194.0,Gera - Greiz - Altenburger Land,Landesliste,elisabethkaiser.bsky.social,38
Elisabeth Kaiser,2025-01-27,0.07996592884409554,3,35,1987-03-04,weiblich,SPD,Politik- und Verwaltungswissenschaftlerin,194.0,Gera - Greiz - Altenburger Land,Landesliste,elisabethkaiser.bsky.social,38
Elisabeth Kaiser,2025-02-10,-3.7371357930692155,2,37,1987-03-04,weiblich,SPD,Politik- und Verwaltungswissenschaftlerin,194.0,Gera - Greiz - Altenburger Land,Landesliste,elisabethkaiser.bsky.social,38
Elisabeth Kaiser,2025-02-17,2.1697448633286927,3,38,1987-03-04,weiblich,SPD,Politik- und Verwaltungswissenschaftlerin,194.0,Gera - Greiz - Altenburger Land,Landesliste,elisabethkaiser.bsky.social,38
Elisabeth Kaiser,2025-03-10,0.18726093226334092,1,41,1987-03-04,weiblich,SPD,Politik- und Verwaltungswissenschaftlerin,194.0,Gera - Greiz - Altenburger Land,Landesliste,elisabethkaiser.bsky.social,38
Elisabeth Kaiser,2025-03-17,1.7701658934197704,2,42,1987-03-04,weiblich,SPD,Politik- und Verwaltungswissenschaftlerin,194.0,Gera - Greiz - Altenburger Land,Landesliste,elisabethkaiser.bsky.social,38
Elisabeth Kaiser,2025-03-24,1.9937002149319833,1,43,1987-03-04,weiblich,SPD,Politik- und Verwaltungswissenschaftlerin,193.0,Gera – Greiz – Altenburger Land,Landesliste,elisabethkaiser.bsky.social,38
Elisabeth Kaiser,2025-04-07,0.8954958409407511,4,45,1987-03-04,weiblich,SPD,Politik- und Verwaltungswissenschaftlerin,193.0,Gera – Greiz – Altenburger Land,Landesliste,elisabethkaiser.bsky.social,38
Elisabeth Kaiser,2025-04-14,-0.01785304278118538,2,46,1987-03-04,weiblich,SPD,Politik- und Verwaltungswissenschaftlerin,193.0,Gera – Greiz – Altenburger Land,Landesliste,elisabethkaiser.bsky.social,38
Elisabeth Kaiser,2025-05-05,2.0189853312615185,2,49,1987-03-04,weiblich,SPD,Politik- und Verwaltungswissenschaftlerin,193.0,Gera – Greiz – Altenburger Land,Landesliste,elisabethkaiser.bsky.social,38
Elisabeth Kaiser,2025-05-19,-1.112211197989175,3,51,1987-03-04,weiblich,SPD,Politik- und Verwaltungswissenschaftlerin,193.0,Gera – Greiz – Altenburger Land,Landesliste,elisabethkaiser.bsky.social,38
Elisabeth Kaiser,2025-06-30,0.8519855274262829,2,57,1987-03-04,weiblich,SPD,Politik- und Verwaltungswissenschaftlerin,193.0,Gera – Greiz – Altenburger Land,Landesliste,elisabethkaiser.bsky.social,38
Elisabeth Kaiser,2025-07-07,4.949889736276624,2,58,1987-03-04,weiblich,SPD,Politik- und Verwaltungswissenschaftlerin,193.0,Gera – Greiz – Altenburger Land,Landesliste,elisabethkaiser.bsky.social,38
Elisabeth Kaiser,2025-07-14,4.141282032824983,1,59,1987-03-04,weiblich,SPD,Politik- und Verwaltungswissenschaftlerin,193.0,Gera – Greiz – Altenburger Land,Landesliste,elisabethkaiser.bsky.social,38
Elisabeth Kaiser,2025-07-21,-0.5842862622403514,1,60,1987-03-04,weiblich,SPD,Politik- und Verwaltungswissenschaftlerin,193.0,Gera – Greiz – Altenburger Land,Landesliste,elisabethkaiser.bsky.social,38
Erhard Grundl,2024-11-18,5.167942051116965,2,25,1963-01-07,männlich,Grünen,Vertriebsmanager,231.0,Straubing,Landesliste,erhardgrundl.bsky.social,61
Erhard Grundl,2024-12-02,-2.6695096645990586,2,27,1963-01-07,männlich,Grünen,Vertriebsmanager,231.0,Straubing,Landesliste,erhardgrundl.bsky.social,61
Erhard Grundl,2025-03-03,-5.302244920964544,1,40,1963-01-07,männlich,Grünen,Vertriebsmanager,231.0,Straubing,Landesliste,erhardgrundl.bsky.social,62
Erhard Grundl,2025-03-10,-4.178858339673826,2,41,1963-01-07,männlich,Grünen,Vertriebsmanager,231.0,Straubing,Landesliste,erhardgrundl.bsky.social,62
Ferat Koçak,2025-03-24,-0.1052654955020489,2,43,1979-05-26,männlich,Die LINKE,Dipl.-Wirtschaftswissenschaftler,81.0,Berlin-Neukölln,Direktwahl,feratkocak.dielinkebt.de,46
Ferat Koçak,2025-03-31,1.943932905562689,2,44,1979-05-26,männlich,Die LINKE,Dipl.-Wirtschaftswissenschaftler,81.0,Berlin-Neukölln,Direktwahl,feratkocak.dielinkebt.de,46
Ferat Koçak,2025-04-07,-3.3625120813965905,2,45,1979-05-26,männlich,Die LINKE,Dipl.-Wirtschaftswissenschaftler,81.0,Berlin-Neukölln,Direktwahl,feratkocak.dielinkebt.de,46
Ferat Koçak,2025-04-21,-0.6976214878568854,3,47,1979-05-26,männlich,Die LINKE,Dipl.-Wirtschaftswissenschaftler,81.0,Berlin-Neukölln,Direktwahl,feratkocak.dielinkebt.de,46
Ferat Koçak,2025-04-28,-4.142924535788117,2,48,1979-05-26,männlich,Die LINKE,Dipl.-Wirtschaftswissenschaftler,81.0,Berlin-Neukölln,Direktwahl,feratkocak.dielinkebt.de,46
Ferat Koçak,2025-05-05,-1.052324666156722,6,49,1979-05-26,männlich,Die LINKE,Dipl.-Wirtschaftswissenschaftler,81.0,Berlin-Neukölln,Direktwahl,feratkocak.dielinkebt.de,46
Ferat Koçak,2025-05-19,-2.3253294750029965,8,51,1979-05-26,männlich,Die LINKE,Dipl.-Wirtschaftswissenschaftler,81.0,Berlin-Neukölln,Direktwahl,feratkocak.dielinkebt.de,46
Ferat Koçak,2025-05-26,-1.4377225554793571,8,52,1979-05-26,männlich,Die LINKE,Dipl.-Wirtschaftswissenschaftler,81.0,Berlin-Neukölln,Direktwahl,feratkocak.dielinkebt.de,46
Ferat Koçak,2025-06-02,-1.70593209239791,16,53,1979-05-26,männlich,Die LINKE,Dipl.-Wirtschaftswissenschaftler,81.0,Berlin-Neukölln,Direktwahl,feratkocak.dielinkebt.de,46
Ferat Koçak,2025-06-09,-3.163736621220863,14,54,1979-05-26,männlich,Die LINKE,Dipl.-Wirtschaftswissenschaftler,81.0,Berlin-Neukölln,Direktwahl,feratkocak.dielinkebt.de,46
Ferat Koçak,2025-06-16,-0.8002656976430202,10,55,1979-05-26,männlich,Die LINKE,Dipl.-Wirtschaftswissenschaftler,81.0,Berlin-Neukölln,Direktwahl,feratkocak.dielinkebt.de,46
Ferat Koçak,2025-06-23,-0.9954993093730724,16,56,1979-05-26,männlich,Die LINKE,Dipl.-Wirtschaftswissenschaftler,81.0,Berlin-Neukölln,Direktwahl,feratkocak.dielinkebt.de,46
Ferat Koçak,2025-06-30,-1.0569331960786668,8,57,1979-05-26,männlich,Die LINKE,Dipl.-Wirtschaftswissenschaftler,81.0,Berlin-Neukölln,Direktwahl,feratkocak.dielinkebt.de,46
Ferat Koçak,2025-07-07,-3.097844638788386,10,58,1979-05-26,männlich,Die LINKE,Dipl.-Wirtschaftswissenschaftler,81.0,Berlin-Neukölln,Direktwahl,feratkocak.dielinkebt.de,46
Ferat Koçak,2025-07-14,-1.3418199268491158,7,59,1979-05-26,männlich,Die LINKE,Dipl.-Wirtschaftswissenschaftler,81.0,Berlin-Neukölln,Direktwahl,feratkocak.dielinkebt.de,46
Ferat Koçak,2025-07-21,-3.6687206146560776,4,60,1979-05-26,männlich,Die LINKE,Dipl.-Wirtschaftswissenschaftler,81.0,Berlin-Neukölln,Direktwahl,feratkocak.dielinkebt.de,46
Ferat Koçak,2025-07-28,-4.217944763527863,3,61,1979-05-26,männlich,Die LINKE,Dipl.-Wirtschaftswissenschaftler,81.0,Berlin-Neukölln,Direktwahl,feratkocak.dielinkebt.de,46
Filiz Polat,2024-06-03,-2.8461717293015165,11,1,1978-07-11,weiblich,Grünen,Dipl.-Volkswirtin,38.0,Osnabrück-Land,Landesliste,filiz-polat.de,46
Filiz Polat,2024-06-10,-2.7228585752512506,17,2,1978-07-11,weiblich,Grünen,Dipl.-Volkswirtin,38.0,Osnabrück-Land,Landesliste,filiz-polat.de,46
Filiz Polat,2024-06-17,-5.566067509647406,1,3,1978-07-11,weiblich,Grünen,Dipl.-Volkswirtin,38.0,Osnabrück-Land,Landesliste,filiz-polat.de,46
Filiz Polat,2024-06-24,-0.893211785975293,16,4,1978-07-11,weiblich,Grünen,Dipl.-Volkswirtin,38.0,Osnabrück-Land,Landesliste,filiz-polat.de,46
Filiz Polat,2024-07-01,-1.0426130170356045,9,5,1978-07-11,weiblich,Grünen,Dipl.-Volkswirtin,38.0,Osnabrück-Land,Landesliste,filiz-polat.de,46
Filiz Polat,2024-08-12,0.7615530505103525,4,11,1978-07-11,weiblich,Grünen,Dipl.-Volkswirtin,38.0,Osnabrück-Land,Landesliste,filiz-polat.de,46
Filiz Polat,2024-08-26,-3.8935710906902536,4,13,1978-07-11,weiblich,Grünen,Dipl.-Volkswirtin,38.0,Osnabrück-Land,Landesliste,filiz-polat.de,46
Filiz Polat,2024-09-02,-5.901693825087004,1,14,1978-07-11,weiblich,Grünen,Dipl.-Volkswirtin,38.0,Osnabrück-Land,Landesliste,filiz-polat.de,46
Filiz Polat,2024-09-09,-2.4265359807202116,7,15,1978-07-11,weiblich,Grünen,Dipl.-Volkswirtin,38.0,Osnabrück-Land,Landesliste,filiz-polat.de,46
Filiz Polat,2024-09-16,0.016109925509836046,2,16,1978-07-11,weiblich,Grünen,Dipl.-Volkswirtin,38.0,Osnabrück-Land,Landesliste,filiz-polat.de,46
Filiz Polat,2024-09-23,-0.5915730249469354,4,17,1978-07-11,weiblich,Grünen,Dipl.-Volkswirtin,38.0,Osnabrück-Land,Landesliste,filiz-polat.de,46
Filiz Polat,2024-10-07,-2.1654197266486235,11,19,1978-07-11,weiblich,Grünen,Dipl.-Volkswirtin,38.0,Osnabrück-Land,Landesliste,filiz-polat.de,46
Filiz Polat,2024-10-14,-0.30306448906777883,9,20,1978-07-11,weiblich,Grünen,Dipl.-Volkswirtin,38.0,Osnabrück-Land,Landesliste,filiz-polat.de,46
Filiz Polat,2024-10-28,3.196320111210509,3,22,1978-07-11,weiblich,Grünen,Dipl.-Volkswirtin,38.0,Osnabrück-Land,Landesliste,filiz-polat.de,46
Filiz Polat,2024-11-04,-1.6995332531168326,10,23,1978-07-11,weiblich,Grünen,Dipl.-Volkswirtin,38.0,Osnabrück-Land,Landesliste,filiz-polat.de,46
Filiz Polat,2024-11-11,-1.4113989515724983,8,24,1978-07-11,weiblich,Grünen,Dipl.-Volkswirtin,38.0,Osnabrück-Land,Landesliste,filiz-polat.de,46
Filiz Polat,2024-11-18,-0.727251729805093,12,25,1978-07-11,weiblich,Grünen,Dipl.-Volkswirtin,38.0,Osnabrück-Land,Landesliste,filiz-polat.de,46
Filiz Polat,2024-11-25,-0.38134972396158345,12,26,1978-07-11,weiblich,Grünen,Dipl.-Volkswirtin,38.0,Osnabrück-Land,Landesliste,filiz-polat.de,46
Filiz Polat,2024-12-02,0.29492761539699175,1,27,1978-07-11,weiblich,Grünen,Dipl.-Volkswirtin,38.0,Osnabrück-Land,Landesliste,filiz-polat.de,46
Filiz Polat,2024-12-09,0.2190173951614647,14,28,1978-07-11,weiblich,Grünen,Dipl.-Volkswirtin,38.0,Osnabrück-Land,Landesliste,filiz-polat.de,46
Filiz Polat,2024-12-16,-1.8602145391782823,16,29,1978-07-11,weiblich,Grünen,Dipl.-Volkswirtin,38.0,Osnabrück-Land,Landesliste,filiz-polat.de,46
Filiz Polat,2024-12-23,5.370063936999432,1,30,1978-07-11,weiblich,Grünen,Dipl.-Volkswirtin,38.0,Osnabrück-Land,Landesliste,filiz-polat.de,46
Filiz Polat,2025-01-06,-0.676108780207347,6,32,1978-07-11,weiblich,Grünen,Dipl.-Volkswirtin,38.0,Osnabrück-Land,Landesliste,filiz-polat.de,47
Filiz Polat,2025-01-13,-1.8094868766405232,2,33,1978-07-11,weiblich,Grünen,Dipl.-Volkswirtin,38.0,Osnabrück-Land,Landesliste,filiz-polat.de,47
Filiz Polat,2025-01-20,-1.4651318201495647,2,34,1978-07-11,weiblich,Grünen,Dipl.-Volkswirtin,38.0,Osnabrück-Land,Landesliste,filiz-polat.de,47
Filiz Polat,2025-01-27,-3.8272904237087784,22,35,1978-07-11,weiblich,Grünen,Dipl.-Volkswirtin,38.0,Osnabrück-Land,Landesliste,filiz-polat.de,47
Filiz Polat,2025-02-03,-2.5598823222757563,4,36,1978-07-11,weiblich,Grünen,Dipl.-Volkswirtin,38.0,Osnabrück-Land,Landesliste,filiz-polat.de,47
Filiz Polat,2025-02-10,-0.4063448946879507,13,37,1978-07-11,weiblich,Grünen,Dipl.-Volkswirtin,38.0,Osnabrück-Land,Landesliste,filiz-polat.de,47
Filiz Polat,2025-02-24,-3.494538256287704,7,39,1978-07-11,weiblich,Grünen,Dipl.-Volkswirtin,38.0,Osnabrück-Land,Landesliste,filiz-polat.de,47
Filiz Polat,2025-03-03,-2.8335005882137363,2,40,1978-07-11,weiblich,Grünen,Dipl.-Volkswirtin,38.0,Osnabrück-Land,Landesliste,filiz-polat.de,47
Filiz Polat,2025-03-10,-1.98427794641003,3,41,1978-07-11,weiblich,Grünen,Dipl.-Volkswirtin,38.0,Osnabrück-Land,Landesliste,filiz-polat.de,47
Filiz Polat,2025-03-17,-0.4529587040937959,3,42,1978-07-11,weiblich,Grünen,Dipl.-Volkswirtin,38.0,Osnabrück-Land,Landesliste,filiz-polat.de,47
Filiz Polat,2025-03-24,0.1515285641094355,2,43,1978-07-11,weiblich,Grünen,Dipl.-Volkswirtin,38.0,Osnabrück-Land,Landesliste,filiz-polat.de,47
Filiz Polat,2025-03-31,1.329927828056552,4,44,1978-07-11,weiblich,Grünen,Dipl.-Volkswirtin,38.0,Osnabrück-Land,Landesliste,filiz-polat.de,47
Filiz Polat,2025-04-07,-3.7281236951832533,5,45,1978-07-11,weiblich,Grünen,Dipl.-Volkswirtin,38.0,Osnabrück-Land,Landesliste,filiz-polat.de,47
Filiz Polat,2025-04-21,-1.0506459030242192,9,47,1978-07-11,weiblich,Grünen,Dipl.-Volkswirtin,38.0,Osnabrück-Land,Landesliste,filiz-polat.de,47
Filiz Polat,2025-04-28,-0.7259359897984613,4,48,1978-07-11,weiblich,Grünen,Dipl.-Volkswirtin,38.0,Osnabrück-Land,Landesliste,filiz-polat.de,47
Filiz Polat,2025-05-05,-2.848435289565633,19,49,1978-07-11,weiblich,Grünen,Dipl.-Volkswirtin,38.0,Osnabrück-Land,Landesliste,filiz-polat.de,47
Filiz Polat,2025-05-12,-2.409327951788997,13,50,1978-07-11,weiblich,Grünen,Dipl.-Volkswirtin,38.0,Osnabrück-Land,Landesliste,filiz-polat.de,47
Filiz Polat,2025-05-19,-2.765466897503848,8,51,1978-07-11,weiblich,Grünen,Dipl.-Volkswirtin,38.0,Osnabrück-Land,Landesliste,filiz-polat.de,47
Filiz Polat,2025-06-02,-3.6700730355851356,16,53,1978-07-11,weiblich,Grünen,Dipl.-Volkswirtin,38.0,Osnabrück-Land,Landesliste,filiz-polat.de,47
Filiz Polat,2025-06-09,-3.420522403320547,2,54,1978-07-11,weiblich,Grünen,Dipl.-Volkswirtin,38.0,Osnabrück-Land,Landesliste,filiz-polat.de,47
Filiz Polat,2025-06-16,-3.118540816261087,7,55,1978-07-11,weiblich,Grünen,Dipl.-Volkswirtin,38.0,Osnabrück-Land,Landesliste,filiz-polat.de,47
Filiz Polat,2025-06-23,-2.691466474039405,25,56,1978-07-11,weiblich,Grünen,Dipl.-Volkswirtin,38.0,Osnabrück-Land,Landesliste,filiz-polat.de,47
Filiz Polat,2025-06-30,-3.268535863519586,5,57,1978-07-11,weiblich,Grünen,Dipl.-Volkswirtin,38.0,Osnabrück-Land,Landesliste,filiz-polat.de,47
Filiz Polat,2025-07-07,-3.432197493777636,6,58,1978-07-11,weiblich,Grünen,Dipl.-Volkswirtin,38.0,Osnabrück-Land,Landesliste,filiz-polat.de,47
Filiz Polat,2025-07-14,-3.98517824457879,1,59,1978-07-11,weiblich,Grünen,Dipl.-Volkswirtin,38.0,Osnabrück-Land,Landesliste,filiz-polat.de,47
Frank Schwabe,2025-04-14,-5.6714935279924275,3,46,1970-11-12,männlich,SPD,,120.0,Recklinghausen I,Direktwahl,frankschwabe.bsky.social,55
Frank Schwabe,2025-04-28,-6.057202452208715,1,48,1970-11-12,männlich,SPD,,120.0,Recklinghausen I,Direktwahl,frankschwabe.bsky.social,55
Frank Schwabe,2025-06-16,5.051856785785494,1,55,1970-11-12,männlich,SPD,,120.0,Recklinghausen I,Direktwahl,frankschwabe.bsky.social,55
Frank Schwabe,2025-07-07,-4.508067408696941,1,58,1970-11-12,männlich,SPD,,120.0,Recklinghausen I,Direktwahl,frankschwabe.bsky.social,55
Hanna Steinmüller,2024-06-03,-1.7822952856417398,5,1,1993-04-09,weiblich,Grünen,Sozialwissenschaftlerin,75.0,Berlin-Mitte,Direktwahl,hanna-steinmueller.de,31
Hanna Steinmüller,2024-06-24,-0.4685454679457429,1,4,1993-04-09,weiblich,Grünen,Sozialwissenschaftlerin,75.0,Berlin-Mitte,Direktwahl,hanna-steinmueller.de,31
Hanna Steinmüller,2024-11-25,-1.3230151546203635,1,26,1993-04-09,weiblich,Grünen,Sozialwissenschaftlerin,75.0,Berlin-Mitte,Direktwahl,hanna-steinmueller.de,31
Hanna Steinmüller,2024-12-02,-4.537560910172251,1,27,1993-04-09,weiblich,Grünen,Sozialwissenschaftlerin,75.0,Berlin-Mitte,Direktwahl,hanna-steinmueller.de,31
Hanna Steinmüller,2024-12-16,-0.4718907394217555,1,29,1993-04-09,weiblich,Grünen,Sozialwissenschaftlerin,75.0,Berlin-Mitte,Direktwahl,hanna-steinmueller.de,31
Hanna Steinmüller,2025-01-27,-4.0379162909219035,3,35,1993-04-09,weiblich,Grünen,Sozialwissenschaftlerin,75.0,Berlin-Mitte,Direktwahl,hanna-steinmueller.de,32
Hanna Steinmüller,2025-02-17,-0.6977177385703941,3,38,1993-04-09,weiblich,Grünen,Sozialwissenschaftlerin,75.0,Berlin-Mitte,Direktwahl,hanna-steinmueller.de,32
Hanna Steinmüller,2025-03-10,-5.922961330744561,1,41,1993-04-09,weiblich,Grünen,Sozialwissenschaftlerin,75.0,Berlin-Mitte,Direktwahl,hanna-steinmueller.de,32
Hanna Steinmüller,2025-03-24,-1.806294135008347,5,43,1993-04-09,weiblich,Grünen,Sozialwissenschaftlerin,74.0,Berlin-Mitte,Direktwahl,hanna-steinmueller.de,32
Hanna Steinmüller,2025-04-07,-1.9100197606127989,3,45,1993-04-09,weiblich,Grünen,Sozialwissenschaftlerin,74.0,Berlin-Mitte,Direktwahl,hanna-steinmueller.de,32
Hanna Steinmüller,2025-05-05,-0.9683773106646858,2,49,1993-04-09,weiblich,Grünen,Sozialwissenschaftlerin,74.0,Berlin-Mitte,Direktwahl,hanna-steinmueller.de,32
Hanna Steinmüller,2025-05-19,-4.403618923907785,1,51,1993-04-09,weiblich,Grünen,Sozialwissenschaftlerin,74.0,Berlin-Mitte,Direktwahl,hanna-steinmueller.de,32
Hanna Steinmüller,2025-06-16,-6.006782027573963,1,55,1993-04-09,weiblich,Grünen,Sozialwissenschaftlerin,74.0,Berlin-Mitte,Direktwahl,hanna-steinmueller.de,32
Hanna Steinmüller,2025-07-28,-1.1569656847991745,3,61,1993-04-09,weiblich,Grünen,Sozialwissenschaftlerin,74.0,Berlin-Mitte,Direktwahl,hanna-steinmueller.de,32
Harald Ebner,2025-01-27,-3.5654778540114624,1,35,1964-07-08,männlich,Grünen,Agraringenieur,268.0,Schwäbisch Hall - Hohenlohe,Landesliste,ebnerharald.bsky.social,61
Heidi Reichinnek,2025-01-27,0.7407685447261948,30,35,1988-04-19,weiblich,Die LINKE,pädagigische Mitarbeiterin in der Jugendhilfe,39.0,Stadt Osnabrück,Landesliste,heidireichinnek.dielinkebt.de,37
Heidi Reichinnek,2025-02-03,2.2164226655768435,4,36,1988-04-19,weiblich,Die LINKE,pädagigische Mitarbeiterin in der Jugendhilfe,39.0,Stadt Osnabrück,Landesliste,heidireichinnek.dielinkebt.de,37
Heidi Reichinnek,2025-02-10,-3.902610030669491,1,37,1988-04-19,weiblich,Die LINKE,pädagigische Mitarbeiterin in der Jugendhilfe,39.0,Stadt Osnabrück,Landesliste,heidireichinnek.dielinkebt.de,37
Heidi Reichinnek,2025-02-17,1.068243882727661,2,38,1988-04-19,weiblich,Die LINKE,pädagigische Mitarbeiterin in der Jugendhilfe,39.0,Stadt Osnabrück,Landesliste,heidireichinnek.dielinkebt.de,37
Heidi Reichinnek,2025-02-24,4.437945967986732,2,39,1988-04-19,weiblich,Die LINKE,pädagigische Mitarbeiterin in der Jugendhilfe,39.0,Stadt Osnabrück,Landesliste,heidireichinnek.dielinkebt.de,37
Heidi Reichinnek,2025-03-10,-4.323776209169864,3,41,1988-04-19,weiblich,Die LINKE,pädagigische Mitarbeiterin in der Jugendhilfe,39.0,Stadt Osnabrück,Landesliste,heidireichinnek.dielinkebt.de,37
Heidi Reichinnek,2025-04-28,2.2344124402589007,1,48,1988-04-19,weiblich,Die LINKE,pädagigische Mitarbeiterin in der Jugendhilfe,39.0,Stadt Osnabrück,Landesliste,heidireichinnek.dielinkebt.de,37
Heidi Reichinnek,2025-05-05,1.3284857739716451,2,49,1988-04-19,weiblich,Die LINKE,pädagigische Mitarbeiterin in der Jugendhilfe,39.0,Stadt Osnabrück,Landesliste,heidireichinnek.dielinkebt.de,37
Heidi Reichinnek,2025-05-12,-5.864380541112881,1,50,1988-04-19,weiblich,Die LINKE,pädagigische Mitarbeiterin in der Jugendhilfe,39.0,Stadt Osnabrück,Landesliste,heidireichinnek.dielinkebt.de,37
Heidi Reichinnek,2025-05-26,2.1705630587568954,3,52,1988-04-19,weiblich,Die LINKE,pädagigische Mitarbeiterin in der Jugendhilfe,39.0,Stadt Osnabrück,Landesliste,heidireichinnek.dielinkebt.de,37
Heidi Reichinnek,2025-06-09,-0.31350229354538417,2,54,1988-04-19,weiblich,Die LINKE,pädagigische Mitarbeiterin in der Jugendhilfe,39.0,Stadt Osnabrück,Landesliste,heidireichinnek.dielinkebt.de,37
Heidi Reichinnek,2025-06-16,-3.650717550559035,2,55,1988-04-19,weiblich,Die LINKE,pädagigische Mitarbeiterin in der Jugendhilfe,39.0,Stadt Osnabrück,Landesliste,heidireichinnek.dielinkebt.de,37
Heidi Reichinnek,2025-06-23,-2.9867853353665628,5,56,1988-04-19,weiblich,Die LINKE,pädagigische Mitarbeiterin in der Jugendhilfe,39.0,Stadt Osnabrück,Landesliste,heidireichinnek.dielinkebt.de,37
Heidi Reichinnek,2025-07-07,0.1326562715851439,1,58,1988-04-19,weiblich,Die LINKE,pädagigische Mitarbeiterin in der Jugendhilfe,39.0,Stadt Osnabrück,Landesliste,heidireichinnek.dielinkebt.de,37
Heidi Reichinnek,2025-07-21,-5.897129599352072,1,60,1988-04-19,weiblich,Die LINKE,pädagigische Mitarbeiterin in der Jugendhilfe,39.0,Stadt Osnabrück,Landesliste,heidireichinnek.dielinkebt.de,37
Helge Limburg,2025-01-06,-3.95451429849721,1,32,1982-10-25,männlich,Grünen,Dipl.-Jurist,46.0,Hameln-Pyrmont - Holzminden,Landesliste,helgelimburg.bsky.social,43
Helge Limburg,2025-01-13,0.48191862286214593,9,33,1982-10-25,männlich,Grünen,Dipl.-Jurist,46.0,Hameln-Pyrmont - Holzminden,Landesliste,helgelimburg.bsky.social,43
Helge Limburg,2025-01-20,-2.612109859415638,3,34,1982-10-25,männlich,Grünen,Dipl.-Jurist,46.0,Hameln-Pyrmont - Holzminden,Landesliste,helgelimburg.bsky.social,43
Helge Limburg,2025-01-27,-3.556967595428654,4,35,1982-10-25,männlich,Grünen,Dipl.-Jurist,46.0,Hameln-Pyrmont - Holzminden,Landesliste,helgelimburg.bsky.social,43
Helge Limburg,2025-02-10,-1.13559157183069,7,37,1982-10-25,männlich,Grünen,Dipl.-Jurist,46.0,Hameln-Pyrmont - Holzminden,Landesliste,helgelimburg.bsky.social,43
Helge Limburg,2025-02-17,-0.9362329365816677,3,38,1982-10-25,männlich,Grünen,Dipl.-Jurist,46.0,Hameln-Pyrmont - Holzminden,Landesliste,helgelimburg.bsky.social,43
Helge Limburg,2025-03-03,-4.89035140782813,3,40,1982-10-25,männlich,Grünen,Dipl.-Jurist,46.0,Hameln-Pyrmont - Holzminden,Landesliste,helgelimburg.bsky.social,43
Helge Limburg,2025-03-17,-2.1748784261250167,2,42,1982-10-25,männlich,Grünen,Dipl.-Jurist,46.0,Hameln-Pyrmont - Holzminden,Landesliste,helgelimburg.bsky.social,43
Helge Limburg,2025-03-24,0.7872722394494722,2,43,1982-10-25,männlich,Grünen,Dipl.-Jurist,46.0,Hameln-Pyrmont – Holzminden,Landesliste,helgelimburg.bsky.social,43
Helge Limburg,2025-03-31,0.18699148357655185,7,44,1982-10-25,männlich,Grünen,Dipl.-Jurist,46.0,Hameln-Pyrmont – Holzminden,Landesliste,helgelimburg.bsky.social,43
Helge Limburg,2025-04-07,-6.327611941788699,1,45,1982-10-25,männlich,Grünen,Dipl.-Jurist,46.0,Hameln-Pyrmont – Holzminden,Landesliste,helgelimburg.bsky.social,43
Helge Limburg,2025-04-14,-5.992267005333696,2,46,1982-10-25,männlich,Grünen,Dipl.-Jurist,46.0,Hameln-Pyrmont – Holzminden,Landesliste,helgelimburg.bsky.social,43
Helge Limburg,2025-04-28,-1.5413940537734707,6,48,1982-10-25,männlich,Grünen,Dipl.-Jurist,46.0,Hameln-Pyrmont – Holzminden,Landesliste,helgelimburg.bsky.social,43
Helge Limburg,2025-05-05,-0.5546761202123118,1,49,1982-10-25,männlich,Grünen,Dipl.-Jurist,46.0,Hameln-Pyrmont – Holzminden,Landesliste,helgelimburg.bsky.social,43
Helge Limburg,2025-05-12,-3.051891508577828,6,50,1982-10-25,männlich,Grünen,Dipl.-Jurist,46.0,Hameln-Pyrmont – Holzminden,Landesliste,helgelimburg.bsky.social,43
Helge Limburg,2025-05-19,-2.168366557520019,6,51,1982-10-25,männlich,Grünen,Dipl.-Jurist,46.0,Hameln-Pyrmont – Holzminden,Landesliste,helgelimburg.bsky.social,43
Helge Limburg,2025-05-26,-5.542801723292814,2,52,1982-10-25,männlich,Grünen,Dipl.-Jurist,46.0,Hameln-Pyrmont – Holzminden,Landesliste,helgelimburg.bsky.social,43
Helge Limburg,2025-06-02,-3.0770656219462658,2,53,1982-10-25,männlich,Grünen,Dipl.-Jurist,46.0,Hameln-Pyrmont – Holzminden,Landesliste,helgelimburg.bsky.social,43
Helge Limburg,2025-06-09,1.5927646927797872,3,54,1982-10-25,männlich,Grünen,Dipl.-Jurist,46.0,Hameln-Pyrmont – Holzminden,Landesliste,helgelimburg.bsky.social,43
Helge Limburg,2025-06-23,-1.2837110787595403,3,56,1982-10-25,männlich,Grünen,Dipl.-Jurist,46.0,Hameln-Pyrmont – Holzminden,Landesliste,helgelimburg.bsky.social,43
Helge Limburg,2025-07-07,-3.479378775574037,9,58,1982-10-25,männlich,Grünen,Dipl.-Jurist,46.0,Hameln-Pyrmont – Holzminden,Landesliste,helgelimburg.bsky.social,43
Helge Limburg,2025-07-21,-3.2077126484956686,4,60,1982-10-25,männlich,Grünen,Dipl.-Jurist,46.0,Hameln-Pyrmont – Holzminden,Landesliste,helgelimburg.bsky.social,43
Ines Schwerdtner,2025-06-09,-0.3346282931667588,2,54,1989-08-26,weiblich,Die LINKE,"Journalistin, Publizistin",85.0,Berlin-Lichtenberg,Direktwahl,inesschwerdtner.bsky.social,36
Ines Schwerdtner,2025-06-16,-1.1391723379841423,5,55,1989-08-26,weiblich,Die LINKE,"Journalistin, Publizistin",85.0,Berlin-Lichtenberg,Direktwahl,inesschwerdtner.bsky.social,36
Ines Schwerdtner,2025-06-23,-3.7611993637979695,11,56,1989-08-26,weiblich,Die LINKE,"Journalistin, Publizistin",85.0,Berlin-Lichtenberg,Direktwahl,inesschwerdtner.bsky.social,36
Ines Schwerdtner,2025-06-30,-4.340296239915595,5,57,1989-08-26,weiblich,Die LINKE,"Journalistin, Publizistin",85.0,Berlin-Lichtenberg,Direktwahl,inesschwerdtner.bsky.social,36
Ines Schwerdtner,2025-07-07,-4.050163715246346,7,58,1989-08-26,weiblich,Die LINKE,"Journalistin, Publizistin",85.0,Berlin-Lichtenberg,Direktwahl,inesschwerdtner.bsky.social,36
Ines Schwerdtner,2025-07-14,-5.121305011433241,2,59,1989-08-26,weiblich,Die LINKE,"Journalistin, Publizistin",85.0,Berlin-Lichtenberg,Direktwahl,inesschwerdtner.bsky.social,36
Ines Schwerdtner,2025-07-21,-5.241633631409198,2,60,1989-08-26,weiblich,Die LINKE,"Journalistin, Publizistin",85.0,Berlin-Lichtenberg,Direktwahl,inesschwerdtner.bsky.social,36
Ines Schwerdtner,2025-07-28,-3.151025664637445,4,61,1989-08-26,weiblich,Die LINKE,"Journalistin, Publizistin",85.0,Berlin-Lichtenberg,Direktwahl,inesschwerdtner.bsky.social,36
Jamila Schäfer,2024-12-09,4.596042807058241,1,28,1993-04-30,weiblich,Grünen,Studentin der Soziologie,219.0,München-Süd,Direktwahl,jamilaschaefer.bsky.social,31
Jamila Schäfer,2024-12-30,-3.2065045125039964,2,31,1993-04-30,weiblich,Grünen,Studentin der Soziologie,219.0,München-Süd,Direktwahl,jamilaschaefer.bsky.social,31
Jamila Schäfer,2025-01-06,1.898570908292857,3,32,1993-04-30,weiblich,Grünen,Studentin der Soziologie,219.0,München-Süd,Direktwahl,jamilaschaefer.bsky.social,32
Jamila Schäfer,2025-01-20,-2.1414245412222805,5,34,1993-04-30,weiblich,Grünen,Studentin der Soziologie,219.0,München-Süd,Direktwahl,jamilaschaefer.bsky.social,32
Jamila Schäfer,2025-01-27,-3.9633040609414874,8,35,1993-04-30,weiblich,Grünen,Studentin der Soziologie,219.0,München-Süd,Direktwahl,jamilaschaefer.bsky.social,32
Jamila Schäfer,2025-02-03,-0.18467798143400513,3,36,1993-04-30,weiblich,Grünen,Studentin der Soziologie,219.0,München-Süd,Direktwahl,jamilaschaefer.bsky.social,32
Jamila Schäfer,2025-02-24,0.29360238554415136,5,39,1993-04-30,weiblich,Grünen,Studentin der Soziologie,219.0,München-Süd,Direktwahl,jamilaschaefer.bsky.social,32
Jamila Schäfer,2025-03-03,-4.067848136035928,10,40,1993-04-30,weiblich,Grünen,Studentin der Soziologie,219.0,München-Süd,Direktwahl,jamilaschaefer.bsky.social,32
Jamila Schäfer,2025-03-10,-2.9373752594686344,3,41,1993-04-30,weiblich,Grünen,Studentin der Soziologie,219.0,München-Süd,Direktwahl,jamilaschaefer.bsky.social,32
Jamila Schäfer,2025-03-17,-0.20079273176775547,1,42,1993-04-30,weiblich,Grünen,Studentin der Soziologie,219.0,München-Süd,Direktwahl,jamilaschaefer.bsky.social,32
Jamila Schäfer,2025-04-07,-5.030589680593626,2,45,1993-04-30,weiblich,Grünen,Studentin der Soziologie,218.0,München-Süd,Landesliste,jamilaschaefer.bsky.social,32
Jamila Schäfer,2025-04-28,-3.941423514961389,2,48,1993-04-30,weiblich,Grünen,Studentin der Soziologie,218.0,München-Süd,Landesliste,jamilaschaefer.bsky.social,32
Jamila Schäfer,2025-05-05,-1.6167461875393345,3,49,1993-04-30,weiblich,Grünen,Studentin der Soziologie,218.0,München-Süd,Landesliste,jamilaschaefer.bsky.social,32
Jamila Schäfer,2025-05-12,-1.6493511271072896,3,50,1993-04-30,weiblich,Grünen,Studentin der Soziologie,218.0,München-Süd,Landesliste,jamilaschaefer.bsky.social,32
Jamila Schäfer,2025-06-02,-3.619352157362682,8,53,1993-04-30,weiblich,Grünen,Studentin der Soziologie,218.0,München-Süd,Landesliste,jamilaschaefer.bsky.social,32
Jamila Schäfer,2025-06-16,-0.42484848046677337,1,55,1993-04-30,weiblich,Grünen,Studentin der Soziologie,218.0,München-Süd,Landesliste,jamilaschaefer.bsky.social,32
Jamila Schäfer,2025-06-23,-2.933312830119899,1,56,1993-04-30,weiblich,Grünen,Studentin der Soziologie,218.0,München-Süd,Landesliste,jamilaschaefer.bsky.social,32
Jamila Schäfer,2025-07-07,-3.108299514154929,10,58,1993-04-30,weiblich,Grünen,Studentin der Soziologie,218.0,München-Süd,Landesliste,jamilaschaefer.bsky.social,32
Jamila Schäfer,2025-07-14,-4.173903612919187,2,59,1993-04-30,weiblich,Grünen,Studentin der Soziologie,218.0,München-Süd,Landesliste,jamilaschaefer.bsky.social,32
Jan Aken,2025-03-24,-2.77992190075712,3,43,1961-05-01,männlich,Die LINKE,Biologe,,,Landesliste,janvanaken.dielinkebt.de,64
Jan Aken,2025-03-31,-1.4413393531394294,4,44,1961-05-01,männlich,Die LINKE,Biologe,,,Landesliste,janvanaken.dielinkebt.de,64
Jan Aken,2025-04-07,-6.360775393352813,1,45,1961-05-01,männlich,Die LINKE,Biologe,,,Landesliste,janvanaken.dielinkebt.de,64
Jan Aken,2025-04-14,-1.3936591400962584,2,46,1961-05-01,männlich,Die LINKE,Biologe,,,Landesliste,janvanaken.dielinkebt.de,64
Jan Aken,2025-04-28,-6.218828813612742,2,48,1961-05-01,männlich,Die LINKE,Biologe,,,Landesliste,janvanaken.dielinkebt.de,64
Jan Aken,2025-05-05,-5.69235113840252,1,49,1961-05-01,männlich,Die LINKE,Biologe,,,Landesliste,janvanaken.dielinkebt.de,64
Jan Aken,2025-05-12,-4.698325671360257,4,50,1961-05-01,männlich,Die LINKE,Biologe,,,Landesliste,janvanaken.dielinkebt.de,64
Jan Aken,2025-05-19,-3.2221483713753147,2,51,1961-05-01,männlich,Die LINKE,Biologe,,,Landesliste,janvanaken.dielinkebt.de,64
Jan Aken,2025-06-02,-3.3885068617697014,2,53,1961-05-01,männlich,Die LINKE,Biologe,,,Landesliste,janvanaken.dielinkebt.de,64
Jan Aken,2025-06-09,-5.401466560282069,2,54,1961-05-01,männlich,Die LINKE,Biologe,,,Landesliste,janvanaken.dielinkebt.de,64
Jan Aken,2025-06-16,-4.029092297412182,2,55,1961-05-01,männlich,Die LINKE,Biologe,,,Landesliste,janvanaken.dielinkebt.de,64
Jan Aken,2025-06-23,5.302908038289535,1,56,1961-05-01,männlich,Die LINKE,Biologe,,,Landesliste,janvanaken.dielinkebt.de,64
Jan Aken,2025-06-30,-2.6616644990026206,2,57,1961-05-01,männlich,Die LINKE,Biologe,,,Landesliste,janvanaken.dielinkebt.de,64
Jan Aken,2025-07-07,1.5992611472292164,2,58,1961-05-01,männlich,Die LINKE,Biologe,,,Landesliste,janvanaken.dielinkebt.de,64
Jan Aken,2025-07-14,-2.845366534579461,1,59,1961-05-01,männlich,Die LINKE,Biologe,,,Landesliste,janvanaken.dielinkebt.de,64
Jan Aken,2025-07-28,-2.2200669263074535,1,61,1961-05-01,männlich,Die LINKE,Biologe,,,Landesliste,janvanaken.dielinkebt.de,64
Jan Köstering,2025-04-07,-2.2238519396556478,2,45,1997-10-22,männlich,Die LINKE,KFZ-Mechatroniker,98.0,Oberbergischer Kreis,Landesliste,jan-koestering.de,28
Jan Köstering,2025-04-28,-2.373465917253951,1,48,1997-10-22,männlich,Die LINKE,KFZ-Mechatroniker,98.0,Oberbergischer Kreis,Landesliste,jan-koestering.de,28
Jan Köstering,2025-05-05,5.514465555477836,1,49,1997-10-22,männlich,Die LINKE,KFZ-Mechatroniker,98.0,Oberbergischer Kreis,Landesliste,jan-koestering.de,28
Jan Köstering,2025-05-12,-2.084719354751879,3,50,1997-10-22,männlich,Die LINKE,KFZ-Mechatroniker,98.0,Oberbergischer Kreis,Landesliste,jan-koestering.de,28
Jan Köstering,2025-05-19,2.455295925381423,3,51,1997-10-22,männlich,Die LINKE,KFZ-Mechatroniker,98.0,Oberbergischer Kreis,Landesliste,jan-koestering.de,28
Jan Köstering,2025-06-02,-4.35867621296061,6,53,1997-10-22,männlich,Die LINKE,KFZ-Mechatroniker,98.0,Oberbergischer Kreis,Landesliste,jan-koestering.de,28
Jan Köstering,2025-06-16,-5.301283046229065,2,55,1997-10-22,männlich,Die LINKE,KFZ-Mechatroniker,98.0,Oberbergischer Kreis,Landesliste,jan-koestering.de,28
Jan Köstering,2025-06-30,-1.6130971709364588,1,57,1997-10-22,männlich,Die LINKE,KFZ-Mechatroniker,98.0,Oberbergischer Kreis,Landesliste,jan-koestering.de,28
Jan Köstering,2025-07-07,-2.019795406505074,4,58,1997-10-22,männlich,Die LINKE,KFZ-Mechatroniker,98.0,Oberbergischer Kreis,Landesliste,jan-koestering.de,28
Jan Köstering,2025-07-21,4.126628293736486,1,60,1997-10-22,männlich,Die LINKE,KFZ-Mechatroniker,98.0,Oberbergischer Kreis,Landesliste,jan-koestering.de,28
Janine Wissler,2024-06-17,0.21418048042974958,2,3,1981-05-23,weiblich,Die LINKE,Dipl.-Politikwissenschaftlerin,182.0,Frankfurt am Main I,Landesliste,janinewissler.bsky.social,43
Janine Wissler,2024-11-25,-5.043741938962653,2,26,1981-05-23,weiblich,Die LINKE,Dipl.-Politikwissenschaftlerin,182.0,Frankfurt am Main I,Landesliste,janinewissler.bsky.social,43
Janine Wissler,2024-12-02,-3.9197934287197955,13,27,1981-05-23,weiblich,Die LINKE,Dipl.-Politikwissenschaftlerin,182.0,Frankfurt am Main I,Landesliste,janinewissler.bsky.social,43
Janine Wissler,2024-12-09,-2.022204556611678,7,28,1981-05-23,weiblich,Die LINKE,Dipl.-Politikwissenschaftlerin,182.0,Frankfurt am Main I,Landesliste,janinewissler.bsky.social,43
Janine Wissler,2024-12-16,5.262138538583856,1,29,1981-05-23,weiblich,Die LINKE,Dipl.-Politikwissenschaftlerin,182.0,Frankfurt am Main I,Landesliste,janinewissler.bsky.social,43
Janine Wissler,2024-12-23,-2.971256091642539,4,30,1981-05-23,weiblich,Die LINKE,Dipl.-Politikwissenschaftlerin,182.0,Frankfurt am Main I,Landesliste,janinewissler.bsky.social,43
Janine Wissler,2025-01-06,-3.6147698487265973,18,32,1981-05-23,weiblich,Die LINKE,Dipl.-Politikwissenschaftlerin,182.0,Frankfurt am Main I,Landesliste,janinewissler.bsky.social,44
Janine Wissler,2025-01-13,0.6954748428475517,2,33,1981-05-23,weiblich,Die LINKE,Dipl.-Politikwissenschaftlerin,182.0,Frankfurt am Main I,Landesliste,janinewissler.bsky.social,44
Janine Wissler,2025-01-20,-2.5464434388999986,47,34,1981-05-23,weiblich,Die LINKE,Dipl.-Politikwissenschaftlerin,182.0,Frankfurt am Main I,Landesliste,janinewissler.bsky.social,44
Janine Wissler,2025-01-27,-2.4041844276901054,22,35,1981-05-23,weiblich,Die LINKE,Dipl.-Politikwissenschaftlerin,182.0,Frankfurt am Main I,Landesliste,janinewissler.bsky.social,44
Janine Wissler,2025-02-03,-3.338309505373158,13,36,1981-05-23,weiblich,Die LINKE,Dipl.-Politikwissenschaftlerin,182.0,Frankfurt am Main I,Landesliste,janinewissler.bsky.social,44
Janine Wissler,2025-02-10,-1.8557061088541602,11,37,1981-05-23,weiblich,Die LINKE,Dipl.-Politikwissenschaftlerin,182.0,Frankfurt am Main I,Landesliste,janinewissler.bsky.social,44
Janine Wissler,2025-02-17,-2.388534664642801,10,38,1981-05-23,weiblich,Die LINKE,Dipl.-Politikwissenschaftlerin,182.0,Frankfurt am Main I,Landesliste,janinewissler.bsky.social,44
Janine Wissler,2025-02-24,-2.4859115633932087,4,39,1981-05-23,weiblich,Die LINKE,Dipl.-Politikwissenschaftlerin,182.0,Frankfurt am Main I,Landesliste,janinewissler.bsky.social,44
Janine Wissler,2025-03-03,-0.6935609412464718,10,40,1981-05-23,weiblich,Die LINKE,Dipl.-Politikwissenschaftlerin,182.0,Frankfurt am Main I,Landesliste,janinewissler.bsky.social,44
Janine Wissler,2025-03-10,-0.49441754686357875,4,41,1981-05-23,weiblich,Die LINKE,Dipl.-Politikwissenschaftlerin,182.0,Frankfurt am Main I,Landesliste,janinewissler.bsky.social,44
Janine Wissler,2025-03-17,-2.6285272981595966,19,42,1981-05-23,weiblich,Die LINKE,Dipl.-Politikwissenschaftlerin,182.0,Frankfurt am Main I,Landesliste,janinewissler.bsky.social,44
Janine Wissler,2025-03-24,-0.760126751687877,4,43,1981-05-23,weiblich,Die LINKE,Dipl.-Politikwissenschaftlerin,181.0,Frankfurt am Main I,Landesliste,janinewissler.bsky.social,44
Janine Wissler,2025-04-07,-2.105294173133611,3,45,1981-05-23,weiblich,Die LINKE,Dipl.-Politikwissenschaftlerin,181.0,Frankfurt am Main I,Landesliste,janinewissler.bsky.social,44
Janine Wissler,2025-04-14,-3.1934490722018407,8,46,1981-05-23,weiblich,Die LINKE,Dipl.-Politikwissenschaftlerin,181.0,Frankfurt am Main I,Landesliste,janinewissler.bsky.social,44
Janine Wissler,2025-04-21,-5.144460723903,2,47,1981-05-23,weiblich,Die LINKE,Dipl.-Politikwissenschaftlerin,181.0,Frankfurt am Main I,Landesliste,janinewissler.bsky.social,44
Janine Wissler,2025-04-28,-3.141765441206089,5,48,1981-05-23,weiblich,Die LINKE,Dipl.-Politikwissenschaftlerin,181.0,Frankfurt am Main I,Landesliste,janinewissler.bsky.social,44
Janine Wissler,2025-05-12,-1.7182013290011406,3,50,1981-05-23,weiblich,Die LINKE,Dipl.-Politikwissenschaftlerin,181.0,Frankfurt am Main I,Landesliste,janinewissler.bsky.social,44
Janine Wissler,2025-05-19,-2.8977513510719985,2,51,1981-05-23,weiblich,Die LINKE,Dipl.-Politikwissenschaftlerin,181.0,Frankfurt am Main I,Landesliste,janinewissler.bsky.social,44
Janine Wissler,2025-06-02,-1.4685102317886602,1,53,1981-05-23,weiblich,Die LINKE,Dipl.-Politikwissenschaftlerin,181.0,Frankfurt am Main I,Landesliste,janinewissler.bsky.social,44
Janine Wissler,2025-06-16,-1.278435755586981,9,55,1981-05-23,weiblich,Die LINKE,Dipl.-Politikwissenschaftlerin,181.0,Frankfurt am Main I,Landesliste,janinewissler.bsky.social,44
Janine Wissler,2025-06-23,-3.0617535809970833,7,56,1981-05-23,weiblich,Die LINKE,Dipl.-Politikwissenschaftlerin,181.0,Frankfurt am Main I,Landesliste,janinewissler.bsky.social,44
Janine Wissler,2025-06-30,-2.6218355013344317,10,57,1981-05-23,weiblich,Die LINKE,Dipl.-Politikwissenschaftlerin,181.0,Frankfurt am Main I,Landesliste,janinewissler.bsky.social,44
Janine Wissler,2025-07-07,-6.1125526452134,2,58,1981-05-23,weiblich,Die LINKE,Dipl.-Politikwissenschaftlerin,181.0,Frankfurt am Main I,Landesliste,janinewissler.bsky.social,44
Janine Wissler,2025-07-14,-3.187876446513839,9,59,1981-05-23,weiblich,Die LINKE,Dipl.-Politikwissenschaftlerin,181.0,Frankfurt am Main I,Landesliste,janinewissler.bsky.social,44
Janine Wissler,2025-07-21,-3.1302554191388903,10,60,1981-05-23,weiblich,Die LINKE,Dipl.-Politikwissenschaftlerin,181.0,Frankfurt am Main I,Landesliste,janinewissler.bsky.social,44
Johann Saathoff,2025-01-20,-2.3385072093161337,14,34,1967-12-09,männlich,SPD,Diplom-Verwaltungswirt (FH),24.0,Aurich - Emden,Direktwahl,johann-saathoff.bsky.social,58
Johann Saathoff,2025-06-09,-0.4800799594992251,2,54,1967-12-09,männlich,SPD,Diplom-Verwaltungswirt (FH),24.0,Aurich – Emden,Direktwahl,johann-saathoff.bsky.social,58
Johann Saathoff,2025-07-14,0.845563300985989,1,59,1967-12-09,männlich,SPD,Diplom-Verwaltungswirt (FH),24.0,Aurich – Emden,Direktwahl,johann-saathoff.bsky.social,58
Johannes Schraps,2025-01-06,4.356082367973889,1,32,1983-08-17,männlich,SPD,Politikwissenschaftler,46.0,Hameln-Pyrmont - Holzminden,Direktwahl,johannesschraps.bsky.social,42
Johannes Wagner,2024-06-17,-6.273843595231146,3,3,1991-08-01,männlich,Grünen,Arzt,238.0,Coburg,Landesliste,yoohannes.bsky.social,33
Johannes Wagner,2024-06-24,-4.660453206245836,1,4,1991-08-01,männlich,Grünen,Arzt,238.0,Coburg,Landesliste,yoohannes.bsky.social,33
Johannes Wagner,2024-09-30,3.9211480400578673,1,18,1991-08-01,männlich,Grünen,Arzt,238.0,Coburg,Landesliste,yoohannes.bsky.social,33
Johannes Wagner,2024-11-04,-3.585112178704385,2,23,1991-08-01,männlich,Grünen,Arzt,238.0,Coburg,Landesliste,yoohannes.bsky.social,33
Johannes Wagner,2024-11-11,-0.3293957434310659,5,24,1991-08-01,männlich,Grünen,Arzt,238.0,Coburg,Landesliste,yoohannes.bsky.social,33
Johannes Wagner,2024-11-18,-0.8600148960761902,11,25,1991-08-01,männlich,Grünen,Arzt,238.0,Coburg,Landesliste,yoohannes.bsky.social,33
Johannes Wagner,2024-11-25,-0.4577803195369028,4,26,1991-08-01,männlich,Grünen,Arzt,238.0,Coburg,Landesliste,yoohannes.bsky.social,33
Johannes Wagner,2024-12-02,-2.063314013982374,9,27,1991-08-01,männlich,Grünen,Arzt,238.0,Coburg,Landesliste,yoohannes.bsky.social,33
Johannes Wagner,2024-12-09,-2.2350414119738704,2,28,1991-08-01,männlich,Grünen,Arzt,238.0,Coburg,Landesliste,yoohannes.bsky.social,33
Johannes Wagner,2024-12-16,-2.487574643420292,7,29,1991-08-01,männlich,Grünen,Arzt,238.0,Coburg,Landesliste,yoohannes.bsky.social,33
Johannes Wagner,2024-12-23,-1.518266965273911,4,30,1991-08-01,männlich,Grünen,Arzt,238.0,Coburg,Landesliste,yoohannes.bsky.social,33
Johannes Wagner,2024-12-30,-5.938553421710969,1,31,1991-08-01,männlich,Grünen,Arzt,238.0,Coburg,Landesliste,yoohannes.bsky.social,33
Johannes Wagner,2025-01-06,-2.591149000466684,9,32,1991-08-01,männlich,Grünen,Arzt,238.0,Coburg,Landesliste,yoohannes.bsky.social,34
Johannes Wagner,2025-01-13,-2.9382402202406075,7,33,1991-08-01,männlich,Grünen,Arzt,238.0,Coburg,Landesliste,yoohannes.bsky.social,34
Johannes Wagner,2025-01-20,-1.5989475785156981,6,34,1991-08-01,männlich,Grünen,Arzt,238.0,Coburg,Landesliste,yoohannes.bsky.social,34
Johannes Wagner,2025-01-27,-3.618089852181713,6,35,1991-08-01,männlich,Grünen,Arzt,238.0,Coburg,Landesliste,yoohannes.bsky.social,34
Johannes Wagner,2025-02-03,-1.3840755284170057,7,36,1991-08-01,männlich,Grünen,Arzt,238.0,Coburg,Landesliste,yoohannes.bsky.social,34
Johannes Wagner,2025-02-10,-1.4285539530329752,6,37,1991-08-01,männlich,Grünen,Arzt,238.0,Coburg,Landesliste,yoohannes.bsky.social,34
Johannes Wagner,2025-02-17,-0.9091019652773209,2,38,1991-08-01,männlich,Grünen,Arzt,238.0,Coburg,Landesliste,yoohannes.bsky.social,34
Johannes Wagner,2025-02-24,-0.2412010092033444,3,39,1991-08-01,männlich,Grünen,Arzt,238.0,Coburg,Landesliste,yoohannes.bsky.social,34
Johannes Wagner,2025-03-03,-3.302947189983342,18,40,1991-08-01,männlich,Grünen,Arzt,238.0,Coburg,Landesliste,yoohannes.bsky.social,34
Johannes Wagner,2025-03-10,-3.387953941018227,17,41,1991-08-01,männlich,Grünen,Arzt,238.0,Coburg,Landesliste,yoohannes.bsky.social,34
Johannes Wagner,2025-03-17,-1.4790579354845372,4,42,1991-08-01,männlich,Grünen,Arzt,238.0,Coburg,Landesliste,yoohannes.bsky.social,34
Johannes Wagner,2025-03-24,-0.5348250493704964,5,43,1991-08-01,männlich,Grünen,Arzt,237.0,Coburg,Landesliste,yoohannes.bsky.social,34
Johannes Wagner,2025-03-31,-2.2613533170947835,3,44,1991-08-01,männlich,Grünen,Arzt,237.0,Coburg,Landesliste,yoohannes.bsky.social,34
Johannes Wagner,2025-04-07,-1.7699765493484254,15,45,1991-08-01,männlich,Grünen,Arzt,237.0,Coburg,Landesliste,yoohannes.bsky.social,34
Johannes Wagner,2025-04-14,-5.657461952119103,3,46,1991-08-01,männlich,Grünen,Arzt,237.0,Coburg,Landesliste,yoohannes.bsky.social,34
Johannes Wagner,2025-04-21,-3.97298567367188,1,47,1991-08-01,männlich,Grünen,Arzt,237.0,Coburg,Landesliste,yoohannes.bsky.social,34
Johannes Wagner,2025-04-28,-3.5138842726186668,4,48,1991-08-01,männlich,Grünen,Arzt,237.0,Coburg,Landesliste,yoohannes.bsky.social,34
Johannes Wagner,2025-05-05,-4.638091997924057,8,49,1991-08-01,männlich,Grünen,Arzt,237.0,Coburg,Landesliste,yoohannes.bsky.social,34
Johannes Wagner,2025-05-12,-3.471460488029902,6,50,1991-08-01,männlich,Grünen,Arzt,237.0,Coburg,Landesliste,yoohannes.bsky.social,34
Johannes Wagner,2025-05-19,-2.170978436161299,9,51,1991-08-01,männlich,Grünen,Arzt,237.0,Coburg,Landesliste,yoohannes.bsky.social,34
Johannes Wagner,2025-05-26,-0.9667354688475733,5,52,1991-08-01,männlich,Grünen,Arzt,237.0,Coburg,Landesliste,yoohannes.bsky.social,34
Johannes Wagner,2025-06-02,-3.1335903036469057,4,53,1991-08-01,männlich,Grünen,Arzt,237.0,Coburg,Landesliste,yoohannes.bsky.social,34
Johannes Wagner,2025-06-09,0.9349883700237128,4,54,1991-08-01,männlich,Grünen,Arzt,237.0,Coburg,Landesliste,yoohannes.bsky.social,34
Johannes Wagner,2025-06-16,-3.37311192446565,9,55,1991-08-01,männlich,Grünen,Arzt,237.0,Coburg,Landesliste,yoohannes.bsky.social,34
Johannes Wagner,2025-06-23,-3.656823955469843,12,56,1991-08-01,männlich,Grünen,Arzt,237.0,Coburg,Landesliste,yoohannes.bsky.social,34
Johannes Wagner,2025-06-30,-3.369109708593328,5,57,1991-08-01,männlich,Grünen,Arzt,237.0,Coburg,Landesliste,yoohannes.bsky.social,34
Johannes Wagner,2025-07-07,-3.0795399220687845,9,58,1991-08-01,männlich,Grünen,Arzt,237.0,Coburg,Landesliste,yoohannes.bsky.social,34
Johannes Wagner,2025-07-14,1.4616516058300995,5,59,1991-08-01,männlich,Grünen,Arzt,237.0,Coburg,Landesliste,yoohannes.bsky.social,34
Johannes Wagner,2025-07-21,-2.903337971287616,6,60,1991-08-01,männlich,Grünen,Arzt,237.0,Coburg,Landesliste,yoohannes.bsky.social,34
Jorrit Bosch,2025-06-02,3.4961246730870172,1,53,1997-09-08,männlich,Die LINKE,,,,Landesliste,jorritbosch.dielinkebt.de,28
Jorrit Bosch,2025-06-09,-6.172340012508913,1,54,1997-09-08,männlich,Die LINKE,,,,Landesliste,jorritbosch.dielinkebt.de,28
Jorrit Bosch,2025-06-23,-0.7408945229844376,1,56,1997-09-08,männlich,Die LINKE,,,,Landesliste,jorritbosch.dielinkebt.de,28
Julian Joswig,2025-03-24,5.129258985478644,1,43,1993-10-14,männlich,Grünen,Wirtschaftswissenschaftler,199.0,Mosel/Rhein-Hunsrück,Landesliste,julianjo.bsky.social,32
Julian Joswig,2025-04-28,-0.8422459031155638,4,48,1993-10-14,männlich,Grünen,Wirtschaftswissenschaftler,199.0,Mosel/Rhein-Hunsrück,Landesliste,julianjo.bsky.social,32
Julian Joswig,2025-05-05,-2.4527141087719935,10,49,1993-10-14,männlich,Grünen,Wirtschaftswissenschaftler,199.0,Mosel/Rhein-Hunsrück,Landesliste,julianjo.bsky.social,32
Julian Joswig,2025-06-02,-3.113804871574557,9,53,1993-10-14,männlich,Grünen,Wirtschaftswissenschaftler,199.0,Mosel/Rhein-Hunsrück,Landesliste,julianjo.bsky.social,32
Julian Joswig,2025-06-16,-3.0288076392238525,9,55,1993-10-14,männlich,Grünen,Wirtschaftswissenschaftler,199.0,Mosel/Rhein-Hunsrück,Landesliste,julianjo.bsky.social,32
Julian Joswig,2025-06-23,-3.032814947824928,9,56,1993-10-14,männlich,Grünen,Wirtschaftswissenschaftler,199.0,Mosel/Rhein-Hunsrück,Landesliste,julianjo.bsky.social,32
Julian Joswig,2025-06-30,-2.447074879997935,25,57,1993-10-14,männlich,Grünen,Wirtschaftswissenschaftler,199.0,Mosel/Rhein-Hunsrück,Landesliste,julianjo.bsky.social,32
Julian Joswig,2025-07-07,-2.7043253729643357,15,58,1993-10-14,männlich,Grünen,Wirtschaftswissenschaftler,199.0,Mosel/Rhein-Hunsrück,Landesliste,julianjo.bsky.social,32
Julian Joswig,2025-07-14,-2.837120671387158,5,59,1993-10-14,männlich,Grünen,Wirtschaftswissenschaftler,199.0,Mosel/Rhein-Hunsrück,Landesliste,julianjo.bsky.social,32
Julian Joswig,2025-07-21,5.428149538240957,1,60,1993-10-14,männlich,Grünen,Wirtschaftswissenschaftler,199.0,Mosel/Rhein-Hunsrück,Landesliste,julianjo.bsky.social,32
Julian Joswig,2025-07-28,-5.292924120050733,2,61,1993-10-14,männlich,Grünen,Wirtschaftswissenschaftler,199.0,Mosel/Rhein-Hunsrück,Landesliste,julianjo.bsky.social,32
Jürgen Kretz,2024-11-11,4.286554033366065,1,24,1982-06-07,männlich,Grünen,Politikwissenschaftler,277.0,Rhein-Neckar,Landesliste,juergenkretz.bsky.social,42
Jürgen Kretz,2025-01-20,-6.455958190218278,1,34,1982-06-07,männlich,Grünen,Politikwissenschaftler,277.0,Rhein-Neckar,Landesliste,juergenkretz.bsky.social,43
Jürgen Kretz,2025-01-27,-2.660278218152233,5,35,1982-06-07,männlich,Grünen,Politikwissenschaftler,277.0,Rhein-Neckar,Landesliste,juergenkretz.bsky.social,43
Jürgen Kretz,2025-02-10,0.15752383469833622,3,37,1982-06-07,männlich,Grünen,Politikwissenschaftler,277.0,Rhein-Neckar,Landesliste,juergenkretz.bsky.social,43
Jürgen Kretz,2025-02-17,1.0778040127056776,5,38,1982-06-07,männlich,Grünen,Politikwissenschaftler,277.0,Rhein-Neckar,Landesliste,juergenkretz.bsky.social,43
Jürgen Kretz,2025-02-24,0.6914520577476322,2,39,1982-06-07,männlich,Grünen,Politikwissenschaftler,277.0,Rhein-Neckar,Landesliste,juergenkretz.bsky.social,43
Kai Gehring,2024-06-03,0.514529991699742,2,1,1977-12-26,männlich,Grünen,Dipl.-Sozialwissenschaftler,120.0,Essen III,Landesliste,kgehring.bsky.social,47
Kai Gehring,2024-06-10,-0.6973118949265446,1,2,1977-12-26,männlich,Grünen,Dipl.-Sozialwissenschaftler,120.0,Essen III,Landesliste,kgehring.bsky.social,47
Kai Gehring,2024-06-17,-2.00166393226561,7,3,1977-12-26,männlich,Grünen,Dipl.-Sozialwissenschaftler,120.0,Essen III,Landesliste,kgehring.bsky.social,47
Kai Gehring,2024-06-24,1.0677364094567179,6,4,1977-12-26,männlich,Grünen,Dipl.-Sozialwissenschaftler,120.0,Essen III,Landesliste,kgehring.bsky.social,47
Kai Gehring,2024-07-01,0.1447021899934401,4,5,1977-12-26,männlich,Grünen,Dipl.-Sozialwissenschaftler,120.0,Essen III,Landesliste,kgehring.bsky.social,47
Kai Gehring,2024-07-08,1.7897795295707757,3,6,1977-12-26,männlich,Grünen,Dipl.-Sozialwissenschaftler,120.0,Essen III,Landesliste,kgehring.bsky.social,47
Kai Gehring,2024-07-15,-2.561917714541891,3,7,1977-12-26,männlich,Grünen,Dipl.-Sozialwissenschaftler,120.0,Essen III,Landesliste,kgehring.bsky.social,47
Kai Gehring,2024-07-22,-4.178868653832811,1,8,1977-12-26,männlich,Grünen,Dipl.-Sozialwissenschaftler,120.0,Essen III,Landesliste,kgehring.bsky.social,47
Kai Gehring,2024-07-29,3.9897173583999694,4,9,1977-12-26,männlich,Grünen,Dipl.-Sozialwissenschaftler,120.0,Essen III,Landesliste,kgehring.bsky.social,47
Kai Gehring,2024-08-05,-1.1462723778752721,1,10,1977-12-26,männlich,Grünen,Dipl.-Sozialwissenschaftler,120.0,Essen III,Landesliste,kgehring.bsky.social,47
Kai Gehring,2024-08-12,1.410142558334691,2,11,1977-12-26,männlich,Grünen,Dipl.-Sozialwissenschaftler,120.0,Essen III,Landesliste,kgehring.bsky.social,47
Kai Gehring,2024-08-19,0.9009326117266213,2,12,1977-12-26,männlich,Grünen,Dipl.-Sozialwissenschaftler,120.0,Essen III,Landesliste,kgehring.bsky.social,47
Kai Gehring,2024-08-26,-0.8932818045292099,8,13,1977-12-26,männlich,Grünen,Dipl.-Sozialwissenschaftler,120.0,Essen III,Landesliste,kgehring.bsky.social,47
Kai Gehring,2024-09-02,3.8182088064082227,3,14,1977-12-26,männlich,Grünen,Dipl.-Sozialwissenschaftler,120.0,Essen III,Landesliste,kgehring.bsky.social,47
Kai Gehring,2024-09-09,-1.4778904028783948,2,15,1977-12-26,männlich,Grünen,Dipl.-Sozialwissenschaftler,120.0,Essen III,Landesliste,kgehring.bsky.social,47
Kai Gehring,2024-09-23,-0.15993327969447688,6,17,1977-12-26,männlich,Grünen,Dipl.-Sozialwissenschaftler,120.0,Essen III,Landesliste,kgehring.bsky.social,47
Kai Gehring,2024-09-30,0.4386617318213792,1,18,1977-12-26,männlich,Grünen,Dipl.-Sozialwissenschaftler,120.0,Essen III,Landesliste,kgehring.bsky.social,47
Kai Gehring,2024-10-07,-0.9962415442881528,4,19,1977-12-26,männlich,Grünen,Dipl.-Sozialwissenschaftler,120.0,Essen III,Landesliste,kgehring.bsky.social,47
Kai Gehring,2024-10-14,-0.3133474093480788,1,20,1977-12-26,männlich,Grünen,Dipl.-Sozialwissenschaftler,120.0,Essen III,Landesliste,kgehring.bsky.social,47
Kai Gehring,2024-10-21,-4.762873211769182,1,21,1977-12-26,männlich,Grünen,Dipl.-Sozialwissenschaftler,120.0,Essen III,Landesliste,kgehring.bsky.social,47
Kai Gehring,2024-10-28,0.49871177523871457,5,22,1977-12-26,männlich,Grünen,Dipl.-Sozialwissenschaftler,120.0,Essen III,Landesliste,kgehring.bsky.social,47
Kai Gehring,2024-11-04,3.8722740755451035,1,23,1977-12-26,männlich,Grünen,Dipl.-Sozialwissenschaftler,120.0,Essen III,Landesliste,kgehring.bsky.social,47
Kai Gehring,2024-11-18,-1.5927303711602807,3,25,1977-12-26,männlich,Grünen,Dipl.-Sozialwissenschaftler,120.0,Essen III,Landesliste,kgehring.bsky.social,47
Kai Gehring,2024-11-25,-1.7536179945131536,2,26,1977-12-26,männlich,Grünen,Dipl.-Sozialwissenschaftler,120.0,Essen III,Landesliste,kgehring.bsky.social,47
Kai Gehring,2024-12-02,0.9280509842938073,2,27,1977-12-26,männlich,Grünen,Dipl.-Sozialwissenschaftler,120.0,Essen III,Landesliste,kgehring.bsky.social,47
Kai Gehring,2024-12-09,-0.6309948260844762,3,28,1977-12-26,männlich,Grünen,Dipl.-Sozialwissenschaftler,120.0,Essen III,Landesliste,kgehring.bsky.social,47
Kai Gehring,2024-12-16,-0.07390135279922065,6,29,1977-12-26,männlich,Grünen,Dipl.-Sozialwissenschaftler,120.0,Essen III,Landesliste,kgehring.bsky.social,47
Kai Gehring,2024-12-30,0.16513857385584002,5,31,1977-12-26,männlich,Grünen,Dipl.-Sozialwissenschaftler,120.0,Essen III,Landesliste,kgehring.bsky.social,47
Kai Gehring,2025-01-06,-1.3117799410913575,10,32,1977-12-26,männlich,Grünen,Dipl.-Sozialwissenschaftler,120.0,Essen III,Landesliste,kgehring.bsky.social,48
Kai Gehring,2025-01-13,-0.8051759446360333,8,33,1977-12-26,männlich,Grünen,Dipl.-Sozialwissenschaftler,120.0,Essen III,Landesliste,kgehring.bsky.social,48
Kai Gehring,2025-01-20,-0.3851905143350159,12,34,1977-12-26,männlich,Grünen,Dipl.-Sozialwissenschaftler,120.0,Essen III,Landesliste,kgehring.bsky.social,48
Kai Gehring,2025-01-27,-0.802943133763137,15,35,1977-12-26,männlich,Grünen,Dipl.-Sozialwissenschaftler,120.0,Essen III,Landesliste,kgehring.bsky.social,48
Kai Gehring,2025-02-03,-2.744962847704533,6,36,1977-12-26,männlich,Grünen,Dipl.-Sozialwissenschaftler,120.0,Essen III,Landesliste,kgehring.bsky.social,48
Kai Gehring,2025-02-10,-0.5127616048298491,8,37,1977-12-26,männlich,Grünen,Dipl.-Sozialwissenschaftler,120.0,Essen III,Landesliste,kgehring.bsky.social,48
Kai Gehring,2025-02-17,0.45349209665570256,8,38,1977-12-26,männlich,Grünen,Dipl.-Sozialwissenschaftler,120.0,Essen III,Landesliste,kgehring.bsky.social,48
Kai Gehring,2025-02-24,4.545483654940565,2,39,1977-12-26,männlich,Grünen,Dipl.-Sozialwissenschaftler,120.0,Essen III,Landesliste,kgehring.bsky.social,48
Kai Gehring,2025-03-03,-0.4522417959481753,9,40,1977-12-26,männlich,Grünen,Dipl.-Sozialwissenschaftler,120.0,Essen III,Landesliste,kgehring.bsky.social,48
Kai Gehring,2025-03-10,-0.800801335651348,7,41,1977-12-26,männlich,Grünen,Dipl.-Sozialwissenschaftler,120.0,Essen III,Landesliste,kgehring.bsky.social,48
Kai Gehring,2025-03-17,1.6977088695658116,3,42,1977-12-26,männlich,Grünen,Dipl.-Sozialwissenschaftler,120.0,Essen III,Landesliste,kgehring.bsky.social,48
Karl Bär,2025-02-24,-3.5374050338312033,11,39,1985-03-13,männlich,Grünen,Agrarökonom,223.0,Bad Tölz-Wolfratshausen - Miesbach,Landesliste,karlbaer.bsky.social,40
Karl Bär,2025-03-10,-1.2365721889928347,3,41,1985-03-13,männlich,Grünen,Agrarökonom,223.0,Bad Tölz-Wolfratshausen - Miesbach,Landesliste,karlbaer.bsky.social,40
Karl Bär,2025-03-17,-4.348774075056551,5,42,1985-03-13,männlich,Grünen,Agrarökonom,223.0,Bad Tölz-Wolfratshausen - Miesbach,Landesliste,karlbaer.bsky.social,40
Karl Bär,2025-03-24,-3.8235217676265796,4,43,1985-03-13,männlich,Grünen,Agrarökonom,222.0,Bad Tölz-Wolfratshausen – Miesbach,Landesliste,karlbaer.bsky.social,40
Karl Bär,2025-03-31,-1.582337912510077,14,44,1985-03-13,männlich,Grünen,Agrarökonom,222.0,Bad Tölz-Wolfratshausen – Miesbach,Landesliste,karlbaer.bsky.social,40
Karl Bär,2025-04-07,-3.177105467348739,13,45,1985-03-13,männlich,Grünen,Agrarökonom,222.0,Bad Tölz-Wolfratshausen – Miesbach,Landesliste,karlbaer.bsky.social,40
Karl Bär,2025-04-21,-0.34127017810401755,1,47,1985-03-13,männlich,Grünen,Agrarökonom,222.0,Bad Tölz-Wolfratshausen – Miesbach,Landesliste,karlbaer.bsky.social,40
Karl Bär,2025-04-28,-5.107092764018917,1,48,1985-03-13,männlich,Grünen,Agrarökonom,222.0,Bad Tölz-Wolfratshausen – Miesbach,Landesliste,karlbaer.bsky.social,40
Karl Bär,2025-05-05,-2.950705391285422,4,49,1985-03-13,männlich,Grünen,Agrarökonom,222.0,Bad Tölz-Wolfratshausen – Miesbach,Landesliste,karlbaer.bsky.social,40
Karl Bär,2025-05-12,-0.005043872806114821,1,50,1985-03-13,männlich,Grünen,Agrarökonom,222.0,Bad Tölz-Wolfratshausen – Miesbach,Landesliste,karlbaer.bsky.social,40
Karl Bär,2025-05-19,-3.372936253815,3,51,1985-03-13,männlich,Grünen,Agrarökonom,222.0,Bad Tölz-Wolfratshausen – Miesbach,Landesliste,karlbaer.bsky.social,40
Karl Bär,2025-05-26,-4.126111486128622,3,52,1985-03-13,männlich,Grünen,Agrarökonom,222.0,Bad Tölz-Wolfratshausen – Miesbach,Landesliste,karlbaer.bsky.social,40
Karl Bär,2025-06-09,-0.29331766914907964,1,54,1985-03-13,männlich,Grünen,Agrarökonom,222.0,Bad Tölz-Wolfratshausen – Miesbach,Landesliste,karlbaer.bsky.social,40
Karl Bär,2025-07-28,-0.28082676449464034,3,61,1985-03-13,männlich,Grünen,Agrarökonom,222.0,Bad Tölz-Wolfratshausen – Miesbach,Landesliste,karlbaer.bsky.social,40
Kassem Taher Saleh,2025-04-28,-0.81388472502107,15,48,1993-06-01,männlich,Grünen,Bauingenieur,158.0,Dresden I,Landesliste,kassemtahersaleh.bsky.social,32
Kassem Taher Saleh,2025-05-05,0.60648368366894,7,49,1993-06-01,männlich,Grünen,Bauingenieur,158.0,Dresden I,Landesliste,kassemtahersaleh.bsky.social,32
Kassem Taher Saleh,2025-05-12,0.31623354395304404,2,50,1993-06-01,männlich,Grünen,Bauingenieur,158.0,Dresden I,Landesliste,kassemtahersaleh.bsky.social,32
Kassem Taher Saleh,2025-05-19,-1.4143005033853209,6,51,1993-06-01,männlich,Grünen,Bauingenieur,158.0,Dresden I,Landesliste,kassemtahersaleh.bsky.social,32
Kassem Taher Saleh,2025-05-26,-4.762884471109838,2,52,1993-06-01,männlich,Grünen,Bauingenieur,158.0,Dresden I,Landesliste,kassemtahersaleh.bsky.social,32
Kassem Taher Saleh,2025-06-02,-0.14581688416011732,6,53,1993-06-01,männlich,Grünen,Bauingenieur,158.0,Dresden I,Landesliste,kassemtahersaleh.bsky.social,32
Kassem Taher Saleh,2025-06-09,-3.1613480184033333,5,54,1993-06-01,männlich,Grünen,Bauingenieur,158.0,Dresden I,Landesliste,kassemtahersaleh.bsky.social,32
Kassem Taher Saleh,2025-06-16,-2.470309980582851,3,55,1993-06-01,männlich,Grünen,Bauingenieur,158.0,Dresden I,Landesliste,kassemtahersaleh.bsky.social,32
Kassem Taher Saleh,2025-06-23,-2.8813276933474987,3,56,1993-06-01,männlich,Grünen,Bauingenieur,158.0,Dresden I,Landesliste,kassemtahersaleh.bsky.social,32
Kassem Taher Saleh,2025-06-30,-1.0612101555077869,1,57,1993-06-01,männlich,Grünen,Bauingenieur,158.0,Dresden I,Landesliste,kassemtahersaleh.bsky.social,32
Kassem Taher Saleh,2025-07-07,-3.2162267319746056,6,58,1993-06-01,männlich,Grünen,Bauingenieur,158.0,Dresden I,Landesliste,kassemtahersaleh.bsky.social,32
Kassem Taher Saleh,2025-07-14,-1.3757313992578648,4,59,1993-06-01,männlich,Grünen,Bauingenieur,158.0,Dresden I,Landesliste,kassemtahersaleh.bsky.social,32
Katharina Beck,2024-11-18,0.7716959411588501,5,25,1982-04-13,weiblich,Grünen,Unternehmensberaterin für Nachhaltigkeit,21.0,Hamburg-Nord,Landesliste,katharinabeck.bsky.social,42
Katharina Beck,2024-11-25,1.006713883617605,3,26,1982-04-13,weiblich,Grünen,Unternehmensberaterin für Nachhaltigkeit,21.0,Hamburg-Nord,Landesliste,katharinabeck.bsky.social,42
Katharina Beck,2024-12-02,-6.148636074498322,2,27,1982-04-13,weiblich,Grünen,Unternehmensberaterin für Nachhaltigkeit,21.0,Hamburg-Nord,Landesliste,katharinabeck.bsky.social,42
Katharina Beck,2024-12-09,-2.2960779311809123,3,28,1982-04-13,weiblich,Grünen,Unternehmensberaterin für Nachhaltigkeit,21.0,Hamburg-Nord,Landesliste,katharinabeck.bsky.social,42
Katharina Beck,2024-12-16,-5.1997189694786545,2,29,1982-04-13,weiblich,Grünen,Unternehmensberaterin für Nachhaltigkeit,21.0,Hamburg-Nord,Landesliste,katharinabeck.bsky.social,42
Katharina Beck,2024-12-23,-4.437180337878158,1,30,1982-04-13,weiblich,Grünen,Unternehmensberaterin für Nachhaltigkeit,21.0,Hamburg-Nord,Landesliste,katharinabeck.bsky.social,42
Katharina Beck,2024-12-30,-0.4215532443767324,1,31,1982-04-13,weiblich,Grünen,Unternehmensberaterin für Nachhaltigkeit,21.0,Hamburg-Nord,Landesliste,katharinabeck.bsky.social,42
Katharina Beck,2025-01-06,-0.6137978395618364,2,32,1982-04-13,weiblich,Grünen,Unternehmensberaterin für Nachhaltigkeit,21.0,Hamburg-Nord,Landesliste,katharinabeck.bsky.social,43
Katharina Beck,2025-01-13,-2.59363434153863,1,33,1982-04-13,weiblich,Grünen,Unternehmensberaterin für Nachhaltigkeit,21.0,Hamburg-Nord,Landesliste,katharinabeck.bsky.social,43
Katharina Beck,2025-01-27,-5.810686601509097,2,35,1982-04-13,weiblich,Grünen,Unternehmensberaterin für Nachhaltigkeit,21.0,Hamburg-Nord,Landesliste,katharinabeck.bsky.social,43
Katharina Beck,2025-02-03,-2.2819248702031154,5,36,1982-04-13,weiblich,Grünen,Unternehmensberaterin für Nachhaltigkeit,21.0,Hamburg-Nord,Landesliste,katharinabeck.bsky.social,43
Katharina Beck,2025-02-10,-0.21453431083263808,1,37,1982-04-13,weiblich,Grünen,Unternehmensberaterin für Nachhaltigkeit,21.0,Hamburg-Nord,Landesliste,katharinabeck.bsky.social,43
Katharina Beck,2025-02-17,4.440282922804767,1,38,1982-04-13,weiblich,Grünen,Unternehmensberaterin für Nachhaltigkeit,21.0,Hamburg-Nord,Landesliste,katharinabeck.bsky.social,43
Katharina Beck,2025-02-24,-1.1672278301505294,2,39,1982-04-13,weiblich,Grünen,Unternehmensberaterin für Nachhaltigkeit,21.0,Hamburg-Nord,Landesliste,katharinabeck.bsky.social,43
Katharina Beck,2025-03-03,-5.957196094567232,2,40,1982-04-13,weiblich,Grünen,Unternehmensberaterin für Nachhaltigkeit,21.0,Hamburg-Nord,Landesliste,katharinabeck.bsky.social,43
Katharina Beck,2025-03-10,-4.095890511123145,4,41,1982-04-13,weiblich,Grünen,Unternehmensberaterin für Nachhaltigkeit,21.0,Hamburg-Nord,Landesliste,katharinabeck.bsky.social,43
Katharina Beck,2025-03-24,-2.1264297324333152,1,43,1982-04-13,weiblich,Grünen,Unternehmensberaterin für Nachhaltigkeit,21.0,Hamburg-Nord,Landesliste,katharinabeck.bsky.social,43
Katharina Beck,2025-03-31,-2.113050924590348,5,44,1982-04-13,weiblich,Grünen,Unternehmensberaterin für Nachhaltigkeit,21.0,Hamburg-Nord,Landesliste,katharinabeck.bsky.social,43
Katharina Beck,2025-04-07,-4.0714871839939635,4,45,1982-04-13,weiblich,Grünen,Unternehmensberaterin für Nachhaltigkeit,21.0,Hamburg-Nord,Landesliste,katharinabeck.bsky.social,43
Katharina Beck,2025-04-14,-0.9036637581849348,5,46,1982-04-13,weiblich,Grünen,Unternehmensberaterin für Nachhaltigkeit,21.0,Hamburg-Nord,Landesliste,katharinabeck.bsky.social,43
Katharina Beck,2025-04-28,4.537403568847545,1,48,1982-04-13,weiblich,Grünen,Unternehmensberaterin für Nachhaltigkeit,21.0,Hamburg-Nord,Landesliste,katharinabeck.bsky.social,43
Katharina Beck,2025-05-05,0.5656390211148671,3,49,1982-04-13,weiblich,Grünen,Unternehmensberaterin für Nachhaltigkeit,21.0,Hamburg-Nord,Landesliste,katharinabeck.bsky.social,43
Katharina Beck,2025-05-12,5.147545666983788,4,50,1982-04-13,weiblich,Grünen,Unternehmensberaterin für Nachhaltigkeit,21.0,Hamburg-Nord,Landesliste,katharinabeck.bsky.social,43
Katharina Beck,2025-05-26,-5.0647652886792915,2,52,1982-04-13,weiblich,Grünen,Unternehmensberaterin für Nachhaltigkeit,21.0,Hamburg-Nord,Landesliste,katharinabeck.bsky.social,43
Katharina Beck,2025-06-02,-3.7443759545234205,1,53,1982-04-13,weiblich,Grünen,Unternehmensberaterin für Nachhaltigkeit,21.0,Hamburg-Nord,Landesliste,katharinabeck.bsky.social,43
Katharina Beck,2025-06-16,-0.6361117156110038,1,55,1982-04-13,weiblich,Grünen,Unternehmensberaterin für Nachhaltigkeit,21.0,Hamburg-Nord,Landesliste,katharinabeck.bsky.social,43
Katharina Beck,2025-06-23,-1.1288684487084872,1,56,1982-04-13,weiblich,Grünen,Unternehmensberaterin für Nachhaltigkeit,21.0,Hamburg-Nord,Landesliste,katharinabeck.bsky.social,43
Katharina Beck,2025-06-30,-4.632836347418751,2,57,1982-04-13,weiblich,Grünen,Unternehmensberaterin für Nachhaltigkeit,21.0,Hamburg-Nord,Landesliste,katharinabeck.bsky.social,43
Katharina Beck,2025-07-21,-5.4868044679311545,1,60,1982-04-13,weiblich,Grünen,Unternehmensberaterin für Nachhaltigkeit,21.0,Hamburg-Nord,Landesliste,katharinabeck.bsky.social,43
Katharina Dröge,2024-06-03,-1.2059505517294136,4,1,1984-09-16,weiblich,Grünen,Volkswirtin,95.0,Köln III,Landesliste,katharinadroege.bsky.social,40
Katharina Dröge,2024-06-10,-0.43128791432522134,6,2,1984-09-16,weiblich,Grünen,Volkswirtin,95.0,Köln III,Landesliste,katharinadroege.bsky.social,40
Katharina Dröge,2024-06-17,-1.8491257667438,10,3,1984-09-16,weiblich,Grünen,Volkswirtin,95.0,Köln III,Landesliste,katharinadroege.bsky.social,40
Katharina Dröge,2024-06-24,-0.3134881360205757,13,4,1984-09-16,weiblich,Grünen,Volkswirtin,95.0,Köln III,Landesliste,katharinadroege.bsky.social,40
Katharina Dröge,2024-07-01,0.23816728919051094,7,5,1984-09-16,weiblich,Grünen,Volkswirtin,95.0,Köln III,Landesliste,katharinadroege.bsky.social,40
Katharina Dröge,2024-07-08,2.538839860947669,14,6,1984-09-16,weiblich,Grünen,Volkswirtin,95.0,Köln III,Landesliste,katharinadroege.bsky.social,40
Katharina Dröge,2024-07-15,2.012972633472002,28,7,1984-09-16,weiblich,Grünen,Volkswirtin,95.0,Köln III,Landesliste,katharinadroege.bsky.social,40
Katharina Dröge,2024-07-22,-0.1171235059263808,2,8,1984-09-16,weiblich,Grünen,Volkswirtin,95.0,Köln III,Landesliste,katharinadroege.bsky.social,40
Katharina Dröge,2024-08-19,1.83247108825312,11,12,1984-09-16,weiblich,Grünen,Volkswirtin,95.0,Köln III,Landesliste,katharinadroege.bsky.social,40
Katharina Dröge,2024-08-26,-0.7258946642711023,2,13,1984-09-16,weiblich,Grünen,Volkswirtin,95.0,Köln III,Landesliste,katharinadroege.bsky.social,40
Katharina Dröge,2024-09-02,-2.108425185100382,7,14,1984-09-16,weiblich,Grünen,Volkswirtin,95.0,Köln III,Landesliste,katharinadroege.bsky.social,40
Katharina Dröge,2024-09-09,1.320190038872962,2,15,1984-09-16,weiblich,Grünen,Volkswirtin,95.0,Köln III,Landesliste,katharinadroege.bsky.social,40
Katharina Dröge,2024-09-16,-0.005174803600323763,15,16,1984-09-16,weiblich,Grünen,Volkswirtin,95.0,Köln III,Landesliste,katharinadroege.bsky.social,40
Katharina Dröge,2024-09-23,5.3174356212063785,1,17,1984-09-16,weiblich,Grünen,Volkswirtin,95.0,Köln III,Landesliste,katharinadroege.bsky.social,40
Katharina Dröge,2024-09-30,1.567667400888841,1,18,1984-09-16,weiblich,Grünen,Volkswirtin,95.0,Köln III,Landesliste,katharinadroege.bsky.social,40
Katharina Dröge,2024-10-07,1.015187049101938,2,19,1984-09-16,weiblich,Grünen,Volkswirtin,95.0,Köln III,Landesliste,katharinadroege.bsky.social,40
Katharina Dröge,2024-10-14,-3.933641785247152,2,20,1984-09-16,weiblich,Grünen,Volkswirtin,95.0,Köln III,Landesliste,katharinadroege.bsky.social,40
Katharina Dröge,2024-10-21,-0.14022777178572396,3,21,1984-09-16,weiblich,Grünen,Volkswirtin,95.0,Köln III,Landesliste,katharinadroege.bsky.social,40
Katharina Dröge,2024-11-04,-2.1890804197113023,7,23,1984-09-16,weiblich,Grünen,Volkswirtin,95.0,Köln III,Landesliste,katharinadroege.bsky.social,40
Katharina Dröge,2024-11-11,1.941299876215617,11,24,1984-09-16,weiblich,Grünen,Volkswirtin,95.0,Köln III,Landesliste,katharinadroege.bsky.social,40
Katharina Dröge,2024-11-18,0.2653212032929923,8,25,1984-09-16,weiblich,Grünen,Volkswirtin,95.0,Köln III,Landesliste,katharinadroege.bsky.social,40
Katharina Dröge,2024-11-25,-1.517461898621769,6,26,1984-09-16,weiblich,Grünen,Volkswirtin,95.0,Köln III,Landesliste,katharinadroege.bsky.social,40
Katharina Dröge,2024-12-02,0.685378601346731,4,27,1984-09-16,weiblich,Grünen,Volkswirtin,95.0,Köln III,Landesliste,katharinadroege.bsky.social,40
Katharina Dröge,2024-12-09,-0.8529327461812345,3,28,1984-09-16,weiblich,Grünen,Volkswirtin,95.0,Köln III,Landesliste,katharinadroege.bsky.social,40
Katharina Dröge,2024-12-16,0.6937468755358778,14,29,1984-09-16,weiblich,Grünen,Volkswirtin,95.0,Köln III,Landesliste,katharinadroege.bsky.social,40
Katharina Dröge,2025-01-06,1.3118740505581563,13,32,1984-09-16,weiblich,Grünen,Volkswirtin,95.0,Köln III,Landesliste,katharinadroege.bsky.social,41
Katharina Dröge,2025-01-13,1.0482721114633602,7,33,1984-09-16,weiblich,Grünen,Volkswirtin,95.0,Köln III,Landesliste,katharinadroege.bsky.social,41
Katharina Dröge,2025-01-20,-3.111137230022605,4,34,1984-09-16,weiblich,Grünen,Volkswirtin,95.0,Köln III,Landesliste,katharinadroege.bsky.social,41
Katharina Dröge,2025-01-27,-1.275750322666417,14,35,1984-09-16,weiblich,Grünen,Volkswirtin,95.0,Köln III,Landesliste,katharinadroege.bsky.social,41
Katharina Dröge,2025-02-03,0.06590936078054543,13,36,1984-09-16,weiblich,Grünen,Volkswirtin,95.0,Köln III,Landesliste,katharinadroege.bsky.social,41
Katharina Dröge,2025-02-10,-0.091982830247385,7,37,1984-09-16,weiblich,Grünen,Volkswirtin,95.0,Köln III,Landesliste,katharinadroege.bsky.social,41
Katharina Dröge,2025-02-17,0.1143396746222919,9,38,1984-09-16,weiblich,Grünen,Volkswirtin,95.0,Köln III,Landesliste,katharinadroege.bsky.social,41
Katharina Dröge,2025-02-24,1.285066772331189,6,39,1984-09-16,weiblich,Grünen,Volkswirtin,95.0,Köln III,Landesliste,katharinadroege.bsky.social,41
Katharina Dröge,2025-03-03,-1.7582050889583958,10,40,1984-09-16,weiblich,Grünen,Volkswirtin,95.0,Köln III,Landesliste,katharinadroege.bsky.social,41
Katharina Dröge,2025-03-10,0.7711342406940483,2,41,1984-09-16,weiblich,Grünen,Volkswirtin,95.0,Köln III,Landesliste,katharinadroege.bsky.social,41
Katharina Dröge,2025-03-17,-0.6813846123237257,5,42,1984-09-16,weiblich,Grünen,Volkswirtin,95.0,Köln III,Landesliste,katharinadroege.bsky.social,41
Katharina Dröge,2025-03-24,0.9196988266896357,6,43,1984-09-16,weiblich,Grünen,Volkswirtin,94.0,Köln III,Direktwahl,katharinadroege.bsky.social,41
Katharina Dröge,2025-03-31,-2.8166038487187763,9,44,1984-09-16,weiblich,Grünen,Volkswirtin,94.0,Köln III,Direktwahl,katharinadroege.bsky.social,41
Katharina Dröge,2025-04-07,-3.4598842553556204,10,45,1984-09-16,weiblich,Grünen,Volkswirtin,94.0,Köln III,Direktwahl,katharinadroege.bsky.social,41
Katharina Dröge,2025-04-14,-3.9759831357660134,3,46,1984-09-16,weiblich,Grünen,Volkswirtin,94.0,Köln III,Direktwahl,katharinadroege.bsky.social,41
Katharina Dröge,2025-04-21,1.3764761440438056,1,47,1984-09-16,weiblich,Grünen,Volkswirtin,94.0,Köln III,Direktwahl,katharinadroege.bsky.social,41
Katharina Dröge,2025-04-28,-5.104930664167721,2,48,1984-09-16,weiblich,Grünen,Volkswirtin,94.0,Köln III,Direktwahl,katharinadroege.bsky.social,41
Katharina Dröge,2025-05-05,-1.108360500730123,6,49,1984-09-16,weiblich,Grünen,Volkswirtin,94.0,Köln III,Direktwahl,katharinadroege.bsky.social,41
Katharina Dröge,2025-05-12,-4.086253545194386,5,50,1984-09-16,weiblich,Grünen,Volkswirtin,94.0,Köln III,Direktwahl,katharinadroege.bsky.social,41
Katharina Dröge,2025-05-19,-2.7834906837941573,10,51,1984-09-16,weiblich,Grünen,Volkswirtin,94.0,Köln III,Direktwahl,katharinadroege.bsky.social,41
Katharina Dröge,2025-05-26,-5.449525677886404,4,52,1984-09-16,weiblich,Grünen,Volkswirtin,94.0,Köln III,Direktwahl,katharinadroege.bsky.social,41
Katharina Dröge,2025-06-02,-0.2808911889546374,8,53,1984-09-16,weiblich,Grünen,Volkswirtin,94.0,Köln III,Direktwahl,katharinadroege.bsky.social,41
Katharina Dröge,2025-06-09,-5.924797468261703,2,54,1984-09-16,weiblich,Grünen,Volkswirtin,94.0,Köln III,Direktwahl,katharinadroege.bsky.social,41
Katharina Dröge,2025-06-16,-2.5942628862617294,3,55,1984-09-16,weiblich,Grünen,Volkswirtin,94.0,Köln III,Direktwahl,katharinadroege.bsky.social,41
Katharina Dröge,2025-06-23,-1.8213774605279731,5,56,1984-09-16,weiblich,Grünen,Volkswirtin,94.0,Köln III,Direktwahl,katharinadroege.bsky.social,41
Katharina Dröge,2025-06-30,-3.2812655441112484,10,57,1984-09-16,weiblich,Grünen,Volkswirtin,94.0,Köln III,Direktwahl,katharinadroege.bsky.social,41
Katharina Dröge,2025-07-07,-3.2988030605102616,5,58,1984-09-16,weiblich,Grünen,Volkswirtin,94.0,Köln III,Direktwahl,katharinadroege.bsky.social,41
Katharina Dröge,2025-07-14,-4.195757171875584,14,59,1984-09-16,weiblich,Grünen,Volkswirtin,94.0,Köln III,Direktwahl,katharinadroege.bsky.social,41
Katharina Dröge,2025-07-21,-1.2177621896523105,9,60,1984-09-16,weiblich,Grünen,Volkswirtin,94.0,Köln III,Direktwahl,katharinadroege.bsky.social,41
Katharina Dröge,2025-07-28,-2.715192694454246,5,61,1984-09-16,weiblich,Grünen,Volkswirtin,94.0,Köln III,Direktwahl,katharinadroege.bsky.social,41
Kathrin Henneberger,2024-07-01,-1.364264488836594,3,5,1987-04-01,weiblich,Grünen,Angestellte,109.0,Mönchengladbach,Landesliste,kathrinanna.bsky.social‬,37
Kathrin Henneberger,2024-07-08,-6.160373854862682,1,6,1987-04-01,weiblich,Grünen,Angestellte,109.0,Mönchengladbach,Landesliste,kathrinanna.bsky.social‬,37
Kathrin Henneberger,2024-08-12,-0.67755620064909,1,11,1987-04-01,weiblich,Grünen,Angestellte,109.0,Mönchengladbach,Landesliste,kathrinanna.bsky.social‬,37
Kathrin Henneberger,2024-10-21,-1.5579912176641106,7,21,1987-04-01,weiblich,Grünen,Angestellte,109.0,Mönchengladbach,Landesliste,kathrinanna.bsky.social‬,37
Kathrin Henneberger,2024-10-28,-2.5195406051318634,1,22,1987-04-01,weiblich,Grünen,Angestellte,109.0,Mönchengladbach,Landesliste,kathrinanna.bsky.social‬,37
Kathrin Henneberger,2024-11-04,-0.19650009379084332,9,23,1987-04-01,weiblich,Grünen,Angestellte,109.0,Mönchengladbach,Landesliste,kathrinanna.bsky.social‬,37
Kathrin Henneberger,2024-11-11,-1.7396769820689955,10,24,1987-04-01,weiblich,Grünen,Angestellte,109.0,Mönchengladbach,Landesliste,kathrinanna.bsky.social‬,37
Kathrin Henneberger,2024-11-18,-1.74820210115537,21,25,1987-04-01,weiblich,Grünen,Angestellte,109.0,Mönchengladbach,Landesliste,kathrinanna.bsky.social‬,37
Kathrin Henneberger,2024-11-25,-1.0730239455753878,9,26,1987-04-01,weiblich,Grünen,Angestellte,109.0,Mönchengladbach,Landesliste,kathrinanna.bsky.social‬,37
Kathrin Henneberger,2024-12-02,0.19706017432349254,4,27,1987-04-01,weiblich,Grünen,Angestellte,109.0,Mönchengladbach,Landesliste,kathrinanna.bsky.social‬,37
Kathrin Henneberger,2024-12-09,-4.038754493855184,5,28,1987-04-01,weiblich,Grünen,Angestellte,109.0,Mönchengladbach,Landesliste,kathrinanna.bsky.social‬,37
Kathrin Henneberger,2024-12-16,0.10003992599954022,1,29,1987-04-01,weiblich,Grünen,Angestellte,109.0,Mönchengladbach,Landesliste,kathrinanna.bsky.social‬,37
Kathrin Henneberger,2024-12-30,4.25447755138503,1,31,1987-04-01,weiblich,Grünen,Angestellte,109.0,Mönchengladbach,Landesliste,kathrinanna.bsky.social‬,37
Kathrin Henneberger,2025-01-06,-2.075758058819973,14,32,1987-04-01,weiblich,Grünen,Angestellte,109.0,Mönchengladbach,Landesliste,kathrinanna.bsky.social‬,38
Kathrin Henneberger,2025-01-13,-1.9446635339460425,2,33,1987-04-01,weiblich,Grünen,Angestellte,109.0,Mönchengladbach,Landesliste,kathrinanna.bsky.social‬,38
Kathrin Henneberger,2025-01-20,-3.644218044300048,2,34,1987-04-01,weiblich,Grünen,Angestellte,109.0,Mönchengladbach,Landesliste,kathrinanna.bsky.social‬,38
Kathrin Henneberger,2025-01-27,-2.622054697136719,11,35,1987-04-01,weiblich,Grünen,Angestellte,109.0,Mönchengladbach,Landesliste,kathrinanna.bsky.social‬,38
Kathrin Henneberger,2025-02-03,-1.6032426637611032,5,36,1987-04-01,weiblich,Grünen,Angestellte,109.0,Mönchengladbach,Landesliste,kathrinanna.bsky.social‬,38
Kathrin Henneberger,2025-02-10,-1.019934314715616,17,37,1987-04-01,weiblich,Grünen,Angestellte,109.0,Mönchengladbach,Landesliste,kathrinanna.bsky.social‬,38
Kathrin Henneberger,2025-02-17,-2.3714290390973796,9,38,1987-04-01,weiblich,Grünen,Angestellte,109.0,Mönchengladbach,Landesliste,kathrinanna.bsky.social‬,38
Kathrin Henneberger,2025-02-24,-1.5511871137198803,5,39,1987-04-01,weiblich,Grünen,Angestellte,109.0,Mönchengladbach,Landesliste,kathrinanna.bsky.social‬,38
Kathrin Henneberger,2025-03-03,0.9335587123933443,5,40,1987-04-01,weiblich,Grünen,Angestellte,109.0,Mönchengladbach,Landesliste,kathrinanna.bsky.social‬,38
Kathrin Henneberger,2025-03-10,0.2370162218755769,1,41,1987-04-01,weiblich,Grünen,Angestellte,109.0,Mönchengladbach,Landesliste,kathrinanna.bsky.social‬,38
Kathrin Vogler,2024-11-11,0.42030707872684997,3,24,1963-09-29,weiblich,Die LINKE,Geschäftsführerin,128.0,Steinfurt III,Landesliste,voglerk.bsky.social,61
Kathrin Vogler,2024-11-18,-0.7070349393471209,13,25,1963-09-29,weiblich,Die LINKE,Geschäftsführerin,128.0,Steinfurt III,Landesliste,voglerk.bsky.social,61
Kathrin Vogler,2024-11-25,-2.4942149295404983,3,26,1963-09-29,weiblich,Die LINKE,Geschäftsführerin,128.0,Steinfurt III,Landesliste,voglerk.bsky.social,61
Kathrin Vogler,2024-12-02,-1.4872774079603834,9,27,1963-09-29,weiblich,Die LINKE,Geschäftsführerin,128.0,Steinfurt III,Landesliste,voglerk.bsky.social,61
Kathrin Vogler,2024-12-09,-3.1899784367677664,2,28,1963-09-29,weiblich,Die LINKE,Geschäftsführerin,128.0,Steinfurt III,Landesliste,voglerk.bsky.social,61
Kathrin Vogler,2024-12-16,-3.5493484424159814,13,29,1963-09-29,weiblich,Die LINKE,Geschäftsführerin,128.0,Steinfurt III,Landesliste,voglerk.bsky.social,61
Kathrin Vogler,2024-12-23,3.7897939158979335,1,30,1963-09-29,weiblich,Die LINKE,Geschäftsführerin,128.0,Steinfurt III,Landesliste,voglerk.bsky.social,61
Kathrin Vogler,2024-12-30,5.340039029609907,1,31,1963-09-29,weiblich,Die LINKE,Geschäftsführerin,128.0,Steinfurt III,Landesliste,voglerk.bsky.social,61
Kathrin Vogler,2025-01-06,0.5878683994607848,4,32,1963-09-29,weiblich,Die LINKE,Geschäftsführerin,128.0,Steinfurt III,Landesliste,voglerk.bsky.social,62
Kathrin Vogler,2025-01-13,-1.5719910969784279,24,33,1963-09-29,weiblich,Die LINKE,Geschäftsführerin,128.0,Steinfurt III,Landesliste,voglerk.bsky.social,62
Kathrin Vogler,2025-01-20,-2.8804490111237127,41,34,1963-09-29,weiblich,Die LINKE,Geschäftsführerin,128.0,Steinfurt III,Landesliste,voglerk.bsky.social,62
Kathrin Vogler,2025-01-27,-2.047489926228173,65,35,1963-09-29,weiblich,Die LINKE,Geschäftsführerin,128.0,Steinfurt III,Landesliste,voglerk.bsky.social,62
Kathrin Vogler,2025-02-03,-2.413416876724262,25,36,1963-09-29,weiblich,Die LINKE,Geschäftsführerin,128.0,Steinfurt III,Landesliste,voglerk.bsky.social,62
Kathrin Vogler,2025-02-10,-1.4480148062960971,34,37,1963-09-29,weiblich,Die LINKE,Geschäftsführerin,128.0,Steinfurt III,Landesliste,voglerk.bsky.social,62
Kathrin Vogler,2025-02-17,-1.9035469941245926,46,38,1963-09-29,weiblich,Die LINKE,Geschäftsführerin,128.0,Steinfurt III,Landesliste,voglerk.bsky.social,62
Kathrin Vogler,2025-02-24,-1.660457169391597,6,39,1963-09-29,weiblich,Die LINKE,Geschäftsführerin,128.0,Steinfurt III,Landesliste,voglerk.bsky.social,62
Kathrin Vogler,2025-03-03,0.049388097870202985,8,40,1963-09-29,weiblich,Die LINKE,Geschäftsführerin,128.0,Steinfurt III,Landesliste,voglerk.bsky.social,62
Kathrin Vogler,2025-03-10,-5.468922188556862,1,41,1963-09-29,weiblich,Die LINKE,Geschäftsführerin,128.0,Steinfurt III,Landesliste,voglerk.bsky.social,62
Kathrin Vogler,2025-03-17,-1.9713608715071702,12,42,1963-09-29,weiblich,Die LINKE,Geschäftsführerin,128.0,Steinfurt III,Landesliste,voglerk.bsky.social,62
Katja Keul,2025-01-20,5.2697557482491995,1,34,1969-11-30,weiblich,Grünen,Rechtsanwältin,40.0,Nienburg II - Schaumburg,Landesliste,katja-keul.de,56
Katja Keul,2025-01-27,2.5214431070200876,5,35,1969-11-30,weiblich,Grünen,Rechtsanwältin,40.0,Nienburg II - Schaumburg,Landesliste,katja-keul.de,56
Katja Keul,2025-02-10,0.23698609517086752,2,37,1969-11-30,weiblich,Grünen,Rechtsanwältin,40.0,Nienburg II - Schaumburg,Landesliste,katja-keul.de,56
Katja Keul,2025-02-17,1.379037029262154,3,38,1969-11-30,weiblich,Grünen,Rechtsanwältin,40.0,Nienburg II - Schaumburg,Landesliste,katja-keul.de,56
Katrin Uhlig,2024-07-01,1.079675703045683,4,5,1982-07-05,weiblich,Grünen,Dipl.-Kulturwirtin,96.0,Bonn,Direktwahl,katrinuhlig.bsky.social,42
Katrin Uhlig,2024-07-15,-6.044976092161581,1,7,1982-07-05,weiblich,Grünen,Dipl.-Kulturwirtin,96.0,Bonn,Direktwahl,katrinuhlig.bsky.social,42
Katrin Uhlig,2024-08-26,4.7826556768032225,1,13,1982-07-05,weiblich,Grünen,Dipl.-Kulturwirtin,96.0,Bonn,Direktwahl,katrinuhlig.bsky.social,42
Katrin Uhlig,2024-09-09,2.4075521383906975,6,15,1982-07-05,weiblich,Grünen,Dipl.-Kulturwirtin,96.0,Bonn,Direktwahl,katrinuhlig.bsky.social,42
Katrin Uhlig,2024-09-30,-2.6285079577504673,3,18,1982-07-05,weiblich,Grünen,Dipl.-Kulturwirtin,96.0,Bonn,Direktwahl,katrinuhlig.bsky.social,42
Katrin Uhlig,2024-10-07,5.233825412091868,1,19,1982-07-05,weiblich,Grünen,Dipl.-Kulturwirtin,96.0,Bonn,Direktwahl,katrinuhlig.bsky.social,42
Katrin Uhlig,2024-10-14,-5.687920390274926,1,20,1982-07-05,weiblich,Grünen,Dipl.-Kulturwirtin,96.0,Bonn,Direktwahl,katrinuhlig.bsky.social,42
Katrin Uhlig,2024-10-28,-1.4314271029075982,1,22,1982-07-05,weiblich,Grünen,Dipl.-Kulturwirtin,96.0,Bonn,Direktwahl,katrinuhlig.bsky.social,42
Katrin Uhlig,2024-11-04,-0.7674769335284838,12,23,1982-07-05,weiblich,Grünen,Dipl.-Kulturwirtin,96.0,Bonn,Direktwahl,katrinuhlig.bsky.social,42
Katrin Uhlig,2024-11-11,0.46540339109620754,8,24,1982-07-05,weiblich,Grünen,Dipl.-Kulturwirtin,96.0,Bonn,Direktwahl,katrinuhlig.bsky.social,42
Katrin Uhlig,2024-11-18,-1.9010826133904013,3,25,1982-07-05,weiblich,Grünen,Dipl.-Kulturwirtin,96.0,Bonn,Direktwahl,katrinuhlig.bsky.social,42
Katrin Uhlig,2024-11-25,-2.295555815654465,2,26,1982-07-05,weiblich,Grünen,Dipl.-Kulturwirtin,96.0,Bonn,Direktwahl,katrinuhlig.bsky.social,42
Katrin Uhlig,2024-12-02,1.2858857078406034,4,27,1982-07-05,weiblich,Grünen,Dipl.-Kulturwirtin,96.0,Bonn,Direktwahl,katrinuhlig.bsky.social,42
Katrin Uhlig,2024-12-16,-5.941253351195748,1,29,1982-07-05,weiblich,Grünen,Dipl.-Kulturwirtin,96.0,Bonn,Direktwahl,katrinuhlig.bsky.social,42
Katrin Uhlig,2024-12-23,5.692059426781656,1,30,1982-07-05,weiblich,Grünen,Dipl.-Kulturwirtin,96.0,Bonn,Direktwahl,katrinuhlig.bsky.social,42
Katrin Uhlig,2024-12-30,0.8024277967428879,1,31,1982-07-05,weiblich,Grünen,Dipl.-Kulturwirtin,96.0,Bonn,Direktwahl,katrinuhlig.bsky.social,42
Katrin Uhlig,2025-01-06,-2.15314185004716,1,32,1982-07-05,weiblich,Grünen,Dipl.-Kulturwirtin,96.0,Bonn,Direktwahl,katrinuhlig.bsky.social,43
Katrin Uhlig,2025-01-13,-2.147417785184256,2,33,1982-07-05,weiblich,Grünen,Dipl.-Kulturwirtin,96.0,Bonn,Direktwahl,katrinuhlig.bsky.social,43
Katrin Uhlig,2025-01-20,-2.2258197255992482,3,34,1982-07-05,weiblich,Grünen,Dipl.-Kulturwirtin,96.0,Bonn,Direktwahl,katrinuhlig.bsky.social,43
Katrin Uhlig,2025-01-27,-2.619779347422593,9,35,1982-07-05,weiblich,Grünen,Dipl.-Kulturwirtin,96.0,Bonn,Direktwahl,katrinuhlig.bsky.social,43
Katrin Uhlig,2025-02-03,2.392593302703812,3,36,1982-07-05,weiblich,Grünen,Dipl.-Kulturwirtin,96.0,Bonn,Direktwahl,katrinuhlig.bsky.social,43
Katrin Uhlig,2025-02-10,-0.08677153968785145,2,37,1982-07-05,weiblich,Grünen,Dipl.-Kulturwirtin,96.0,Bonn,Direktwahl,katrinuhlig.bsky.social,43
Katrin Uhlig,2025-02-17,1.7654729014537185,2,38,1982-07-05,weiblich,Grünen,Dipl.-Kulturwirtin,96.0,Bonn,Direktwahl,katrinuhlig.bsky.social,43
Katrin Uhlig,2025-02-24,0.38303784170108784,8,39,1982-07-05,weiblich,Grünen,Dipl.-Kulturwirtin,96.0,Bonn,Direktwahl,katrinuhlig.bsky.social,43
Katrin Uhlig,2025-03-03,-2.7759232336916138,4,40,1982-07-05,weiblich,Grünen,Dipl.-Kulturwirtin,96.0,Bonn,Direktwahl,katrinuhlig.bsky.social,43
Katrin Uhlig,2025-03-10,-1.5137296127775928,8,41,1982-07-05,weiblich,Grünen,Dipl.-Kulturwirtin,96.0,Bonn,Direktwahl,katrinuhlig.bsky.social,43
Katrin Uhlig,2025-03-17,-4.08151838587705,6,42,1982-07-05,weiblich,Grünen,Dipl.-Kulturwirtin,96.0,Bonn,Direktwahl,katrinuhlig.bsky.social,43
Katrin Uhlig,2025-03-24,-3.7918869089868386,5,43,1982-07-05,weiblich,Grünen,Dipl.-Kulturwirtin,95.0,Bonn,Landesliste,katrinuhlig.bsky.social,43
Katrin Uhlig,2025-03-31,-2.334248162114898,1,44,1982-07-05,weiblich,Grünen,Dipl.-Kulturwirtin,95.0,Bonn,Landesliste,katrinuhlig.bsky.social,43
Katrin Uhlig,2025-04-07,-0.6689617152733256,5,45,1982-07-05,weiblich,Grünen,Dipl.-Kulturwirtin,95.0,Bonn,Landesliste,katrinuhlig.bsky.social,43
Katrin Uhlig,2025-04-14,2.7077875745047155,2,46,1982-07-05,weiblich,Grünen,Dipl.-Kulturwirtin,95.0,Bonn,Landesliste,katrinuhlig.bsky.social,43
Katrin Uhlig,2025-04-21,0.08666441583324029,3,47,1982-07-05,weiblich,Grünen,Dipl.-Kulturwirtin,95.0,Bonn,Landesliste,katrinuhlig.bsky.social,43
Katrin Uhlig,2025-04-28,1.472072678740322,5,48,1982-07-05,weiblich,Grünen,Dipl.-Kulturwirtin,95.0,Bonn,Landesliste,katrinuhlig.bsky.social,43
Katrin Uhlig,2025-05-05,-1.8092584729668089,9,49,1982-07-05,weiblich,Grünen,Dipl.-Kulturwirtin,95.0,Bonn,Landesliste,katrinuhlig.bsky.social,43
Katrin Uhlig,2025-05-12,0.7861449709950732,2,50,1982-07-05,weiblich,Grünen,Dipl.-Kulturwirtin,95.0,Bonn,Landesliste,katrinuhlig.bsky.social,43
Katrin Uhlig,2025-05-19,-4.029347197774527,3,51,1982-07-05,weiblich,Grünen,Dipl.-Kulturwirtin,95.0,Bonn,Landesliste,katrinuhlig.bsky.social,43
Katrin Uhlig,2025-05-26,3.682943223065839,2,52,1982-07-05,weiblich,Grünen,Dipl.-Kulturwirtin,95.0,Bonn,Landesliste,katrinuhlig.bsky.social,43
Katrin Uhlig,2025-06-09,-1.4131176717757803,1,54,1982-07-05,weiblich,Grünen,Dipl.-Kulturwirtin,95.0,Bonn,Landesliste,katrinuhlig.bsky.social,43
Katrin Uhlig,2025-06-23,4.497961898019603,1,56,1982-07-05,weiblich,Grünen,Dipl.-Kulturwirtin,95.0,Bonn,Landesliste,katrinuhlig.bsky.social,43
Katrin Uhlig,2025-06-30,0.6121373127229384,2,57,1982-07-05,weiblich,Grünen,Dipl.-Kulturwirtin,95.0,Bonn,Landesliste,katrinuhlig.bsky.social,43
Katrin Uhlig,2025-07-07,-5.4421018729860045,1,58,1982-07-05,weiblich,Grünen,Dipl.-Kulturwirtin,95.0,Bonn,Landesliste,katrinuhlig.bsky.social,43
Katrin Uhlig,2025-07-21,-1.6809828645569589,2,60,1982-07-05,weiblich,Grünen,Dipl.-Kulturwirtin,95.0,Bonn,Landesliste,katrinuhlig.bsky.social,43
Katrin Uhlig,2025-07-28,-3.183045101979652,1,61,1982-07-05,weiblich,Grünen,Dipl.-Kulturwirtin,95.0,Bonn,Landesliste,katrinuhlig.bsky.social,43
Konrad Stockmeier,2025-03-17,-1.8115588075001274,21,42,1977-05-03,männlich,FDP,Marktforscher,275.0,Mannheim,Landesliste,konradstockmeier.bsky.social,48
Konstantin Kuhle,2024-12-02,4.974837855455332,1,27,1989-02-11,männlich,FDP,Rechtsanwalt,53.0,Göttingen,Landesliste,konstantinkuhle.bsky.social,35
Konstantin Kuhle,2024-12-16,-5.646234762924712,1,29,1989-02-11,männlich,FDP,Rechtsanwalt,53.0,Göttingen,Landesliste,konstantinkuhle.bsky.social,35
Konstantin Kuhle,2025-03-10,-2.35768971239053,2,41,1989-02-11,männlich,FDP,Rechtsanwalt,53.0,Göttingen,Landesliste,konstantinkuhle.bsky.social,36
Konstantin Kuhle,2025-03-17,-0.2959267252725222,2,42,1989-02-11,männlich,FDP,Rechtsanwalt,53.0,Göttingen,Landesliste,konstantinkuhle.bsky.social,36
Kordula Schulz-Asche,2024-06-03,2.1345110918845434,2,1,1956-12-31,weiblich,Grünen,"Krankenschwester, Kommunikationswissenschaftlerin",181.0,Main-Taunus,Landesliste,schulzasche.bsky.social,68
Kordula Schulz-Asche,2024-06-10,-2.2465180207823954,4,2,1956-12-31,weiblich,Grünen,"Krankenschwester, Kommunikationswissenschaftlerin",181.0,Main-Taunus,Landesliste,schulzasche.bsky.social,68
Kordula Schulz-Asche,2024-06-17,4.4008182713826764,1,3,1956-12-31,weiblich,Grünen,"Krankenschwester, Kommunikationswissenschaftlerin",181.0,Main-Taunus,Landesliste,schulzasche.bsky.social,68
Kordula Schulz-Asche,2024-06-24,0.25619997313639736,6,4,1956-12-31,weiblich,Grünen,"Krankenschwester, Kommunikationswissenschaftlerin",181.0,Main-Taunus,Landesliste,schulzasche.bsky.social,68
Kordula Schulz-Asche,2024-07-01,0.39219552923253764,4,5,1956-12-31,weiblich,Grünen,"Krankenschwester, Kommunikationswissenschaftlerin",181.0,Main-Taunus,Landesliste,schulzasche.bsky.social,68
Kordula Schulz-Asche,2024-07-08,4.41861656080786,1,6,1956-12-31,weiblich,Grünen,"Krankenschwester, Kommunikationswissenschaftlerin",181.0,Main-Taunus,Landesliste,schulzasche.bsky.social,68
Kordula Schulz-Asche,2024-07-29,4.7606933413949974,1,9,1956-12-31,weiblich,Grünen,"Krankenschwester, Kommunikationswissenschaftlerin",181.0,Main-Taunus,Landesliste,schulzasche.bsky.social,68
Kordula Schulz-Asche,2024-09-09,-4.381775209594626,2,15,1956-12-31,weiblich,Grünen,"Krankenschwester, Kommunikationswissenschaftlerin",181.0,Main-Taunus,Landesliste,schulzasche.bsky.social,68
Kordula Schulz-Asche,2024-10-07,1.6329635773866191,2,19,1956-12-31,weiblich,Grünen,"Krankenschwester, Kommunikationswissenschaftlerin",181.0,Main-Taunus,Landesliste,schulzasche.bsky.social,68
Kordula Schulz-Asche,2024-10-14,5.147661843935364,2,20,1956-12-31,weiblich,Grünen,"Krankenschwester, Kommunikationswissenschaftlerin",181.0,Main-Taunus,Landesliste,schulzasche.bsky.social,68
Kordula Schulz-Asche,2024-10-21,1.112132396112523,6,21,1956-12-31,weiblich,Grünen,"Krankenschwester, Kommunikationswissenschaftlerin",181.0,Main-Taunus,Landesliste,schulzasche.bsky.social,68
Kordula Schulz-Asche,2024-10-28,-0.921492709744731,1,22,1956-12-31,weiblich,Grünen,"Krankenschwester, Kommunikationswissenschaftlerin",181.0,Main-Taunus,Landesliste,schulzasche.bsky.social,68
Kordula Schulz-Asche,2024-11-04,-0.38495591824215075,2,23,1956-12-31,weiblich,Grünen,"Krankenschwester, Kommunikationswissenschaftlerin",181.0,Main-Taunus,Landesliste,schulzasche.bsky.social,68
Kordula Schulz-Asche,2024-11-11,4.948639129160993,2,24,1956-12-31,weiblich,Grünen,"Krankenschwester, Kommunikationswissenschaftlerin",181.0,Main-Taunus,Landesliste,schulzasche.bsky.social,68
Kordula Schulz-Asche,2024-11-18,1.7080734421730763,5,25,1956-12-31,weiblich,Grünen,"Krankenschwester, Kommunikationswissenschaftlerin",181.0,Main-Taunus,Landesliste,schulzasche.bsky.social,68
Kordula Schulz-Asche,2024-11-25,-1.0846321159167995,3,26,1956-12-31,weiblich,Grünen,"Krankenschwester, Kommunikationswissenschaftlerin",181.0,Main-Taunus,Landesliste,schulzasche.bsky.social,68
Kordula Schulz-Asche,2024-12-02,-1.92957352025316,4,27,1956-12-31,weiblich,Grünen,"Krankenschwester, Kommunikationswissenschaftlerin",181.0,Main-Taunus,Landesliste,schulzasche.bsky.social,68
Kordula Schulz-Asche,2024-12-09,-1.4804726713591425,1,28,1956-12-31,weiblich,Grünen,"Krankenschwester, Kommunikationswissenschaftlerin",181.0,Main-Taunus,Landesliste,schulzasche.bsky.social,68
Kordula Schulz-Asche,2024-12-16,-1.4465354090790072,7,29,1956-12-31,weiblich,Grünen,"Krankenschwester, Kommunikationswissenschaftlerin",181.0,Main-Taunus,Landesliste,schulzasche.bsky.social,68
Kordula Schulz-Asche,2024-12-23,-5.084999742081553,1,30,1956-12-31,weiblich,Grünen,"Krankenschwester, Kommunikationswissenschaftlerin",181.0,Main-Taunus,Landesliste,schulzasche.bsky.social,68
Kordula Schulz-Asche,2024-12-30,-0.7002188257186255,2,31,1956-12-31,weiblich,Grünen,"Krankenschwester, Kommunikationswissenschaftlerin",181.0,Main-Taunus,Landesliste,schulzasche.bsky.social,68
Kordula Schulz-Asche,2025-01-06,5.6443728317587905,1,32,1956-12-31,weiblich,Grünen,"Krankenschwester, Kommunikationswissenschaftlerin",181.0,Main-Taunus,Landesliste,schulzasche.bsky.social,69
Kordula Schulz-Asche,2025-01-13,0.9115439733928905,1,33,1956-12-31,weiblich,Grünen,"Krankenschwester, Kommunikationswissenschaftlerin",181.0,Main-Taunus,Landesliste,schulzasche.bsky.social,69
Kordula Schulz-Asche,2025-01-20,-2.088219268797302,5,34,1956-12-31,weiblich,Grünen,"Krankenschwester, Kommunikationswissenschaftlerin",181.0,Main-Taunus,Landesliste,schulzasche.bsky.social,69
Kordula Schulz-Asche,2025-01-27,-1.7000520538180106,13,35,1956-12-31,weiblich,Grünen,"Krankenschwester, Kommunikationswissenschaftlerin",181.0,Main-Taunus,Landesliste,schulzasche.bsky.social,69
Kordula Schulz-Asche,2025-02-03,-0.16567933935470794,6,36,1956-12-31,weiblich,Grünen,"Krankenschwester, Kommunikationswissenschaftlerin",181.0,Main-Taunus,Landesliste,schulzasche.bsky.social,69
Kordula Schulz-Asche,2025-02-10,2.2225396771120614,2,37,1956-12-31,weiblich,Grünen,"Krankenschwester, Kommunikationswissenschaftlerin",181.0,Main-Taunus,Landesliste,schulzasche.bsky.social,69
Kordula Schulz-Asche,2025-02-17,-3.741588656781481,3,38,1956-12-31,weiblich,Grünen,"Krankenschwester, Kommunikationswissenschaftlerin",181.0,Main-Taunus,Landesliste,schulzasche.bsky.social,69
Lamya Kaddor,2024-05-27,-1.2148650496981355,7,0,1978-06-11,weiblich,Grünen,"Islamwissenschaftlerin, Lehrerin für islamischen Religionsunterricht, Publizistin",115.0,Duisburg I,Landesliste,lamyakaddor.bsky.social,46
Lamya Kaddor,2024-06-03,-0.8092340820427285,24,1,1978-06-11,weiblich,Grünen,"Islamwissenschaftlerin, Lehrerin für islamischen Religionsunterricht, Publizistin",115.0,Duisburg I,Landesliste,lamyakaddor.bsky.social,46
Lamya Kaddor,2024-06-10,0.0981935292055993,25,2,1978-06-11,weiblich,Grünen,"Islamwissenschaftlerin, Lehrerin für islamischen Religionsunterricht, Publizistin",115.0,Duisburg I,Landesliste,lamyakaddor.bsky.social,46
Lamya Kaddor,2024-06-17,-0.41448568335678415,20,3,1978-06-11,weiblich,Grünen,"Islamwissenschaftlerin, Lehrerin für islamischen Religionsunterricht, Publizistin",115.0,Duisburg I,Landesliste,lamyakaddor.bsky.social,46
Lamya Kaddor,2024-06-24,-0.06505616967298052,40,4,1978-06-11,weiblich,Grünen,"Islamwissenschaftlerin, Lehrerin für islamischen Religionsunterricht, Publizistin",115.0,Duisburg I,Landesliste,lamyakaddor.bsky.social,46
Lamya Kaddor,2024-07-01,-1.4645687457056116,36,5,1978-06-11,weiblich,Grünen,"Islamwissenschaftlerin, Lehrerin für islamischen Religionsunterricht, Publizistin",115.0,Duisburg I,Landesliste,lamyakaddor.bsky.social,46
Lamya Kaddor,2024-07-08,-0.5175877783309971,20,6,1978-06-11,weiblich,Grünen,"Islamwissenschaftlerin, Lehrerin für islamischen Religionsunterricht, Publizistin",115.0,Duisburg I,Landesliste,lamyakaddor.bsky.social,46
Lamya Kaddor,2024-07-15,-0.191371647596287,16,7,1978-06-11,weiblich,Grünen,"Islamwissenschaftlerin, Lehrerin für islamischen Religionsunterricht, Publizistin",115.0,Duisburg I,Landesliste,lamyakaddor.bsky.social,46
Lamya Kaddor,2024-07-22,-0.8744131632632918,12,8,1978-06-11,weiblich,Grünen,"Islamwissenschaftlerin, Lehrerin für islamischen Religionsunterricht, Publizistin",115.0,Duisburg I,Landesliste,lamyakaddor.bsky.social,46
Lamya Kaddor,2024-07-29,-1.9942561412447086,16,9,1978-06-11,weiblich,Grünen,"Islamwissenschaftlerin, Lehrerin für islamischen Religionsunterricht, Publizistin",115.0,Duisburg I,Landesliste,lamyakaddor.bsky.social,46
Lamya Kaddor,2024-08-05,0.5377371674244589,8,10,1978-06-11,weiblich,Grünen,"Islamwissenschaftlerin, Lehrerin für islamischen Religionsunterricht, Publizistin",115.0,Duisburg I,Landesliste,lamyakaddor.bsky.social,46
Lamya Kaddor,2024-08-12,1.445785876498574,6,11,1978-06-11,weiblich,Grünen,"Islamwissenschaftlerin, Lehrerin für islamischen Religionsunterricht, Publizistin",115.0,Duisburg I,Landesliste,lamyakaddor.bsky.social,46
Lamya Kaddor,2024-08-19,0.34398051287772335,18,12,1978-06-11,weiblich,Grünen,"Islamwissenschaftlerin, Lehrerin für islamischen Religionsunterricht, Publizistin",115.0,Duisburg I,Landesliste,lamyakaddor.bsky.social,46
Lamya Kaddor,2024-08-26,-2.4796377549400934,13,13,1978-06-11,weiblich,Grünen,"Islamwissenschaftlerin, Lehrerin für islamischen Religionsunterricht, Publizistin",115.0,Duisburg I,Landesliste,lamyakaddor.bsky.social,46
Lamya Kaddor,2024-09-02,-0.6241576193755033,12,14,1978-06-11,weiblich,Grünen,"Islamwissenschaftlerin, Lehrerin für islamischen Religionsunterricht, Publizistin",115.0,Duisburg I,Landesliste,lamyakaddor.bsky.social,46
Lamya Kaddor,2024-09-09,0.2798657386517207,18,15,1978-06-11,weiblich,Grünen,"Islamwissenschaftlerin, Lehrerin für islamischen Religionsunterricht, Publizistin",115.0,Duisburg I,Landesliste,lamyakaddor.bsky.social,46
Lamya Kaddor,2024-09-16,-1.012783737515464,22,16,1978-06-11,weiblich,Grünen,"Islamwissenschaftlerin, Lehrerin für islamischen Religionsunterricht, Publizistin",115.0,Duisburg I,Landesliste,lamyakaddor.bsky.social,46
Lamya Kaddor,2024-09-23,-3.0024363418838913,6,17,1978-06-11,weiblich,Grünen,"Islamwissenschaftlerin, Lehrerin für islamischen Religionsunterricht, Publizistin",115.0,Duisburg I,Landesliste,lamyakaddor.bsky.social,46
Lamya Kaddor,2024-09-30,-3.3216069089201805,11,18,1978-06-11,weiblich,Grünen,"Islamwissenschaftlerin, Lehrerin für islamischen Religionsunterricht, Publizistin",115.0,Duisburg I,Landesliste,lamyakaddor.bsky.social,46
Lamya Kaddor,2024-10-07,-2.0160371119974774,13,19,1978-06-11,weiblich,Grünen,"Islamwissenschaftlerin, Lehrerin für islamischen Religionsunterricht, Publizistin",115.0,Duisburg I,Landesliste,lamyakaddor.bsky.social,46
Lamya Kaddor,2024-10-14,-2.232697089270091,9,20,1978-06-11,weiblich,Grünen,"Islamwissenschaftlerin, Lehrerin für islamischen Religionsunterricht, Publizistin",115.0,Duisburg I,Landesliste,lamyakaddor.bsky.social,46
Lamya Kaddor,2024-10-21,-0.5764192802568503,3,21,1978-06-11,weiblich,Grünen,"Islamwissenschaftlerin, Lehrerin für islamischen Religionsunterricht, Publizistin",115.0,Duisburg I,Landesliste,lamyakaddor.bsky.social,46
Lamya Kaddor,2024-10-28,-3.259651997576952,11,22,1978-06-11,weiblich,Grünen,"Islamwissenschaftlerin, Lehrerin für islamischen Religionsunterricht, Publizistin",115.0,Duisburg I,Landesliste,lamyakaddor.bsky.social,46
Lamya Kaddor,2024-11-04,-1.7249761044023169,9,23,1978-06-11,weiblich,Grünen,"Islamwissenschaftlerin, Lehrerin für islamischen Religionsunterricht, Publizistin",115.0,Duisburg I,Landesliste,lamyakaddor.bsky.social,46
Lamya Kaddor,2024-11-11,-2.0012218612616506,11,24,1978-06-11,weiblich,Grünen,"Islamwissenschaftlerin, Lehrerin für islamischen Religionsunterricht, Publizistin",115.0,Duisburg I,Landesliste,lamyakaddor.bsky.social,46
Lamya Kaddor,2024-11-18,-0.8312275284219222,8,25,1978-06-11,weiblich,Grünen,"Islamwissenschaftlerin, Lehrerin für islamischen Religionsunterricht, Publizistin",115.0,Duisburg I,Landesliste,lamyakaddor.bsky.social,46
Lamya Kaddor,2024-11-25,-1.667761762801744,21,26,1978-06-11,weiblich,Grünen,"Islamwissenschaftlerin, Lehrerin für islamischen Religionsunterricht, Publizistin",115.0,Duisburg I,Landesliste,lamyakaddor.bsky.social,46
Lamya Kaddor,2024-12-02,-1.3854651444530939,22,27,1978-06-11,weiblich,Grünen,"Islamwissenschaftlerin, Lehrerin für islamischen Religionsunterricht, Publizistin",115.0,Duisburg I,Landesliste,lamyakaddor.bsky.social,46
Lamya Kaddor,2024-12-09,-1.3618606645546059,11,28,1978-06-11,weiblich,Grünen,"Islamwissenschaftlerin, Lehrerin für islamischen Religionsunterricht, Publizistin",115.0,Duisburg I,Landesliste,lamyakaddor.bsky.social,46
Lamya Kaddor,2024-12-16,-1.96457108818803,16,29,1978-06-11,weiblich,Grünen,"Islamwissenschaftlerin, Lehrerin für islamischen Religionsunterricht, Publizistin",115.0,Duisburg I,Landesliste,lamyakaddor.bsky.social,46
Lamya Kaddor,2024-12-23,-1.70037093698717,1,30,1978-06-11,weiblich,Grünen,"Islamwissenschaftlerin, Lehrerin für islamischen Religionsunterricht, Publizistin",115.0,Duisburg I,Landesliste,lamyakaddor.bsky.social,46
Lamya Kaddor,2024-12-30,3.8995434871709893,2,31,1978-06-11,weiblich,Grünen,"Islamwissenschaftlerin, Lehrerin für islamischen Religionsunterricht, Publizistin",115.0,Duisburg I,Landesliste,lamyakaddor.bsky.social,46
Lamya Kaddor,2025-01-06,-0.19280306033349684,11,32,1978-06-11,weiblich,Grünen,"Islamwissenschaftlerin, Lehrerin für islamischen Religionsunterricht, Publizistin",115.0,Duisburg I,Landesliste,lamyakaddor.bsky.social,47
Lamya Kaddor,2025-01-13,-1.5049409306453965,15,33,1978-06-11,weiblich,Grünen,"Islamwissenschaftlerin, Lehrerin für islamischen Religionsunterricht, Publizistin",115.0,Duisburg I,Landesliste,lamyakaddor.bsky.social,47
Lamya Kaddor,2025-01-20,-2.263613198401648,11,34,1978-06-11,weiblich,Grünen,"Islamwissenschaftlerin, Lehrerin für islamischen Religionsunterricht, Publizistin",115.0,Duisburg I,Landesliste,lamyakaddor.bsky.social,47
Lamya Kaddor,2025-01-27,-1.8682180415729737,8,35,1978-06-11,weiblich,Grünen,"Islamwissenschaftlerin, Lehrerin für islamischen Religionsunterricht, Publizistin",115.0,Duisburg I,Landesliste,lamyakaddor.bsky.social,47
Lamya Kaddor,2025-02-03,-1.7929190897042333,5,36,1978-06-11,weiblich,Grünen,"Islamwissenschaftlerin, Lehrerin für islamischen Religionsunterricht, Publizistin",115.0,Duisburg I,Landesliste,lamyakaddor.bsky.social,47
Lamya Kaddor,2025-02-10,-1.6508173278452558,11,37,1978-06-11,weiblich,Grünen,"Islamwissenschaftlerin, Lehrerin für islamischen Religionsunterricht, Publizistin",115.0,Duisburg I,Landesliste,lamyakaddor.bsky.social,47
Lamya Kaddor,2025-02-17,-0.45204015167930217,6,38,1978-06-11,weiblich,Grünen,"Islamwissenschaftlerin, Lehrerin für islamischen Religionsunterricht, Publizistin",115.0,Duisburg I,Landesliste,lamyakaddor.bsky.social,47
Lamya Kaddor,2025-02-24,-1.770925106054843,14,39,1978-06-11,weiblich,Grünen,"Islamwissenschaftlerin, Lehrerin für islamischen Religionsunterricht, Publizistin",115.0,Duisburg I,Landesliste,lamyakaddor.bsky.social,47
Lamya Kaddor,2025-03-03,-2.3231128479242633,2,40,1978-06-11,weiblich,Grünen,"Islamwissenschaftlerin, Lehrerin für islamischen Religionsunterricht, Publizistin",115.0,Duisburg I,Landesliste,lamyakaddor.bsky.social,47
Lamya Kaddor,2025-03-10,-2.157675940255508,11,41,1978-06-11,weiblich,Grünen,"Islamwissenschaftlerin, Lehrerin für islamischen Religionsunterricht, Publizistin",115.0,Duisburg I,Landesliste,lamyakaddor.bsky.social,47
Lamya Kaddor,2025-03-17,-2.3918684502452456,18,42,1978-06-11,weiblich,Grünen,"Islamwissenschaftlerin, Lehrerin für islamischen Religionsunterricht, Publizistin",115.0,Duisburg I,Landesliste,lamyakaddor.bsky.social,47
Lamya Kaddor,2025-03-24,-2.2641935158452102,13,43,1978-06-11,weiblich,Grünen,"Islamwissenschaftlerin, Lehrerin für islamischen Religionsunterricht, Publizistin",114.0,Duisburg I,Landesliste,lamyakaddor.bsky.social,47
Lamya Kaddor,2025-03-31,-2.7156151192435307,19,44,1978-06-11,weiblich,Grünen,"Islamwissenschaftlerin, Lehrerin für islamischen Religionsunterricht, Publizistin",114.0,Duisburg I,Landesliste,lamyakaddor.bsky.social,47
Lamya Kaddor,2025-04-07,-3.0355382252844474,25,45,1978-06-11,weiblich,Grünen,"Islamwissenschaftlerin, Lehrerin für islamischen Religionsunterricht, Publizistin",114.0,Duisburg I,Landesliste,lamyakaddor.bsky.social,47
Lamya Kaddor,2025-04-14,-2.749399425808855,16,46,1978-06-11,weiblich,Grünen,"Islamwissenschaftlerin, Lehrerin für islamischen Religionsunterricht, Publizistin",114.0,Duisburg I,Landesliste,lamyakaddor.bsky.social,47
Lamya Kaddor,2025-04-21,-2.5106083715877627,6,47,1978-06-11,weiblich,Grünen,"Islamwissenschaftlerin, Lehrerin für islamischen Religionsunterricht, Publizistin",114.0,Duisburg I,Landesliste,lamyakaddor.bsky.social,47
Lamya Kaddor,2025-04-28,-1.755182410143816,13,48,1978-06-11,weiblich,Grünen,"Islamwissenschaftlerin, Lehrerin für islamischen Religionsunterricht, Publizistin",114.0,Duisburg I,Landesliste,lamyakaddor.bsky.social,47
Lamya Kaddor,2025-05-05,-1.033315422757195,27,49,1978-06-11,weiblich,Grünen,"Islamwissenschaftlerin, Lehrerin für islamischen Religionsunterricht, Publizistin",114.0,Duisburg I,Landesliste,lamyakaddor.bsky.social,47
Lamya Kaddor,2025-05-12,-1.5156607063791157,28,50,1978-06-11,weiblich,Grünen,"Islamwissenschaftlerin, Lehrerin für islamischen Religionsunterricht, Publizistin",114.0,Duisburg I,Landesliste,lamyakaddor.bsky.social,47
Lamya Kaddor,2025-05-19,-2.560370915098103,36,51,1978-06-11,weiblich,Grünen,"Islamwissenschaftlerin, Lehrerin für islamischen Religionsunterricht, Publizistin",114.0,Duisburg I,Landesliste,lamyakaddor.bsky.social,47
Lamya Kaddor,2025-05-26,-1.4622266322975905,15,52,1978-06-11,weiblich,Grünen,"Islamwissenschaftlerin, Lehrerin für islamischen Religionsunterricht, Publizistin",114.0,Duisburg I,Landesliste,lamyakaddor.bsky.social,47
Lamya Kaddor,2025-06-02,-1.8373686924714228,25,53,1978-06-11,weiblich,Grünen,"Islamwissenschaftlerin, Lehrerin für islamischen Religionsunterricht, Publizistin",114.0,Duisburg I,Landesliste,lamyakaddor.bsky.social,47
Lamya Kaddor,2025-06-09,-2.3469945516915165,28,54,1978-06-11,weiblich,Grünen,"Islamwissenschaftlerin, Lehrerin für islamischen Religionsunterricht, Publizistin",114.0,Duisburg I,Landesliste,lamyakaddor.bsky.social,47
Lamya Kaddor,2025-06-16,-1.9585094646645038,21,55,1978-06-11,weiblich,Grünen,"Islamwissenschaftlerin, Lehrerin für islamischen Religionsunterricht, Publizistin",114.0,Duisburg I,Landesliste,lamyakaddor.bsky.social,47
Lamya Kaddor,2025-06-23,-1.9906205963891173,22,56,1978-06-11,weiblich,Grünen,"Islamwissenschaftlerin, Lehrerin für islamischen Religionsunterricht, Publizistin",114.0,Duisburg I,Landesliste,lamyakaddor.bsky.social,47
Lamya Kaddor,2025-06-30,-1.0736387814989812,26,57,1978-06-11,weiblich,Grünen,"Islamwissenschaftlerin, Lehrerin für islamischen Religionsunterricht, Publizistin",114.0,Duisburg I,Landesliste,lamyakaddor.bsky.social,47
Lamya Kaddor,2025-07-07,-1.6324386534264768,38,58,1978-06-11,weiblich,Grünen,"Islamwissenschaftlerin, Lehrerin für islamischen Religionsunterricht, Publizistin",114.0,Duisburg I,Landesliste,lamyakaddor.bsky.social,47
Lamya Kaddor,2025-07-14,-3.5234583183874846,16,59,1978-06-11,weiblich,Grünen,"Islamwissenschaftlerin, Lehrerin für islamischen Religionsunterricht, Publizistin",114.0,Duisburg I,Landesliste,lamyakaddor.bsky.social,47
Lamya Kaddor,2025-07-21,-2.572849516562275,14,60,1978-06-11,weiblich,Grünen,"Islamwissenschaftlerin, Lehrerin für islamischen Religionsunterricht, Publizistin",114.0,Duisburg I,Landesliste,lamyakaddor.bsky.social,47
Lamya Kaddor,2025-07-28,-1.7891853020301796,3,61,1978-06-11,weiblich,Grünen,"Islamwissenschaftlerin, Lehrerin für islamischen Religionsunterricht, Publizistin",114.0,Duisburg I,Landesliste,lamyakaddor.bsky.social,47
Lars Klingbeil,2025-02-24,-1.489232576762232,1,39,1978-02-23,männlich,SPD,Politikwissenschaftler,35.0,Rotenburg I - Heidekreis,Direktwahl,larsklingbeil.bsky.social,47
Lars Rohwer,2024-06-03,-4.494967457021853,1,1,1972-02-01,männlich,CDU/CSU,Bankkaufmann,160.0,Dresden II - Bautzen II,Direktwahl,larsrohwer.bsky.social,52
Lars Rohwer,2024-06-10,-0.8650317132959866,1,2,1972-02-01,männlich,CDU/CSU,Bankkaufmann,160.0,Dresden II - Bautzen II,Direktwahl,larsrohwer.bsky.social,52
Lars Rohwer,2024-06-17,-2.1387511807204054,1,3,1972-02-01,männlich,CDU/CSU,Bankkaufmann,160.0,Dresden II - Bautzen II,Direktwahl,larsrohwer.bsky.social,52
Lars Rohwer,2024-06-24,0.23263683194159343,1,4,1972-02-01,männlich,CDU/CSU,Bankkaufmann,160.0,Dresden II - Bautzen II,Direktwahl,larsrohwer.bsky.social,52
Lars Rohwer,2024-07-01,-0.21062543566457503,4,5,1972-02-01,männlich,CDU/CSU,Bankkaufmann,160.0,Dresden II - Bautzen II,Direktwahl,larsrohwer.bsky.social,52
Lars Rohwer,2024-07-22,-1.0713778864597585,2,8,1972-02-01,männlich,CDU/CSU,Bankkaufmann,160.0,Dresden II - Bautzen II,Direktwahl,larsrohwer.bsky.social,52
Lars Rohwer,2024-07-29,-3.9555789280518314,6,9,1972-02-01,männlich,CDU/CSU,Bankkaufmann,160.0,Dresden II - Bautzen II,Direktwahl,larsrohwer.bsky.social,52
Lars Rohwer,2024-08-12,-1.7676257061549026,2,11,1972-02-01,männlich,CDU/CSU,Bankkaufmann,160.0,Dresden II - Bautzen II,Direktwahl,larsrohwer.bsky.social,52
Lars Rohwer,2024-08-19,2.041598328201424,1,12,1972-02-01,männlich,CDU/CSU,Bankkaufmann,160.0,Dresden II - Bautzen II,Direktwahl,larsrohwer.bsky.social,52
Lars Rohwer,2024-09-09,-0.4846229050606364,1,15,1972-02-01,männlich,CDU/CSU,Bankkaufmann,160.0,Dresden II - Bautzen II,Direktwahl,larsrohwer.bsky.social,52
Lars Rohwer,2024-10-21,4.969711320924744,1,21,1972-02-01,männlich,CDU/CSU,Bankkaufmann,160.0,Dresden II - Bautzen II,Direktwahl,larsrohwer.bsky.social,52
Lars Rohwer,2024-11-04,-4.385614888690432,1,23,1972-02-01,männlich,CDU/CSU,Bankkaufmann,160.0,Dresden II - Bautzen II,Direktwahl,larsrohwer.bsky.social,52
Lars Rohwer,2024-11-11,0.6797370543896624,2,24,1972-02-01,männlich,CDU/CSU,Bankkaufmann,160.0,Dresden II - Bautzen II,Direktwahl,larsrohwer.bsky.social,52
Lars Rohwer,2024-11-18,0.4558289266496331,4,25,1972-02-01,männlich,CDU/CSU,Bankkaufmann,160.0,Dresden II - Bautzen II,Direktwahl,larsrohwer.bsky.social,52
Lars Rohwer,2024-11-25,-2.5173642211906393,7,26,1972-02-01,männlich,CDU/CSU,Bankkaufmann,160.0,Dresden II - Bautzen II,Direktwahl,larsrohwer.bsky.social,52
Lars Rohwer,2024-12-02,1.412100469351218,3,27,1972-02-01,männlich,CDU/CSU,Bankkaufmann,160.0,Dresden II - Bautzen II,Direktwahl,larsrohwer.bsky.social,52
Lars Rohwer,2024-12-09,-1.5888147427442847,7,28,1972-02-01,männlich,CDU/CSU,Bankkaufmann,160.0,Dresden II - Bautzen II,Direktwahl,larsrohwer.bsky.social,52
Lars Rohwer,2024-12-16,-0.03557922684550322,9,29,1972-02-01,männlich,CDU/CSU,Bankkaufmann,160.0,Dresden II - Bautzen II,Direktwahl,larsrohwer.bsky.social,52
Lars Rohwer,2024-12-23,-0.5055121778418715,14,30,1972-02-01,männlich,CDU/CSU,Bankkaufmann,160.0,Dresden II - Bautzen II,Direktwahl,larsrohwer.bsky.social,52
Lars Rohwer,2024-12-30,-0.7222686291430414,13,31,1972-02-01,männlich,CDU/CSU,Bankkaufmann,160.0,Dresden II - Bautzen II,Direktwahl,larsrohwer.bsky.social,52
Lars Rohwer,2025-01-06,-2.730979336098041,10,32,1972-02-01,männlich,CDU/CSU,Bankkaufmann,160.0,Dresden II - Bautzen II,Direktwahl,larsrohwer.bsky.social,53
Lars Rohwer,2025-01-13,-4.674566087657417,10,33,1972-02-01,männlich,CDU/CSU,Bankkaufmann,160.0,Dresden II - Bautzen II,Direktwahl,larsrohwer.bsky.social,53
Lars Rohwer,2025-01-20,-2.883467928092056,5,34,1972-02-01,männlich,CDU/CSU,Bankkaufmann,160.0,Dresden II - Bautzen II,Direktwahl,larsrohwer.bsky.social,53
Lars Rohwer,2025-01-27,-1.8421261348170912,3,35,1972-02-01,männlich,CDU/CSU,Bankkaufmann,160.0,Dresden II - Bautzen II,Direktwahl,larsrohwer.bsky.social,53
Lars Rohwer,2025-02-24,-2.573135007666244,2,39,1972-02-01,männlich,CDU/CSU,Bankkaufmann,160.0,Dresden II - Bautzen II,Direktwahl,larsrohwer.bsky.social,53
Lars Rohwer,2025-03-10,-0.9002448041564746,6,41,1972-02-01,männlich,CDU/CSU,Bankkaufmann,160.0,Dresden II - Bautzen II,Direktwahl,larsrohwer.bsky.social,53
Lars Rohwer,2025-03-17,1.1077046857143804,2,42,1972-02-01,männlich,CDU/CSU,Bankkaufmann,160.0,Dresden II - Bautzen II,Direktwahl,larsrohwer.bsky.social,53
Lars Rohwer,2025-03-24,-1.006368052839455,6,43,1972-02-01,männlich,CDU/CSU,Bankkaufmann,159.0,Dresden II – Bautzen II,Landesliste,larsrohwer.bsky.social,53
Lars Rohwer,2025-03-31,-0.7862886652196592,3,44,1972-02-01,männlich,CDU/CSU,Bankkaufmann,159.0,Dresden II – Bautzen II,Landesliste,larsrohwer.bsky.social,53
Lars Rohwer,2025-04-07,-1.0603452184545563,8,45,1972-02-01,männlich,CDU/CSU,Bankkaufmann,159.0,Dresden II – Bautzen II,Landesliste,larsrohwer.bsky.social,53
Lars Rohwer,2025-04-14,2.594563161070066,3,46,1972-02-01,männlich,CDU/CSU,Bankkaufmann,159.0,Dresden II – Bautzen II,Landesliste,larsrohwer.bsky.social,53
Lars Rohwer,2025-04-21,-2.8524491353513395,2,47,1972-02-01,männlich,CDU/CSU,Bankkaufmann,159.0,Dresden II – Bautzen II,Landesliste,larsrohwer.bsky.social,53
Lars Rohwer,2025-04-28,-4.949461153251265,3,48,1972-02-01,männlich,CDU/CSU,Bankkaufmann,159.0,Dresden II – Bautzen II,Landesliste,larsrohwer.bsky.social,53
Lars Rohwer,2025-05-05,3.9674141119915554,5,49,1972-02-01,männlich,CDU/CSU,Bankkaufmann,159.0,Dresden II – Bautzen II,Landesliste,larsrohwer.bsky.social,53
Lars Rohwer,2025-05-12,1.7797652871311274,7,50,1972-02-01,männlich,CDU/CSU,Bankkaufmann,159.0,Dresden II – Bautzen II,Landesliste,larsrohwer.bsky.social,53
Lars Rohwer,2025-05-19,1.6156122127745427,7,51,1972-02-01,männlich,CDU/CSU,Bankkaufmann,159.0,Dresden II – Bautzen II,Landesliste,larsrohwer.bsky.social,53
Lars Rohwer,2025-05-26,5.542082209094368,1,52,1972-02-01,männlich,CDU/CSU,Bankkaufmann,159.0,Dresden II – Bautzen II,Landesliste,larsrohwer.bsky.social,53
Lars Rohwer,2025-06-02,2.6723181577691992,3,53,1972-02-01,männlich,CDU/CSU,Bankkaufmann,159.0,Dresden II – Bautzen II,Landesliste,larsrohwer.bsky.social,53
Lars Rohwer,2025-06-09,-2.7115814589688467,5,54,1972-02-01,männlich,CDU/CSU,Bankkaufmann,159.0,Dresden II – Bautzen II,Landesliste,larsrohwer.bsky.social,53
Lars Rohwer,2025-06-23,1.6188101149966823,1,56,1972-02-01,männlich,CDU/CSU,Bankkaufmann,159.0,Dresden II – Bautzen II,Landesliste,larsrohwer.bsky.social,53
Lars Rohwer,2025-06-30,-4.08266128884884,1,57,1972-02-01,männlich,CDU/CSU,Bankkaufmann,159.0,Dresden II – Bautzen II,Landesliste,larsrohwer.bsky.social,53
Lars Rohwer,2025-07-07,-1.5952116721346425,5,58,1972-02-01,männlich,CDU/CSU,Bankkaufmann,159.0,Dresden II – Bautzen II,Landesliste,larsrohwer.bsky.social,53
Lars Rohwer,2025-07-14,0.08407266326649765,12,59,1972-02-01,männlich,CDU/CSU,Bankkaufmann,159.0,Dresden II – Bautzen II,Landesliste,larsrohwer.bsky.social,53
Lars Rohwer,2025-07-21,-0.9606223876893999,5,60,1972-02-01,männlich,CDU/CSU,Bankkaufmann,159.0,Dresden II – Bautzen II,Landesliste,larsrohwer.bsky.social,53
Laura Kraft,2024-06-24,5.079261448001973,1,4,1990-12-01,weiblich,Grünen,Literaturwissenschaftlerin,148.0,Siegen-Wittgenstein,Landesliste,laurakraft.bsky.social,34
Laura Kraft,2024-08-12,-0.3867874294493947,1,11,1990-12-01,weiblich,Grünen,Literaturwissenschaftlerin,148.0,Siegen-Wittgenstein,Landesliste,laurakraft.bsky.social,34
Laura Kraft,2024-10-14,-0.0733798386623524,1,20,1990-12-01,weiblich,Grünen,Literaturwissenschaftlerin,148.0,Siegen-Wittgenstein,Landesliste,laurakraft.bsky.social,34
Laura Kraft,2024-12-16,-1.637099723843572,3,29,1990-12-01,weiblich,Grünen,Literaturwissenschaftlerin,148.0,Siegen-Wittgenstein,Landesliste,laurakraft.bsky.social,34
Laura Kraft,2025-01-13,-2.2618439571422058,1,33,1990-12-01,weiblich,Grünen,Literaturwissenschaftlerin,148.0,Siegen-Wittgenstein,Landesliste,laurakraft.bsky.social,35
Laura Kraft,2025-01-20,-5.918097695790498,1,34,1990-12-01,weiblich,Grünen,Literaturwissenschaftlerin,148.0,Siegen-Wittgenstein,Landesliste,laurakraft.bsky.social,35
Laura Kraft,2025-02-10,-0.2445214369857995,2,37,1990-12-01,weiblich,Grünen,Literaturwissenschaftlerin,148.0,Siegen-Wittgenstein,Landesliste,laurakraft.bsky.social,35
Lea Reisner,2025-06-23,-0.6940027426119717,2,56,1989-03-09,weiblich,Die LINKE,Gesundheits- und Krankenpflegerin,93.0,Köln II,Landesliste,leali.bsky.social,36
Leon Eckert,2024-12-30,-1.2377652014410538,6,31,1995-04-09,männlich,Grünen,Kommunalreferent,214.0,Freising,Landesliste,leon-eckert.de,29
Leon Eckert,2025-01-06,3.049301758271891e-05,1,32,1995-04-09,männlich,Grünen,Kommunalreferent,214.0,Freising,Landesliste,leon-eckert.de,30
Leon Eckert,2025-01-13,-2.238875400492166,3,33,1995-04-09,männlich,Grünen,Kommunalreferent,214.0,Freising,Landesliste,leon-eckert.de,30
Leon Eckert,2025-01-20,-5.237874137007431,2,34,1995-04-09,männlich,Grünen,Kommunalreferent,214.0,Freising,Landesliste,leon-eckert.de,30
Leon Eckert,2025-01-27,1.231570629644175,2,35,1995-04-09,männlich,Grünen,Kommunalreferent,214.0,Freising,Landesliste,leon-eckert.de,30
Leon Eckert,2025-02-03,0.4465316964196702,3,36,1995-04-09,männlich,Grünen,Kommunalreferent,214.0,Freising,Landesliste,leon-eckert.de,30
Leon Eckert,2025-02-10,-3.4568289252069877,6,37,1995-04-09,männlich,Grünen,Kommunalreferent,214.0,Freising,Landesliste,leon-eckert.de,30
Leon Eckert,2025-02-17,-2.9469828278000176,2,38,1995-04-09,männlich,Grünen,Kommunalreferent,214.0,Freising,Landesliste,leon-eckert.de,30
Leon Eckert,2025-02-24,-0.7848023128956351,7,39,1995-04-09,männlich,Grünen,Kommunalreferent,214.0,Freising,Landesliste,leon-eckert.de,30
Leon Eckert,2025-03-03,-2.162962255252827,4,40,1995-04-09,männlich,Grünen,Kommunalreferent,214.0,Freising,Landesliste,leon-eckert.de,30
Leon Eckert,2025-03-10,-1.7774744573819354,6,41,1995-04-09,männlich,Grünen,Kommunalreferent,214.0,Freising,Landesliste,leon-eckert.de,30
Leon Eckert,2025-03-17,-0.7373787989062917,2,42,1995-04-09,männlich,Grünen,Kommunalreferent,214.0,Freising,Landesliste,leon-eckert.de,30
Leon Eckert,2025-03-24,-1.810303017143782,17,43,1995-04-09,männlich,Grünen,Kommunalreferent,213.0,Freising,Landesliste,leon-eckert.de,30
Leon Eckert,2025-04-07,0.26890362044180194,5,45,1995-04-09,männlich,Grünen,Kommunalreferent,213.0,Freising,Landesliste,leon-eckert.de,30
Leon Eckert,2025-04-14,0.5294162314858666,1,46,1995-04-09,männlich,Grünen,Kommunalreferent,213.0,Freising,Landesliste,leon-eckert.de,30
Leon Eckert,2025-04-28,2.110638103321037,1,48,1995-04-09,männlich,Grünen,Kommunalreferent,213.0,Freising,Landesliste,leon-eckert.de,30
Leon Eckert,2025-05-12,-6.293371980014419,1,50,1995-04-09,männlich,Grünen,Kommunalreferent,213.0,Freising,Landesliste,leon-eckert.de,30
Leon Eckert,2025-06-02,-3.016069220407897,2,53,1995-04-09,männlich,Grünen,Kommunalreferent,213.0,Freising,Landesliste,leon-eckert.de,30
Leon Eckert,2025-06-09,-0.10847664636182926,1,54,1995-04-09,männlich,Grünen,Kommunalreferent,213.0,Freising,Landesliste,leon-eckert.de,30
Leon Eckert,2025-06-23,-2.668616896835314,3,56,1995-04-09,männlich,Grünen,Kommunalreferent,213.0,Freising,Landesliste,leon-eckert.de,30
Leon Eckert,2025-06-30,-0.3313784107783123,4,57,1995-04-09,männlich,Grünen,Kommunalreferent,213.0,Freising,Landesliste,leon-eckert.de,30
Linda Heitmann,2024-06-03,2.867901564002161,3,1,1982-08-02,weiblich,Grünen,Geschäftsführung in der Suchtkrankenhilfe,19.0,Hamburg-Altona,Direktwahl,linda-altona.bsky.social,42
Linda Heitmann,2024-06-10,1.9157084480955375,5,2,1982-08-02,weiblich,Grünen,Geschäftsführung in der Suchtkrankenhilfe,19.0,Hamburg-Altona,Direktwahl,linda-altona.bsky.social,42
Linda Heitmann,2024-06-17,2.892694303064234,2,3,1982-08-02,weiblich,Grünen,Geschäftsführung in der Suchtkrankenhilfe,19.0,Hamburg-Altona,Direktwahl,linda-altona.bsky.social,42
Linda Heitmann,2024-06-24,-0.3497082893124081,6,4,1982-08-02,weiblich,Grünen,Geschäftsführung in der Suchtkrankenhilfe,19.0,Hamburg-Altona,Direktwahl,linda-altona.bsky.social,42
Linda Heitmann,2024-07-01,-0.699584788722491,3,5,1982-08-02,weiblich,Grünen,Geschäftsführung in der Suchtkrankenhilfe,19.0,Hamburg-Altona,Direktwahl,linda-altona.bsky.social,42
Linda Heitmann,2024-07-08,2.228258393571951,5,6,1982-08-02,weiblich,Grünen,Geschäftsführung in der Suchtkrankenhilfe,19.0,Hamburg-Altona,Direktwahl,linda-altona.bsky.social,42
Linda Heitmann,2024-07-15,1.7972157985057782,3,7,1982-08-02,weiblich,Grünen,Geschäftsführung in der Suchtkrankenhilfe,19.0,Hamburg-Altona,Direktwahl,linda-altona.bsky.social,42
Linda Heitmann,2024-08-05,-1.6488795993866983,2,10,1982-08-02,weiblich,Grünen,Geschäftsführung in der Suchtkrankenhilfe,19.0,Hamburg-Altona,Direktwahl,linda-altona.bsky.social,42
Linda Heitmann,2024-08-12,-0.02208939302127959,5,11,1982-08-02,weiblich,Grünen,Geschäftsführung in der Suchtkrankenhilfe,19.0,Hamburg-Altona,Direktwahl,linda-altona.bsky.social,42
Linda Heitmann,2024-08-19,0.19237664016068154,3,12,1982-08-02,weiblich,Grünen,Geschäftsführung in der Suchtkrankenhilfe,19.0,Hamburg-Altona,Direktwahl,linda-altona.bsky.social,42
Linda Heitmann,2024-08-26,4.652575861168055,2,13,1982-08-02,weiblich,Grünen,Geschäftsführung in der Suchtkrankenhilfe,19.0,Hamburg-Altona,Direktwahl,linda-altona.bsky.social,42
Linda Heitmann,2024-09-09,3.876263081425717,2,15,1982-08-02,weiblich,Grünen,Geschäftsführung in der Suchtkrankenhilfe,19.0,Hamburg-Altona,Direktwahl,linda-altona.bsky.social,42
Linda Heitmann,2024-09-23,3.1961078101914406,3,17,1982-08-02,weiblich,Grünen,Geschäftsführung in der Suchtkrankenhilfe,19.0,Hamburg-Altona,Direktwahl,linda-altona.bsky.social,42
Linda Heitmann,2024-10-07,4.335684653469072,1,19,1982-08-02,weiblich,Grünen,Geschäftsführung in der Suchtkrankenhilfe,19.0,Hamburg-Altona,Direktwahl,linda-altona.bsky.social,42
Linda Heitmann,2024-10-14,1.0543022600658607,2,20,1982-08-02,weiblich,Grünen,Geschäftsführung in der Suchtkrankenhilfe,19.0,Hamburg-Altona,Direktwahl,linda-altona.bsky.social,42
Linda Heitmann,2024-10-21,-0.7490327977638451,1,21,1982-08-02,weiblich,Grünen,Geschäftsführung in der Suchtkrankenhilfe,19.0,Hamburg-Altona,Direktwahl,linda-altona.bsky.social,42
Linda Heitmann,2024-10-28,-0.7745215349965536,1,22,1982-08-02,weiblich,Grünen,Geschäftsführung in der Suchtkrankenhilfe,19.0,Hamburg-Altona,Direktwahl,linda-altona.bsky.social,42
Linda Heitmann,2024-11-04,-6.3430292257734875,1,23,1982-08-02,weiblich,Grünen,Geschäftsführung in der Suchtkrankenhilfe,19.0,Hamburg-Altona,Direktwahl,linda-altona.bsky.social,42
Linda Heitmann,2024-11-11,1.8999583894455219,4,24,1982-08-02,weiblich,Grünen,Geschäftsführung in der Suchtkrankenhilfe,19.0,Hamburg-Altona,Direktwahl,linda-altona.bsky.social,42
Linda Heitmann,2024-11-18,1.1461557053368008,5,25,1982-08-02,weiblich,Grünen,Geschäftsführung in der Suchtkrankenhilfe,19.0,Hamburg-Altona,Direktwahl,linda-altona.bsky.social,42
Linda Heitmann,2024-11-25,2.2498569439854226,2,26,1982-08-02,weiblich,Grünen,Geschäftsführung in der Suchtkrankenhilfe,19.0,Hamburg-Altona,Direktwahl,linda-altona.bsky.social,42
Linda Heitmann,2024-12-02,2.002838149064966,2,27,1982-08-02,weiblich,Grünen,Geschäftsführung in der Suchtkrankenhilfe,19.0,Hamburg-Altona,Direktwahl,linda-altona.bsky.social,42
Linda Heitmann,2024-12-09,0.3658639235944651,1,28,1982-08-02,weiblich,Grünen,Geschäftsführung in der Suchtkrankenhilfe,19.0,Hamburg-Altona,Direktwahl,linda-altona.bsky.social,42
Linda Heitmann,2025-01-06,1.6965055075427922,6,32,1982-08-02,weiblich,Grünen,Geschäftsführung in der Suchtkrankenhilfe,19.0,Hamburg-Altona,Direktwahl,linda-altona.bsky.social,43
Linda Heitmann,2025-01-13,4.544679978535314,1,33,1982-08-02,weiblich,Grünen,Geschäftsführung in der Suchtkrankenhilfe,19.0,Hamburg-Altona,Direktwahl,linda-altona.bsky.social,43
Linda Heitmann,2025-01-20,-1.600514328530895,5,34,1982-08-02,weiblich,Grünen,Geschäftsführung in der Suchtkrankenhilfe,19.0,Hamburg-Altona,Direktwahl,linda-altona.bsky.social,43
Linda Heitmann,2025-01-27,-2.404014359490121,5,35,1982-08-02,weiblich,Grünen,Geschäftsführung in der Suchtkrankenhilfe,19.0,Hamburg-Altona,Direktwahl,linda-altona.bsky.social,43
Linda Heitmann,2025-02-03,0.1505718352131864,4,36,1982-08-02,weiblich,Grünen,Geschäftsführung in der Suchtkrankenhilfe,19.0,Hamburg-Altona,Direktwahl,linda-altona.bsky.social,43
Linda Heitmann,2025-02-10,3.6173825012094096,3,37,1982-08-02,weiblich,Grünen,Geschäftsführung in der Suchtkrankenhilfe,19.0,Hamburg-Altona,Direktwahl,linda-altona.bsky.social,43
Linda Heitmann,2025-02-17,1.647724583633537,1,38,1982-08-02,weiblich,Grünen,Geschäftsführung in der Suchtkrankenhilfe,19.0,Hamburg-Altona,Direktwahl,linda-altona.bsky.social,43
Linda Heitmann,2025-02-24,2.753005564533335,7,39,1982-08-02,weiblich,Grünen,Geschäftsführung in der Suchtkrankenhilfe,19.0,Hamburg-Altona,Direktwahl,linda-altona.bsky.social,43
Linda Heitmann,2025-03-03,-2.399310626915542,3,40,1982-08-02,weiblich,Grünen,Geschäftsführung in der Suchtkrankenhilfe,19.0,Hamburg-Altona,Direktwahl,linda-altona.bsky.social,43
Linda Heitmann,2025-03-10,-0.6924624652972421,3,41,1982-08-02,weiblich,Grünen,Geschäftsführung in der Suchtkrankenhilfe,19.0,Hamburg-Altona,Direktwahl,linda-altona.bsky.social,43
Linda Heitmann,2025-03-17,0.6350464685432355,4,42,1982-08-02,weiblich,Grünen,Geschäftsführung in der Suchtkrankenhilfe,19.0,Hamburg-Altona,Direktwahl,linda-altona.bsky.social,43
Linda Heitmann,2025-03-24,-1.8094312941758361,8,43,1982-08-02,weiblich,Grünen,Geschäftsführung in der Suchtkrankenhilfe,19.0,Hamburg-Altona,Direktwahl,linda-altona.bsky.social,43
Linda Heitmann,2025-03-31,-2.897595290336188,1,44,1982-08-02,weiblich,Grünen,Geschäftsführung in der Suchtkrankenhilfe,19.0,Hamburg-Altona,Direktwahl,linda-altona.bsky.social,43
Linda Heitmann,2025-04-07,-1.11166702489177,5,45,1982-08-02,weiblich,Grünen,Geschäftsführung in der Suchtkrankenhilfe,19.0,Hamburg-Altona,Direktwahl,linda-altona.bsky.social,43
Linda Heitmann,2025-04-14,0.24679171853301932,2,46,1982-08-02,weiblich,Grünen,Geschäftsführung in der Suchtkrankenhilfe,19.0,Hamburg-Altona,Direktwahl,linda-altona.bsky.social,43
Linda Heitmann,2025-04-21,1.1931872470158706,1,47,1982-08-02,weiblich,Grünen,Geschäftsführung in der Suchtkrankenhilfe,19.0,Hamburg-Altona,Direktwahl,linda-altona.bsky.social,43
Linda Heitmann,2025-04-28,0.1414946460955501,3,48,1982-08-02,weiblich,Grünen,Geschäftsführung in der Suchtkrankenhilfe,19.0,Hamburg-Altona,Direktwahl,linda-altona.bsky.social,43
Linda Heitmann,2025-05-12,0.7839895488908808,2,50,1982-08-02,weiblich,Grünen,Geschäftsführung in der Suchtkrankenhilfe,19.0,Hamburg-Altona,Direktwahl,linda-altona.bsky.social,43
Linda Heitmann,2025-05-19,0.2806869536775029,9,51,1982-08-02,weiblich,Grünen,Geschäftsführung in der Suchtkrankenhilfe,19.0,Hamburg-Altona,Direktwahl,linda-altona.bsky.social,43
Linda Heitmann,2025-05-26,-0.8224719140947557,6,52,1982-08-02,weiblich,Grünen,Geschäftsführung in der Suchtkrankenhilfe,19.0,Hamburg-Altona,Direktwahl,linda-altona.bsky.social,43
Linda Heitmann,2025-06-02,0.9665754627444452,2,53,1982-08-02,weiblich,Grünen,Geschäftsführung in der Suchtkrankenhilfe,19.0,Hamburg-Altona,Direktwahl,linda-altona.bsky.social,43
Linda Heitmann,2025-06-09,2.592846906924979,5,54,1982-08-02,weiblich,Grünen,Geschäftsführung in der Suchtkrankenhilfe,19.0,Hamburg-Altona,Direktwahl,linda-altona.bsky.social,43
Linda Heitmann,2025-06-16,-0.16145329106350437,4,55,1982-08-02,weiblich,Grünen,Geschäftsführung in der Suchtkrankenhilfe,19.0,Hamburg-Altona,Direktwahl,linda-altona.bsky.social,43
Linda Heitmann,2025-06-23,2.824606460484914,4,56,1982-08-02,weiblich,Grünen,Geschäftsführung in der Suchtkrankenhilfe,19.0,Hamburg-Altona,Direktwahl,linda-altona.bsky.social,43
Linda Heitmann,2025-06-30,-1.2198426006705265,4,57,1982-08-02,weiblich,Grünen,Geschäftsführung in der Suchtkrankenhilfe,19.0,Hamburg-Altona,Direktwahl,linda-altona.bsky.social,43
Linda Heitmann,2025-07-07,-1.1521243791492501,4,58,1982-08-02,weiblich,Grünen,Geschäftsführung in der Suchtkrankenhilfe,19.0,Hamburg-Altona,Direktwahl,linda-altona.bsky.social,43
Linda Heitmann,2025-07-14,-3.3419450271630837,1,59,1982-08-02,weiblich,Grünen,Geschäftsführung in der Suchtkrankenhilfe,19.0,Hamburg-Altona,Direktwahl,linda-altona.bsky.social,43
Linda Heitmann,2025-07-21,-1.0609031688954387,4,60,1982-08-02,weiblich,Grünen,Geschäftsführung in der Suchtkrankenhilfe,19.0,Hamburg-Altona,Direktwahl,linda-altona.bsky.social,43
Lisa Badum,2024-06-03,-4.315583270083018,1,1,1983-10-02,weiblich,Grünen,Politikwissenschaftlerin,236.0,Bamberg,Landesliste,lisa-badum.de,41
Lisa Badum,2024-06-24,-0.43771547964331864,3,4,1983-10-02,weiblich,Grünen,Politikwissenschaftlerin,236.0,Bamberg,Landesliste,lisa-badum.de,41
Lisa Badum,2024-07-15,-3.5441311877135884,3,7,1983-10-02,weiblich,Grünen,Politikwissenschaftlerin,236.0,Bamberg,Landesliste,lisa-badum.de,41
Lisa Badum,2024-07-22,-0.4910933856393621,1,8,1983-10-02,weiblich,Grünen,Politikwissenschaftlerin,236.0,Bamberg,Landesliste,lisa-badum.de,41
Lisa Badum,2024-08-05,-2.6821459450456344,2,10,1983-10-02,weiblich,Grünen,Politikwissenschaftlerin,236.0,Bamberg,Landesliste,lisa-badum.de,41
Lisa Badum,2024-08-12,-4.231613984727948,2,11,1983-10-02,weiblich,Grünen,Politikwissenschaftlerin,236.0,Bamberg,Landesliste,lisa-badum.de,41
Lisa Badum,2024-08-19,-4.3304383640404165,2,12,1983-10-02,weiblich,Grünen,Politikwissenschaftlerin,236.0,Bamberg,Landesliste,lisa-badum.de,41
Lisa Badum,2024-09-09,-0.680925013323873,1,15,1983-10-02,weiblich,Grünen,Politikwissenschaftlerin,236.0,Bamberg,Landesliste,lisa-badum.de,41
Lisa Badum,2024-09-16,-3.2964507186064127,1,16,1983-10-02,weiblich,Grünen,Politikwissenschaftlerin,236.0,Bamberg,Landesliste,lisa-badum.de,41
Lisa Badum,2024-09-23,-1.039671041741755,4,17,1983-10-02,weiblich,Grünen,Politikwissenschaftlerin,236.0,Bamberg,Landesliste,lisa-badum.de,41
Lisa Badum,2024-09-30,-0.4010024933780585,2,18,1983-10-02,weiblich,Grünen,Politikwissenschaftlerin,236.0,Bamberg,Landesliste,lisa-badum.de,41
Lisa Badum,2024-10-07,-1.6160890890346415,2,19,1983-10-02,weiblich,Grünen,Politikwissenschaftlerin,236.0,Bamberg,Landesliste,lisa-badum.de,41
Lisa Badum,2024-10-14,-1.372239902684574,2,20,1983-10-02,weiblich,Grünen,Politikwissenschaftlerin,236.0,Bamberg,Landesliste,lisa-badum.de,41
Lisa Badum,2024-10-21,-0.10565893800088688,4,21,1983-10-02,weiblich,Grünen,Politikwissenschaftlerin,236.0,Bamberg,Landesliste,lisa-badum.de,41
Lisa Badum,2024-10-28,4.21069775297502,1,22,1983-10-02,weiblich,Grünen,Politikwissenschaftlerin,236.0,Bamberg,Landesliste,lisa-badum.de,41
Lisa Badum,2024-11-04,-2.5902653019309216,2,23,1983-10-02,weiblich,Grünen,Politikwissenschaftlerin,236.0,Bamberg,Landesliste,lisa-badum.de,41
Lisa Badum,2024-11-11,-1.7170273292952636,5,24,1983-10-02,weiblich,Grünen,Politikwissenschaftlerin,236.0,Bamberg,Landesliste,lisa-badum.de,41
Lisa Badum,2024-11-18,-1.0468248230113129,8,25,1983-10-02,weiblich,Grünen,Politikwissenschaftlerin,236.0,Bamberg,Landesliste,lisa-badum.de,41
Lisa Badum,2024-12-02,-4.086888944440474,4,27,1983-10-02,weiblich,Grünen,Politikwissenschaftlerin,236.0,Bamberg,Landesliste,lisa-badum.de,41
Lisa Badum,2024-12-09,-3.8536947423684973,2,28,1983-10-02,weiblich,Grünen,Politikwissenschaftlerin,236.0,Bamberg,Landesliste,lisa-badum.de,41
Lisa Badum,2024-12-16,-6.138429462699842,1,29,1983-10-02,weiblich,Grünen,Politikwissenschaftlerin,236.0,Bamberg,Landesliste,lisa-badum.de,41
Lisa Badum,2025-01-06,-2.552594933479281,3,32,1983-10-02,weiblich,Grünen,Politikwissenschaftlerin,236.0,Bamberg,Landesliste,lisa-badum.de,42
Lisa Badum,2025-01-20,-2.7091792284231055,5,34,1983-10-02,weiblich,Grünen,Politikwissenschaftlerin,236.0,Bamberg,Landesliste,lisa-badum.de,42
Lisa Badum,2025-01-27,-2.5609017735922044,7,35,1983-10-02,weiblich,Grünen,Politikwissenschaftlerin,236.0,Bamberg,Landesliste,lisa-badum.de,42
Lisa Badum,2025-02-03,-2.3294137009624376,4,36,1983-10-02,weiblich,Grünen,Politikwissenschaftlerin,236.0,Bamberg,Landesliste,lisa-badum.de,42
Lisa Badum,2025-02-10,-2.523063904104101,6,37,1983-10-02,weiblich,Grünen,Politikwissenschaftlerin,236.0,Bamberg,Landesliste,lisa-badum.de,42
Lisa Badum,2025-02-17,-1.9114833821949688,6,38,1983-10-02,weiblich,Grünen,Politikwissenschaftlerin,236.0,Bamberg,Landesliste,lisa-badum.de,42
Lisa Badum,2025-02-24,-1.9167352062817222,5,39,1983-10-02,weiblich,Grünen,Politikwissenschaftlerin,236.0,Bamberg,Landesliste,lisa-badum.de,42
Lisa Badum,2025-03-03,-4.510194427459759,2,40,1983-10-02,weiblich,Grünen,Politikwissenschaftlerin,236.0,Bamberg,Landesliste,lisa-badum.de,42
Lisa Badum,2025-03-10,-2.026920607010021,9,41,1983-10-02,weiblich,Grünen,Politikwissenschaftlerin,236.0,Bamberg,Landesliste,lisa-badum.de,42
Lisa Badum,2025-03-17,-0.9046696640881267,4,42,1983-10-02,weiblich,Grünen,Politikwissenschaftlerin,236.0,Bamberg,Landesliste,lisa-badum.de,42
Lisa Badum,2025-03-24,-0.9802095993423454,8,43,1983-10-02,weiblich,Grünen,Politikwissenschaftlerin,235.0,Bamberg,Landesliste,lisa-badum.de,42
Lisa Badum,2025-03-31,-2.2691820572929586,5,44,1983-10-02,weiblich,Grünen,Politikwissenschaftlerin,235.0,Bamberg,Landesliste,lisa-badum.de,42
Lisa Badum,2025-04-07,-2.709513962749548,8,45,1983-10-02,weiblich,Grünen,Politikwissenschaftlerin,235.0,Bamberg,Landesliste,lisa-badum.de,42
Lisa Badum,2025-04-14,-1.0799767704900014,5,46,1983-10-02,weiblich,Grünen,Politikwissenschaftlerin,235.0,Bamberg,Landesliste,lisa-badum.de,42
Lisa Badum,2025-04-21,-4.668600067894426,1,47,1983-10-02,weiblich,Grünen,Politikwissenschaftlerin,235.0,Bamberg,Landesliste,lisa-badum.de,42
Lisa Badum,2025-04-28,-1.8321670756801396,9,48,1983-10-02,weiblich,Grünen,Politikwissenschaftlerin,235.0,Bamberg,Landesliste,lisa-badum.de,42
Lisa Badum,2025-05-05,-5.507419528768065,5,49,1983-10-02,weiblich,Grünen,Politikwissenschaftlerin,235.0,Bamberg,Landesliste,lisa-badum.de,42
Lisa Badum,2025-05-12,-1.4183659398907902,5,50,1983-10-02,weiblich,Grünen,Politikwissenschaftlerin,235.0,Bamberg,Landesliste,lisa-badum.de,42
Lisa Badum,2025-05-19,-0.9945890843182023,7,51,1983-10-02,weiblich,Grünen,Politikwissenschaftlerin,235.0,Bamberg,Landesliste,lisa-badum.de,42
Lisa Badum,2025-05-26,-5.670301640339833,2,52,1983-10-02,weiblich,Grünen,Politikwissenschaftlerin,235.0,Bamberg,Landesliste,lisa-badum.de,42
Lisa Badum,2025-06-02,-6.128321037117004,2,53,1983-10-02,weiblich,Grünen,Politikwissenschaftlerin,235.0,Bamberg,Landesliste,lisa-badum.de,42
Lisa Badum,2025-06-09,-2.4045577681814345,2,54,1983-10-02,weiblich,Grünen,Politikwissenschaftlerin,235.0,Bamberg,Landesliste,lisa-badum.de,42
Lisa Badum,2025-06-16,-3.24617573259603,8,55,1983-10-02,weiblich,Grünen,Politikwissenschaftlerin,235.0,Bamberg,Landesliste,lisa-badum.de,42
Lisa Badum,2025-06-23,-2.3474590950419234,6,56,1983-10-02,weiblich,Grünen,Politikwissenschaftlerin,235.0,Bamberg,Landesliste,lisa-badum.de,42
Lisa Badum,2025-06-30,-2.973578347878389,12,57,1983-10-02,weiblich,Grünen,Politikwissenschaftlerin,235.0,Bamberg,Landesliste,lisa-badum.de,42
Lisa Badum,2025-07-07,-4.417766390354218,6,58,1983-10-02,weiblich,Grünen,Politikwissenschaftlerin,235.0,Bamberg,Landesliste,lisa-badum.de,42
Lisa Badum,2025-07-14,-2.3890577159362416,4,59,1983-10-02,weiblich,Grünen,Politikwissenschaftlerin,235.0,Bamberg,Landesliste,lisa-badum.de,42
Lisa Badum,2025-07-21,-2.885122152726761,11,60,1983-10-02,weiblich,Grünen,Politikwissenschaftlerin,235.0,Bamberg,Landesliste,lisa-badum.de,42
Lisa Badum,2025-07-28,-3.715592883121278,3,61,1983-10-02,weiblich,Grünen,Politikwissenschaftlerin,235.0,Bamberg,Landesliste,lisa-badum.de,42
Lisa Paus,2024-05-27,-1.8414949982943276,2,0,1968-09-19,weiblich,Grünen,,80.0,Berlin-Charlottenburg-Wilmersdorf,Landesliste,lisapaus.bsky.social,56
Lisa Paus,2024-06-03,-0.9078974094939753,2,1,1968-09-19,weiblich,Grünen,,80.0,Berlin-Charlottenburg-Wilmersdorf,Landesliste,lisapaus.bsky.social,56
Lisa Paus,2024-06-10,5.425434820514024,1,2,1968-09-19,weiblich,Grünen,,80.0,Berlin-Charlottenburg-Wilmersdorf,Landesliste,lisapaus.bsky.social,56
Lisa Paus,2024-06-17,-1.949697076658748,4,3,1968-09-19,weiblich,Grünen,,80.0,Berlin-Charlottenburg-Wilmersdorf,Landesliste,lisapaus.bsky.social,56
Lisa Paus,2024-06-24,-0.9360407161836375,3,4,1968-09-19,weiblich,Grünen,,80.0,Berlin-Charlottenburg-Wilmersdorf,Landesliste,lisapaus.bsky.social,56
Lisa Paus,2024-07-01,5.441945584069368,1,5,1968-09-19,weiblich,Grünen,,80.0,Berlin-Charlottenburg-Wilmersdorf,Landesliste,lisapaus.bsky.social,56
Lisa Paus,2024-07-08,4.327796497560937,3,6,1968-09-19,weiblich,Grünen,,80.0,Berlin-Charlottenburg-Wilmersdorf,Landesliste,lisapaus.bsky.social,56
Lisa Paus,2024-07-15,5.213929279372512,1,7,1968-09-19,weiblich,Grünen,,80.0,Berlin-Charlottenburg-Wilmersdorf,Landesliste,lisapaus.bsky.social,56
Lisa Paus,2024-07-22,-1.616544869586647,2,8,1968-09-19,weiblich,Grünen,,80.0,Berlin-Charlottenburg-Wilmersdorf,Landesliste,lisapaus.bsky.social,56
Lisa Paus,2024-08-12,2.6932962454193596,2,11,1968-09-19,weiblich,Grünen,,80.0,Berlin-Charlottenburg-Wilmersdorf,Landesliste,lisapaus.bsky.social,56
Lisa Paus,2024-08-19,-0.3252025097865019,4,12,1968-09-19,weiblich,Grünen,,80.0,Berlin-Charlottenburg-Wilmersdorf,Landesliste,lisapaus.bsky.social,56
Lisa Paus,2024-08-26,-3.765989042123703,2,13,1968-09-19,weiblich,Grünen,,80.0,Berlin-Charlottenburg-Wilmersdorf,Landesliste,lisapaus.bsky.social,56
Lisa Paus,2024-09-09,1.400634798989596,2,15,1968-09-19,weiblich,Grünen,,80.0,Berlin-Charlottenburg-Wilmersdorf,Landesliste,lisapaus.bsky.social,56
Lisa Paus,2024-09-30,-0.5010047429660052,6,18,1968-09-19,weiblich,Grünen,,80.0,Berlin-Charlottenburg-Wilmersdorf,Landesliste,lisapaus.bsky.social,56
Lisa Paus,2024-10-07,0.6889223033897277,2,19,1968-09-19,weiblich,Grünen,,80.0,Berlin-Charlottenburg-Wilmersdorf,Landesliste,lisapaus.bsky.social,56
Lisa Paus,2024-10-28,-5.5356447845352115,1,22,1968-09-19,weiblich,Grünen,,80.0,Berlin-Charlottenburg-Wilmersdorf,Landesliste,lisapaus.bsky.social,56
Lisa Paus,2024-11-04,3.5314081490601055,2,23,1968-09-19,weiblich,Grünen,,80.0,Berlin-Charlottenburg-Wilmersdorf,Landesliste,lisapaus.bsky.social,56
Lisa Paus,2024-11-11,0.48954693984442316,6,24,1968-09-19,weiblich,Grünen,,80.0,Berlin-Charlottenburg-Wilmersdorf,Landesliste,lisapaus.bsky.social,56
Lisa Paus,2024-11-18,0.4498693370688446,1,25,1968-09-19,weiblich,Grünen,,80.0,Berlin-Charlottenburg-Wilmersdorf,Landesliste,lisapaus.bsky.social,56
Lisa Paus,2024-12-02,5.135403494220614,1,27,1968-09-19,weiblich,Grünen,,80.0,Berlin-Charlottenburg-Wilmersdorf,Landesliste,lisapaus.bsky.social,56
Lisa Paus,2024-12-16,-2.8747439125722374,6,29,1968-09-19,weiblich,Grünen,,80.0,Berlin-Charlottenburg-Wilmersdorf,Landesliste,lisapaus.bsky.social,56
Lisa Paus,2024-12-23,0.5667496408669426,3,30,1968-09-19,weiblich,Grünen,,80.0,Berlin-Charlottenburg-Wilmersdorf,Landesliste,lisapaus.bsky.social,56
Lisa Paus,2024-12-30,2.142413359075478,2,31,1968-09-19,weiblich,Grünen,,80.0,Berlin-Charlottenburg-Wilmersdorf,Landesliste,lisapaus.bsky.social,56
Lisa Paus,2025-01-06,-1.5520096753404826,2,32,1968-09-19,weiblich,Grünen,,80.0,Berlin-Charlottenburg-Wilmersdorf,Landesliste,lisapaus.bsky.social,57
Lisa Paus,2025-01-13,-2.5322965202650027,7,33,1968-09-19,weiblich,Grünen,,80.0,Berlin-Charlottenburg-Wilmersdorf,Landesliste,lisapaus.bsky.social,57
Lisa Paus,2025-01-20,-3.5689734532183266,4,34,1968-09-19,weiblich,Grünen,,80.0,Berlin-Charlottenburg-Wilmersdorf,Landesliste,lisapaus.bsky.social,57
Lisa Paus,2025-01-27,-1.353104250236938,6,35,1968-09-19,weiblich,Grünen,,80.0,Berlin-Charlottenburg-Wilmersdorf,Landesliste,lisapaus.bsky.social,57
Lisa Paus,2025-02-10,-1.432253628948855,3,37,1968-09-19,weiblich,Grünen,,80.0,Berlin-Charlottenburg-Wilmersdorf,Landesliste,lisapaus.bsky.social,57
Lisa Paus,2025-02-17,-0.242128904906763,6,38,1968-09-19,weiblich,Grünen,,80.0,Berlin-Charlottenburg-Wilmersdorf,Landesliste,lisapaus.bsky.social,57
Lisa Paus,2025-03-03,-1.777664912592605,12,40,1968-09-19,weiblich,Grünen,,80.0,Berlin-Charlottenburg-Wilmersdorf,Landesliste,lisapaus.bsky.social,57
Lisa Paus,2025-03-10,-1.4091630722084427,11,41,1968-09-19,weiblich,Grünen,,80.0,Berlin-Charlottenburg-Wilmersdorf,Landesliste,lisapaus.bsky.social,57
Lisa Paus,2025-03-17,-2.4627141432156234,2,42,1968-09-19,weiblich,Grünen,,80.0,Berlin-Charlottenburg-Wilmersdorf,Landesliste,lisapaus.bsky.social,57
Lisa Paus,2025-04-28,-4.158220239379633,2,48,1968-09-19,weiblich,Grünen,,79.0,Berlin-Charlottenburg-Wilmersdorf,Landesliste,lisapaus.bsky.social,57
Lisa Paus,2025-05-05,2.721089531817125,4,49,1968-09-19,weiblich,Grünen,,79.0,Berlin-Charlottenburg-Wilmersdorf,Landesliste,lisapaus.bsky.social,57
Lisa Paus,2025-05-19,-5.155641083145384,3,51,1968-09-19,weiblich,Grünen,,79.0,Berlin-Charlottenburg-Wilmersdorf,Landesliste,lisapaus.bsky.social,57
Lisa Paus,2025-06-02,-3.6682333017734905,2,53,1968-09-19,weiblich,Grünen,,79.0,Berlin-Charlottenburg-Wilmersdorf,Landesliste,lisapaus.bsky.social,57
Lisa Paus,2025-06-16,-1.4061999040208686,3,55,1968-09-19,weiblich,Grünen,,79.0,Berlin-Charlottenburg-Wilmersdorf,Landesliste,lisapaus.bsky.social,57
Lisa Paus,2025-06-23,-2.3658202361912584,6,56,1968-09-19,weiblich,Grünen,,79.0,Berlin-Charlottenburg-Wilmersdorf,Landesliste,lisapaus.bsky.social,57
Lisa Paus,2025-06-30,-3.7962961852187966,3,57,1968-09-19,weiblich,Grünen,,79.0,Berlin-Charlottenburg-Wilmersdorf,Landesliste,lisapaus.bsky.social,57
Lisa Paus,2025-07-07,-3.7718709005130004,3,58,1968-09-19,weiblich,Grünen,,79.0,Berlin-Charlottenburg-Wilmersdorf,Landesliste,lisapaus.bsky.social,57
Lisa Paus,2025-07-14,2.02875784869025,1,59,1968-09-19,weiblich,Grünen,,79.0,Berlin-Charlottenburg-Wilmersdorf,Landesliste,lisapaus.bsky.social,57
Luigi Pantisano,2025-05-05,0.515611020949836,3,49,1979-07-28,männlich,Die LINKE,"Stadtplaner, Architekt",258.0,Stuttgart I,Landesliste,luigipantisano.bsky.social,46
Luigi Pantisano,2025-05-12,-0.5052626798290238,2,50,1979-07-28,männlich,Die LINKE,"Stadtplaner, Architekt",258.0,Stuttgart I,Landesliste,luigipantisano.bsky.social,46
Luigi Pantisano,2025-06-23,5.145705750220666,1,56,1979-07-28,männlich,Die LINKE,"Stadtplaner, Architekt",258.0,Stuttgart I,Landesliste,luigipantisano.bsky.social,46
Luigi Pantisano,2025-06-30,-2.844307481812812,2,57,1979-07-28,männlich,Die LINKE,"Stadtplaner, Architekt",258.0,Stuttgart I,Landesliste,luigipantisano.bsky.social,46
Luise Amtsberg,2025-01-13,-2.3376669308361495,6,33,1984-10-17,weiblich,Grünen,,5.0,Kiel,Landesliste,luiseamtsberg.bsky.social,41
Luise Amtsberg,2025-01-20,2.724377508357347,2,34,1984-10-17,weiblich,Grünen,,5.0,Kiel,Landesliste,luiseamtsberg.bsky.social,41
Luise Amtsberg,2025-01-27,-5.112010966147389,1,35,1984-10-17,weiblich,Grünen,,5.0,Kiel,Landesliste,luiseamtsberg.bsky.social,41
Luise Amtsberg,2025-02-03,-3.3792753588874134,3,36,1984-10-17,weiblich,Grünen,,5.0,Kiel,Landesliste,luiseamtsberg.bsky.social,41
Luise Amtsberg,2025-02-10,-3.1811610265412553,8,37,1984-10-17,weiblich,Grünen,,5.0,Kiel,Landesliste,luiseamtsberg.bsky.social,41
Luise Amtsberg,2025-02-17,-5.767212066663194,1,38,1984-10-17,weiblich,Grünen,,5.0,Kiel,Landesliste,luiseamtsberg.bsky.social,41
Luise Amtsberg,2025-02-24,-1.8420134207802157,7,39,1984-10-17,weiblich,Grünen,,5.0,Kiel,Landesliste,luiseamtsberg.bsky.social,41
Luise Amtsberg,2025-03-03,-1.3066841101179023,7,40,1984-10-17,weiblich,Grünen,,5.0,Kiel,Landesliste,luiseamtsberg.bsky.social,41
Luise Amtsberg,2025-03-10,-4.61808262404596,1,41,1984-10-17,weiblich,Grünen,,5.0,Kiel,Landesliste,luiseamtsberg.bsky.social,41
Luise Amtsberg,2025-03-17,-2.643491734108339,5,42,1984-10-17,weiblich,Grünen,,5.0,Kiel,Landesliste,luiseamtsberg.bsky.social,41
Luise Amtsberg,2025-03-24,0.6884045423063676,4,43,1984-10-17,weiblich,Grünen,,5.0,Kiel,Direktwahl,luiseamtsberg.bsky.social,41
Luise Amtsberg,2025-03-31,-1.788989701156302,1,44,1984-10-17,weiblich,Grünen,,5.0,Kiel,Direktwahl,luiseamtsberg.bsky.social,41
Luise Amtsberg,2025-04-07,-2.4584510959639903,6,45,1984-10-17,weiblich,Grünen,,5.0,Kiel,Direktwahl,luiseamtsberg.bsky.social,41
Luise Amtsberg,2025-04-14,-5.4969233285216905,2,46,1984-10-17,weiblich,Grünen,,5.0,Kiel,Direktwahl,luiseamtsberg.bsky.social,41
Luise Amtsberg,2025-04-21,-1.8277773641679862,4,47,1984-10-17,weiblich,Grünen,,5.0,Kiel,Direktwahl,luiseamtsberg.bsky.social,41
Luise Amtsberg,2025-04-28,-3.5096254370997477,2,48,1984-10-17,weiblich,Grünen,,5.0,Kiel,Direktwahl,luiseamtsberg.bsky.social,41
Luise Amtsberg,2025-05-19,-4.808351141085582,2,51,1984-10-17,weiblich,Grünen,,5.0,Kiel,Direktwahl,luiseamtsberg.bsky.social,41
Luise Amtsberg,2025-05-26,-5.544721659140334,4,52,1984-10-17,weiblich,Grünen,,5.0,Kiel,Direktwahl,luiseamtsberg.bsky.social,41
Luise Amtsberg,2025-06-16,-3.036062621494737,8,55,1984-10-17,weiblich,Grünen,,5.0,Kiel,Direktwahl,luiseamtsberg.bsky.social,41
Luise Amtsberg,2025-06-23,-3.3115863320226353,2,56,1984-10-17,weiblich,Grünen,,5.0,Kiel,Direktwahl,luiseamtsberg.bsky.social,41
Luise Amtsberg,2025-07-07,-0.3832761740761083,7,58,1984-10-17,weiblich,Grünen,,5.0,Kiel,Direktwahl,luiseamtsberg.bsky.social,41
Luise Amtsberg,2025-07-14,-1.4445330330357535,6,59,1984-10-17,weiblich,Grünen,,5.0,Kiel,Direktwahl,luiseamtsberg.bsky.social,41
Luise Amtsberg,2025-07-21,-3.536476722255931,4,60,1984-10-17,weiblich,Grünen,,5.0,Kiel,Direktwahl,luiseamtsberg.bsky.social,41
Luise Amtsberg,2025-07-28,3.3825404820313683,1,61,1984-10-17,weiblich,Grünen,,5.0,Kiel,Direktwahl,luiseamtsberg.bsky.social,41
Luke Hoß,2025-05-26,4.680393117337152,1,52,2001-09-03,männlich,Die LINKE,,228.0,Passau,Landesliste,luke-hoss.de,24
Luke Hoß,2025-06-02,-2.364623948883892,1,53,2001-09-03,männlich,Die LINKE,,228.0,Passau,Landesliste,luke-hoss.de,24
Luke Hoß,2025-06-23,-0.18316958039687492,2,56,2001-09-03,männlich,Die LINKE,,228.0,Passau,Landesliste,luke-hoss.de,24
Maik Außendorf,2024-11-18,-1.0780087517206645,3,25,1971-08-17,männlich,Grünen,IT-Unternehmer,100.0,Rheinisch-Bergischer Kreis,Landesliste,maik-aussendorf.de,53
Maik Außendorf,2024-11-25,-1.056717633200632,9,26,1971-08-17,männlich,Grünen,IT-Unternehmer,100.0,Rheinisch-Bergischer Kreis,Landesliste,maik-aussendorf.de,53
Maik Außendorf,2024-12-02,-0.4534615643051788,4,27,1971-08-17,männlich,Grünen,IT-Unternehmer,100.0,Rheinisch-Bergischer Kreis,Landesliste,maik-aussendorf.de,53
Maik Außendorf,2024-12-09,1.551439180357987,2,28,1971-08-17,männlich,Grünen,IT-Unternehmer,100.0,Rheinisch-Bergischer Kreis,Landesliste,maik-aussendorf.de,53
Maik Außendorf,2024-12-16,1.2426299209339204,3,29,1971-08-17,männlich,Grünen,IT-Unternehmer,100.0,Rheinisch-Bergischer Kreis,Landesliste,maik-aussendorf.de,53
Maik Außendorf,2025-01-06,-0.6795584074511521,6,32,1971-08-17,männlich,Grünen,IT-Unternehmer,100.0,Rheinisch-Bergischer Kreis,Landesliste,maik-aussendorf.de,54
Maik Außendorf,2025-01-20,-0.20338873377665798,6,34,1971-08-17,männlich,Grünen,IT-Unternehmer,100.0,Rheinisch-Bergischer Kreis,Landesliste,maik-aussendorf.de,54
Maik Außendorf,2025-01-27,-4.678034594562624,1,35,1971-08-17,männlich,Grünen,IT-Unternehmer,100.0,Rheinisch-Bergischer Kreis,Landesliste,maik-aussendorf.de,54
Maik Außendorf,2025-02-03,-0.6417030687883971,5,36,1971-08-17,männlich,Grünen,IT-Unternehmer,100.0,Rheinisch-Bergischer Kreis,Landesliste,maik-aussendorf.de,54
Maik Außendorf,2025-02-10,-1.0607920294373867,3,37,1971-08-17,männlich,Grünen,IT-Unternehmer,100.0,Rheinisch-Bergischer Kreis,Landesliste,maik-aussendorf.de,54
Maik Außendorf,2025-02-17,1.0816124881034253,2,38,1971-08-17,männlich,Grünen,IT-Unternehmer,100.0,Rheinisch-Bergischer Kreis,Landesliste,maik-aussendorf.de,54
Maik Außendorf,2025-02-24,3.175433075664513,1,39,1971-08-17,männlich,Grünen,IT-Unternehmer,100.0,Rheinisch-Bergischer Kreis,Landesliste,maik-aussendorf.de,54
Marcel Emmerich,2024-07-15,-5.667660797198606,1,7,1991-05-12,männlich,Grünen,Wissenschaftlicher Referent,291.0,Ulm,Landesliste,herremmerich.bsky.social,33
Marcel Emmerich,2024-11-11,0.2456905381894122,1,24,1991-05-12,männlich,Grünen,Wissenschaftlicher Referent,291.0,Ulm,Landesliste,herremmerich.bsky.social,33
Marcel Emmerich,2024-11-25,-2.4062685583349146,2,26,1991-05-12,männlich,Grünen,Wissenschaftlicher Referent,291.0,Ulm,Landesliste,herremmerich.bsky.social,33
Marcel Emmerich,2024-12-02,-4.562622045239527,2,27,1991-05-12,männlich,Grünen,Wissenschaftlicher Referent,291.0,Ulm,Landesliste,herremmerich.bsky.social,33
Marcel Emmerich,2024-12-16,-4.040644831249119,3,29,1991-05-12,männlich,Grünen,Wissenschaftlicher Referent,291.0,Ulm,Landesliste,herremmerich.bsky.social,33
Marcel Emmerich,2025-01-13,3.6902025681182558,2,33,1991-05-12,männlich,Grünen,Wissenschaftlicher Referent,291.0,Ulm,Landesliste,herremmerich.bsky.social,34
Marcel Emmerich,2025-01-27,-3.1446747521963436,5,35,1991-05-12,männlich,Grünen,Wissenschaftlicher Referent,291.0,Ulm,Landesliste,herremmerich.bsky.social,34
Marcel Emmerich,2025-02-10,-5.712638330951117,1,37,1991-05-12,männlich,Grünen,Wissenschaftlicher Referent,291.0,Ulm,Landesliste,herremmerich.bsky.social,34
Marcel Emmerich,2025-02-17,2.9946329925942576,1,38,1991-05-12,männlich,Grünen,Wissenschaftlicher Referent,291.0,Ulm,Landesliste,herremmerich.bsky.social,34
Marcel Emmerich,2025-02-24,-2.7628360293579255,3,39,1991-05-12,männlich,Grünen,Wissenschaftlicher Referent,291.0,Ulm,Landesliste,herremmerich.bsky.social,34
Marcel Emmerich,2025-03-03,-5.431590200538077,4,40,1991-05-12,männlich,Grünen,Wissenschaftlicher Referent,291.0,Ulm,Landesliste,herremmerich.bsky.social,34
Marcel Emmerich,2025-03-10,-2.816268669401083,2,41,1991-05-12,männlich,Grünen,Wissenschaftlicher Referent,291.0,Ulm,Landesliste,herremmerich.bsky.social,34
Marcel Emmerich,2025-03-17,-6.2192263193947905,1,42,1991-05-12,männlich,Grünen,Wissenschaftlicher Referent,291.0,Ulm,Landesliste,herremmerich.bsky.social,34
Marcel Emmerich,2025-03-31,-5.435631816597386,2,44,1991-05-12,männlich,Grünen,Wissenschaftlicher Referent,291.0,Ulm,Landesliste,herremmerich.bsky.social,34
Marcel Emmerich,2025-04-07,-5.743427076887186,1,45,1991-05-12,männlich,Grünen,Wissenschaftlicher Referent,291.0,Ulm,Landesliste,herremmerich.bsky.social,34
Marcel Emmerich,2025-04-14,-2.59774004200943,1,46,1991-05-12,männlich,Grünen,Wissenschaftlicher Referent,291.0,Ulm,Landesliste,herremmerich.bsky.social,34
Marcel Emmerich,2025-04-28,-1.0339288521608152,2,48,1991-05-12,männlich,Grünen,Wissenschaftlicher Referent,291.0,Ulm,Landesliste,herremmerich.bsky.social,34
Marcel Emmerich,2025-05-05,-4.705029282033342,13,49,1991-05-12,männlich,Grünen,Wissenschaftlicher Referent,291.0,Ulm,Landesliste,herremmerich.bsky.social,34
Marcel Emmerich,2025-05-12,-4.155604105339569,4,50,1991-05-12,männlich,Grünen,Wissenschaftlicher Referent,291.0,Ulm,Landesliste,herremmerich.bsky.social,34
Marcel Emmerich,2025-05-19,-4.641734236008131,4,51,1991-05-12,männlich,Grünen,Wissenschaftlicher Referent,291.0,Ulm,Landesliste,herremmerich.bsky.social,34
Marcel Emmerich,2025-05-26,-6.336341498332644,1,52,1991-05-12,männlich,Grünen,Wissenschaftlicher Referent,291.0,Ulm,Landesliste,herremmerich.bsky.social,34
Marcel Emmerich,2025-06-02,-4.846137529257101,4,53,1991-05-12,männlich,Grünen,Wissenschaftlicher Referent,291.0,Ulm,Landesliste,herremmerich.bsky.social,34
Marcel Emmerich,2025-06-09,-2.8895878970443283,2,54,1991-05-12,männlich,Grünen,Wissenschaftlicher Referent,291.0,Ulm,Landesliste,herremmerich.bsky.social,34
Marcel Emmerich,2025-06-16,-3.0039001595420607,2,55,1991-05-12,männlich,Grünen,Wissenschaftlicher Referent,291.0,Ulm,Landesliste,herremmerich.bsky.social,34
Marcel Emmerich,2025-06-23,-2.288251003654339,2,56,1991-05-12,männlich,Grünen,Wissenschaftlicher Referent,291.0,Ulm,Landesliste,herremmerich.bsky.social,34
Marcel Emmerich,2025-06-30,1.2687005202114687,1,57,1991-05-12,männlich,Grünen,Wissenschaftlicher Referent,291.0,Ulm,Landesliste,herremmerich.bsky.social,34
Marcel Emmerich,2025-07-07,-5.194995882415026,3,58,1991-05-12,männlich,Grünen,Wissenschaftlicher Referent,291.0,Ulm,Landesliste,herremmerich.bsky.social,34
Marcel Emmerich,2025-07-14,-6.166120809675666,1,59,1991-05-12,männlich,Grünen,Wissenschaftlicher Referent,291.0,Ulm,Landesliste,herremmerich.bsky.social,34
Marcel Emmerich,2025-07-21,-5.648721274603819,1,60,1991-05-12,männlich,Grünen,Wissenschaftlicher Referent,291.0,Ulm,Landesliste,herremmerich.bsky.social,34
Maren Kaminski,2025-05-12,1.296582508846109,2,50,1979-02-15,weiblich,Die LINKE,Gewerkschaftssekretärin,42.0,Stadt Hannover II,Landesliste,marenkaminski.dielinkebt.de,46
Maren Kaminski,2025-05-19,-3.645914406672475,4,51,1979-02-15,weiblich,Die LINKE,Gewerkschaftssekretärin,42.0,Stadt Hannover II,Landesliste,marenkaminski.dielinkebt.de,46
Maren Kaminski,2025-05-26,-1.6981276307982982,2,52,1979-02-15,weiblich,Die LINKE,Gewerkschaftssekretärin,42.0,Stadt Hannover II,Landesliste,marenkaminski.dielinkebt.de,46
Markus Kurth,2024-06-03,-4.71831446857724,2,1,1966-04-14,männlich,Grünen,Dipl. Politologe,142.0,Dortmund I,Landesliste,markus-kurth.de,58
Markus Kurth,2024-06-17,-0.5424793087458095,5,3,1966-04-14,männlich,Grünen,Dipl. Politologe,142.0,Dortmund I,Landesliste,markus-kurth.de,58
Markus Kurth,2024-09-02,-4.615692258239208,3,14,1966-04-14,männlich,Grünen,Dipl. Politologe,142.0,Dortmund I,Landesliste,markus-kurth.de,58
Markus Kurth,2024-09-09,-2.52090421692951,3,15,1966-04-14,männlich,Grünen,Dipl. Politologe,142.0,Dortmund I,Landesliste,markus-kurth.de,58
Markus Kurth,2024-10-14,-2.303784441685461,6,20,1966-04-14,männlich,Grünen,Dipl. Politologe,142.0,Dortmund I,Landesliste,markus-kurth.de,58
Markus Kurth,2024-11-25,-1.1581173891191445,5,26,1966-04-14,männlich,Grünen,Dipl. Politologe,142.0,Dortmund I,Landesliste,markus-kurth.de,58
Markus Kurth,2024-12-02,-1.1817057374111992,1,27,1966-04-14,männlich,Grünen,Dipl. Politologe,142.0,Dortmund I,Landesliste,markus-kurth.de,58
Markus Kurth,2025-01-27,-0.09172205163006897,2,35,1966-04-14,männlich,Grünen,Dipl. Politologe,142.0,Dortmund I,Landesliste,markus-kurth.de,59
Markus Kurth,2025-02-17,-4.1032786551475775,3,38,1966-04-14,männlich,Grünen,Dipl. Politologe,142.0,Dortmund I,Landesliste,markus-kurth.de,59
Marlene Schönberger,2025-04-28,-3.1306919557692297,3,48,1990-12-06,weiblich,Grünen,Politikwissenschaftlerin (M. A.),229.0,Rottal-Inn,Landesliste,marleneschonberger.bsky.social,35
Marlene Schönberger,2025-05-05,-2.2546672891699377,5,49,1990-12-06,weiblich,Grünen,Politikwissenschaftlerin (M. A.),229.0,Rottal-Inn,Landesliste,marleneschonberger.bsky.social,35
Marlene Schönberger,2025-05-12,-4.225322863943079,2,50,1990-12-06,weiblich,Grünen,Politikwissenschaftlerin (M. A.),229.0,Rottal-Inn,Landesliste,marleneschonberger.bsky.social,35
Martina Renner,2024-11-11,-2.6913906240604257,21,24,1967-03-11,weiblich,Die LINKE,"Autorin, Wissenschaftliche Mitarbeiterin",190.0,Eisenach - Wartburgkreis - Unstrut-Hainich-Kreis,Landesliste,martinarenner.bsky.social,57
Martina Renner,2024-11-18,-1.8855245755497059,12,25,1967-03-11,weiblich,Die LINKE,"Autorin, Wissenschaftliche Mitarbeiterin",190.0,Eisenach - Wartburgkreis - Unstrut-Hainich-Kreis,Landesliste,martinarenner.bsky.social,57
Martina Renner,2024-11-25,-1.4545780660538288,10,26,1967-03-11,weiblich,Die LINKE,"Autorin, Wissenschaftliche Mitarbeiterin",190.0,Eisenach - Wartburgkreis - Unstrut-Hainich-Kreis,Landesliste,martinarenner.bsky.social,57
Martina Renner,2024-12-02,-2.2081636122024446,13,27,1967-03-11,weiblich,Die LINKE,"Autorin, Wissenschaftliche Mitarbeiterin",190.0,Eisenach - Wartburgkreis - Unstrut-Hainich-Kreis,Landesliste,martinarenner.bsky.social,57
Martina Renner,2024-12-09,-1.531948252874541,5,28,1967-03-11,weiblich,Die LINKE,"Autorin, Wissenschaftliche Mitarbeiterin",190.0,Eisenach - Wartburgkreis - Unstrut-Hainich-Kreis,Landesliste,martinarenner.bsky.social,57
Martina Renner,2024-12-16,-2.6726108594815643,17,29,1967-03-11,weiblich,Die LINKE,"Autorin, Wissenschaftliche Mitarbeiterin",190.0,Eisenach - Wartburgkreis - Unstrut-Hainich-Kreis,Landesliste,martinarenner.bsky.social,57
Martina Renner,2024-12-23,-1.7438626030835207,13,30,1967-03-11,weiblich,Die LINKE,"Autorin, Wissenschaftliche Mitarbeiterin",190.0,Eisenach - Wartburgkreis - Unstrut-Hainich-Kreis,Landesliste,martinarenner.bsky.social,57
Martina Renner,2024-12-30,-2.723829830691621,13,31,1967-03-11,weiblich,Die LINKE,"Autorin, Wissenschaftliche Mitarbeiterin",190.0,Eisenach - Wartburgkreis - Unstrut-Hainich-Kreis,Landesliste,martinarenner.bsky.social,57
Martina Renner,2025-01-06,-1.486574441333718,13,32,1967-03-11,weiblich,Die LINKE,"Autorin, Wissenschaftliche Mitarbeiterin",190.0,Eisenach - Wartburgkreis - Unstrut-Hainich-Kreis,Landesliste,martinarenner.bsky.social,58
Martina Renner,2025-01-13,-1.7896027706494668,13,33,1967-03-11,weiblich,Die LINKE,"Autorin, Wissenschaftliche Mitarbeiterin",190.0,Eisenach - Wartburgkreis - Unstrut-Hainich-Kreis,Landesliste,martinarenner.bsky.social,58
Martina Renner,2025-01-20,-2.5887922271133306,36,34,1967-03-11,weiblich,Die LINKE,"Autorin, Wissenschaftliche Mitarbeiterin",190.0,Eisenach - Wartburgkreis - Unstrut-Hainich-Kreis,Landesliste,martinarenner.bsky.social,58
Martina Renner,2025-01-27,-2.2298190296804083,58,35,1967-03-11,weiblich,Die LINKE,"Autorin, Wissenschaftliche Mitarbeiterin",190.0,Eisenach - Wartburgkreis - Unstrut-Hainich-Kreis,Landesliste,martinarenner.bsky.social,58
Martina Renner,2025-02-03,-1.0320355121043479,11,36,1967-03-11,weiblich,Die LINKE,"Autorin, Wissenschaftliche Mitarbeiterin",190.0,Eisenach - Wartburgkreis - Unstrut-Hainich-Kreis,Landesliste,martinarenner.bsky.social,58
Martina Renner,2025-02-10,-3.1101882782113477,11,37,1967-03-11,weiblich,Die LINKE,"Autorin, Wissenschaftliche Mitarbeiterin",190.0,Eisenach - Wartburgkreis - Unstrut-Hainich-Kreis,Landesliste,martinarenner.bsky.social,58
Martina Renner,2025-02-17,-2.1662172939618936,19,38,1967-03-11,weiblich,Die LINKE,"Autorin, Wissenschaftliche Mitarbeiterin",190.0,Eisenach - Wartburgkreis - Unstrut-Hainich-Kreis,Landesliste,martinarenner.bsky.social,58
Martina Renner,2025-02-24,-2.284593963340895,16,39,1967-03-11,weiblich,Die LINKE,"Autorin, Wissenschaftliche Mitarbeiterin",190.0,Eisenach - Wartburgkreis - Unstrut-Hainich-Kreis,Landesliste,martinarenner.bsky.social,58
Martina Renner,2025-03-03,-1.2378952372400054,9,40,1967-03-11,weiblich,Die LINKE,"Autorin, Wissenschaftliche Mitarbeiterin",190.0,Eisenach - Wartburgkreis - Unstrut-Hainich-Kreis,Landesliste,martinarenner.bsky.social,58
Martina Renner,2025-03-10,-0.15437476741542583,1,41,1967-03-11,weiblich,Die LINKE,"Autorin, Wissenschaftliche Mitarbeiterin",190.0,Eisenach - Wartburgkreis - Unstrut-Hainich-Kreis,Landesliste,martinarenner.bsky.social,58
Martina Renner,2025-03-17,-1.078245376918519,13,42,1967-03-11,weiblich,Die LINKE,"Autorin, Wissenschaftliche Mitarbeiterin",190.0,Eisenach - Wartburgkreis - Unstrut-Hainich-Kreis,Landesliste,martinarenner.bsky.social,58
Matthias Gastel,2024-05-27,1.0068592196300248,5,0,1970-12-26,männlich,Grünen,,262.0,Nürtingen,Landesliste,matthias-gastel.de,54
Matthias Gastel,2024-06-03,-0.5932110480061128,5,1,1970-12-26,männlich,Grünen,,262.0,Nürtingen,Landesliste,matthias-gastel.de,54
Matthias Gastel,2024-06-10,-2.588247401180561,6,2,1970-12-26,männlich,Grünen,,262.0,Nürtingen,Landesliste,matthias-gastel.de,54
Matthias Gastel,2024-06-17,-0.6841504417524933,5,3,1970-12-26,männlich,Grünen,,262.0,Nürtingen,Landesliste,matthias-gastel.de,54
Matthias Gastel,2024-06-24,-3.0010213669774983,8,4,1970-12-26,männlich,Grünen,,262.0,Nürtingen,Landesliste,matthias-gastel.de,54
Matthias Gastel,2024-07-01,-1.2878451675784903,5,5,1970-12-26,männlich,Grünen,,262.0,Nürtingen,Landesliste,matthias-gastel.de,54
Matthias Gastel,2024-07-08,-0.9430578111031725,6,6,1970-12-26,männlich,Grünen,,262.0,Nürtingen,Landesliste,matthias-gastel.de,54
Matthias Gastel,2024-07-15,-0.8507779710396876,4,7,1970-12-26,männlich,Grünen,,262.0,Nürtingen,Landesliste,matthias-gastel.de,54
Matthias Gastel,2024-07-22,-2.0737664446396247,4,8,1970-12-26,männlich,Grünen,,262.0,Nürtingen,Landesliste,matthias-gastel.de,54
Matthias Gastel,2024-07-29,-0.8020000770558942,11,9,1970-12-26,männlich,Grünen,,262.0,Nürtingen,Landesliste,matthias-gastel.de,54
Matthias Gastel,2024-08-05,-2.7368136988771545,6,10,1970-12-26,männlich,Grünen,,262.0,Nürtingen,Landesliste,matthias-gastel.de,54
Matthias Gastel,2024-08-12,-0.48307014158750117,8,11,1970-12-26,männlich,Grünen,,262.0,Nürtingen,Landesliste,matthias-gastel.de,54
Matthias Gastel,2024-08-19,-0.8896966143874594,8,12,1970-12-26,männlich,Grünen,,262.0,Nürtingen,Landesliste,matthias-gastel.de,54
Matthias Gastel,2024-08-26,-1.3005483441475125,9,13,1970-12-26,männlich,Grünen,,262.0,Nürtingen,Landesliste,matthias-gastel.de,54
Matthias Gastel,2024-09-02,-1.2822310004010147,8,14,1970-12-26,männlich,Grünen,,262.0,Nürtingen,Landesliste,matthias-gastel.de,54
Matthias Gastel,2024-09-09,0.039954465788596225,7,15,1970-12-26,männlich,Grünen,,262.0,Nürtingen,Landesliste,matthias-gastel.de,54
Matthias Gastel,2024-09-16,0.06768400424345174,9,16,1970-12-26,männlich,Grünen,,262.0,Nürtingen,Landesliste,matthias-gastel.de,54
Matthias Gastel,2024-09-23,-0.8363234503515522,11,17,1970-12-26,männlich,Grünen,,262.0,Nürtingen,Landesliste,matthias-gastel.de,54
Matthias Gastel,2024-09-30,-0.6236067679592433,13,18,1970-12-26,männlich,Grünen,,262.0,Nürtingen,Landesliste,matthias-gastel.de,54
Matthias Gastel,2024-10-07,-2.1751429774295,9,19,1970-12-26,männlich,Grünen,,262.0,Nürtingen,Landesliste,matthias-gastel.de,54
Matthias Gastel,2024-10-14,-0.9285280978661119,8,20,1970-12-26,männlich,Grünen,,262.0,Nürtingen,Landesliste,matthias-gastel.de,54
Matthias Gastel,2024-10-21,-2.6134819472550452,7,21,1970-12-26,männlich,Grünen,,262.0,Nürtingen,Landesliste,matthias-gastel.de,54
Matthias Gastel,2024-10-28,-0.577487018545526,9,22,1970-12-26,männlich,Grünen,,262.0,Nürtingen,Landesliste,matthias-gastel.de,54
Matthias Gastel,2024-11-04,-1.3542332814912958,12,23,1970-12-26,männlich,Grünen,,262.0,Nürtingen,Landesliste,matthias-gastel.de,54
Matthias Gastel,2024-11-11,0.6639325306877732,11,24,1970-12-26,männlich,Grünen,,262.0,Nürtingen,Landesliste,matthias-gastel.de,54
Matthias Gastel,2024-11-18,0.6308358106711156,9,25,1970-12-26,männlich,Grünen,,262.0,Nürtingen,Landesliste,matthias-gastel.de,54
Matthias Gastel,2024-11-25,-0.7471183607865004,18,26,1970-12-26,männlich,Grünen,,262.0,Nürtingen,Landesliste,matthias-gastel.de,54
Matthias Gastel,2024-12-02,-0.2600837620089428,16,27,1970-12-26,männlich,Grünen,,262.0,Nürtingen,Landesliste,matthias-gastel.de,54
Matthias Gastel,2024-12-09,0.17608249504582732,9,28,1970-12-26,männlich,Grünen,,262.0,Nürtingen,Landesliste,matthias-gastel.de,54
Matthias Gastel,2024-12-16,0.19360465017898557,9,29,1970-12-26,männlich,Grünen,,262.0,Nürtingen,Landesliste,matthias-gastel.de,54
Matthias Gastel,2024-12-23,0.01875495939372428,11,30,1970-12-26,männlich,Grünen,,262.0,Nürtingen,Landesliste,matthias-gastel.de,54
Matthias Gastel,2024-12-30,-0.16203095493830164,16,31,1970-12-26,männlich,Grünen,,262.0,Nürtingen,Landesliste,matthias-gastel.de,54
Matthias Gastel,2025-01-06,-1.1625562456214564,8,32,1970-12-26,männlich,Grünen,,262.0,Nürtingen,Landesliste,matthias-gastel.de,55
Matthias Gastel,2025-01-13,-0.17267955926480857,12,33,1970-12-26,männlich,Grünen,,262.0,Nürtingen,Landesliste,matthias-gastel.de,55
Matthias Gastel,2025-01-20,0.4694369488155821,6,34,1970-12-26,männlich,Grünen,,262.0,Nürtingen,Landesliste,matthias-gastel.de,55
Matthias Gastel,2025-01-27,-0.8212679982871288,16,35,1970-12-26,männlich,Grünen,,262.0,Nürtingen,Landesliste,matthias-gastel.de,55
Matthias Gastel,2025-02-03,0.5528716851638213,8,36,1970-12-26,männlich,Grünen,,262.0,Nürtingen,Landesliste,matthias-gastel.de,55
Matthias Gastel,2025-02-10,-0.7863042913825199,16,37,1970-12-26,männlich,Grünen,,262.0,Nürtingen,Landesliste,matthias-gastel.de,55
Matthias Gastel,2025-02-17,-0.06653380291246824,17,38,1970-12-26,männlich,Grünen,,262.0,Nürtingen,Landesliste,matthias-gastel.de,55
Matthias Gastel,2025-02-24,0.8522862504402484,5,39,1970-12-26,männlich,Grünen,,262.0,Nürtingen,Landesliste,matthias-gastel.de,55
Matthias Gastel,2025-03-03,-1.8976529872798908,15,40,1970-12-26,männlich,Grünen,,262.0,Nürtingen,Landesliste,matthias-gastel.de,55
Matthias Gastel,2025-03-10,-1.9950442565861117,12,41,1970-12-26,männlich,Grünen,,262.0,Nürtingen,Landesliste,matthias-gastel.de,55
Matthias Gastel,2025-03-17,-0.5661235259202485,13,42,1970-12-26,männlich,Grünen,,262.0,Nürtingen,Landesliste,matthias-gastel.de,55
Matthias Gastel,2025-03-24,-2.133660133454497,16,43,1970-12-26,männlich,Grünen,,262.0,Nürtingen,Landesliste,matthias-gastel.de,55
Matthias Gastel,2025-03-31,-2.4640221562223004,12,44,1970-12-26,männlich,Grünen,,262.0,Nürtingen,Landesliste,matthias-gastel.de,55
Matthias Gastel,2025-04-07,-2.5346313964964002,19,45,1970-12-26,männlich,Grünen,,262.0,Nürtingen,Landesliste,matthias-gastel.de,55
Matthias Gastel,2025-04-14,-1.4328332474786285,21,46,1970-12-26,männlich,Grünen,,262.0,Nürtingen,Landesliste,matthias-gastel.de,55
Matthias Gastel,2025-04-21,-1.3101991539265316,13,47,1970-12-26,männlich,Grünen,,262.0,Nürtingen,Landesliste,matthias-gastel.de,55
Matthias Gastel,2025-04-28,-0.6812176444873161,20,48,1970-12-26,männlich,Grünen,,262.0,Nürtingen,Landesliste,matthias-gastel.de,55
Matthias Gastel,2025-05-05,-1.0158233800958023,12,49,1970-12-26,männlich,Grünen,,262.0,Nürtingen,Landesliste,matthias-gastel.de,55
Matthias Gastel,2025-05-12,-1.882179457251436,16,50,1970-12-26,männlich,Grünen,,262.0,Nürtingen,Landesliste,matthias-gastel.de,55
Matthias Gastel,2025-05-19,-1.7237686926886895,17,51,1970-12-26,männlich,Grünen,,262.0,Nürtingen,Landesliste,matthias-gastel.de,55
Matthias Gastel,2025-05-26,-0.8383494535999376,18,52,1970-12-26,männlich,Grünen,,262.0,Nürtingen,Landesliste,matthias-gastel.de,55
Matthias Gastel,2025-06-02,-0.73268091121189,15,53,1970-12-26,männlich,Grünen,,262.0,Nürtingen,Landesliste,matthias-gastel.de,55
Matthias Gastel,2025-06-09,-1.2069701273490785,20,54,1970-12-26,männlich,Grünen,,262.0,Nürtingen,Landesliste,matthias-gastel.de,55
Matthias Gastel,2025-06-16,-0.45998776598666735,16,55,1970-12-26,männlich,Grünen,,262.0,Nürtingen,Landesliste,matthias-gastel.de,55
Matthias Gastel,2025-06-23,-1.3318028641803121,26,56,1970-12-26,männlich,Grünen,,262.0,Nürtingen,Landesliste,matthias-gastel.de,55
Matthias Gastel,2025-06-30,-3.0403861764642905,27,57,1970-12-26,männlich,Grünen,,262.0,Nürtingen,Landesliste,matthias-gastel.de,55
Matthias Gastel,2025-07-07,-2.7207647800489956,19,58,1970-12-26,männlich,Grünen,,262.0,Nürtingen,Landesliste,matthias-gastel.de,55
Matthias Gastel,2025-07-14,-2.535647028483882,25,59,1970-12-26,männlich,Grünen,,262.0,Nürtingen,Landesliste,matthias-gastel.de,55
Matthias Gastel,2025-07-21,-1.2613948012666192,12,60,1970-12-26,männlich,Grünen,,262.0,Nürtingen,Landesliste,matthias-gastel.de,55
Matthias Gastel,2025-07-28,-0.5923639039678844,9,61,1970-12-26,männlich,Grünen,,262.0,Nürtingen,Landesliste,matthias-gastel.de,55
Merle Spellerberg,2025-01-06,3.6075878535380053,1,32,1996-11-13,weiblich,Grünen,Studentin,160.0,Dresden II - Bautzen II,Landesliste,merlespellerberg.bsky.social,29
Merle Spellerberg,2025-02-10,2.4680000145260417,4,37,1996-11-13,weiblich,Grünen,Studentin,160.0,Dresden II - Bautzen II,Landesliste,merlespellerberg.bsky.social,29
Merle Spellerberg,2025-03-03,5.481326067944157,1,40,1996-11-13,weiblich,Grünen,Studentin,160.0,Dresden II - Bautzen II,Landesliste,merlespellerberg.bsky.social,29
Metin Hakverdi,2024-08-26,5.435498546255573,1,13,1969-06-25,männlich,SPD,Volljurist,23.0,Hamburg-Bergedorf - Harburg,Direktwahl,metinhakverdi.bsky.social,55
Metin Hakverdi,2024-11-04,-5.609750652948828,1,23,1969-06-25,männlich,SPD,Volljurist,23.0,Hamburg-Bergedorf - Harburg,Direktwahl,metinhakverdi.bsky.social,55
Metin Hakverdi,2024-12-23,-2.279612716805461,1,30,1969-06-25,männlich,SPD,Volljurist,23.0,Hamburg-Bergedorf - Harburg,Direktwahl,metinhakverdi.bsky.social,55
Metin Hakverdi,2025-01-27,-4.224488117995378,3,35,1969-06-25,männlich,SPD,Volljurist,23.0,Hamburg-Bergedorf - Harburg,Direktwahl,metinhakverdi.bsky.social,56
Metin Hakverdi,2025-02-24,5.128695219365343,1,39,1969-06-25,männlich,SPD,Volljurist,23.0,Hamburg-Bergedorf - Harburg,Direktwahl,metinhakverdi.bsky.social,56
Metin Hakverdi,2025-05-12,1.3033892923452688,1,50,1969-06-25,männlich,SPD,Volljurist,23.0,Hamburg-Bergedorf – Harburg,Direktwahl,metinhakverdi.bsky.social,56
Metin Hakverdi,2025-05-26,-0.03603058266629724,1,52,1969-06-25,männlich,SPD,Volljurist,23.0,Hamburg-Bergedorf – Harburg,Direktwahl,metinhakverdi.bsky.social,56
Metin Hakverdi,2025-07-07,-1.0936900153584015,1,58,1969-06-25,männlich,SPD,Volljurist,23.0,Hamburg-Bergedorf – Harburg,Direktwahl,metinhakverdi.bsky.social,56
Metin Hakverdi,2025-07-28,-2.6176230095232347,5,61,1969-06-25,männlich,SPD,Volljurist,23.0,Hamburg-Bergedorf – Harburg,Direktwahl,metinhakverdi.bsky.social,56
Michael Kellner,2024-06-03,-0.04547952801777721,15,1,1977-05-08,männlich,Grünen,Politiker,57.0,Uckermark - Barnim I,Landesliste,mikellner.bsky.social,47
Michael Kellner,2024-06-10,0.3964094108600821,4,2,1977-05-08,männlich,Grünen,Politiker,57.0,Uckermark - Barnim I,Landesliste,mikellner.bsky.social,47
Michael Kellner,2024-06-17,-3.8003537753269687,4,3,1977-05-08,männlich,Grünen,Politiker,57.0,Uckermark - Barnim I,Landesliste,mikellner.bsky.social,47
Michael Kellner,2024-06-24,1.301817917280503,8,4,1977-05-08,männlich,Grünen,Politiker,57.0,Uckermark - Barnim I,Landesliste,mikellner.bsky.social,47
Michael Kellner,2024-07-01,1.728344910313048,6,5,1977-05-08,männlich,Grünen,Politiker,57.0,Uckermark - Barnim I,Landesliste,mikellner.bsky.social,47
Michael Kellner,2024-07-08,0.9172664175982383,9,6,1977-05-08,männlich,Grünen,Politiker,57.0,Uckermark - Barnim I,Landesliste,mikellner.bsky.social,47
Michael Kellner,2024-07-15,2.110469606410192,3,7,1977-05-08,männlich,Grünen,Politiker,57.0,Uckermark - Barnim I,Landesliste,mikellner.bsky.social,47
Michael Kellner,2024-07-22,-4.744209741676171,1,8,1977-05-08,männlich,Grünen,Politiker,57.0,Uckermark - Barnim I,Landesliste,mikellner.bsky.social,47
Michael Kellner,2024-08-05,0.5958447436763633,1,10,1977-05-08,männlich,Grünen,Politiker,57.0,Uckermark - Barnim I,Landesliste,mikellner.bsky.social,47
Michael Kellner,2024-08-12,-0.5805620783226122,6,11,1977-05-08,männlich,Grünen,Politiker,57.0,Uckermark - Barnim I,Landesliste,mikellner.bsky.social,47
Michael Kellner,2024-08-19,2.347679653626119,4,12,1977-05-08,männlich,Grünen,Politiker,57.0,Uckermark - Barnim I,Landesliste,mikellner.bsky.social,47
Michael Kellner,2024-08-26,0.8751097405145286,3,13,1977-05-08,männlich,Grünen,Politiker,57.0,Uckermark - Barnim I,Landesliste,mikellner.bsky.social,47
Michael Kellner,2024-09-02,-1.0198860170025434,5,14,1977-05-08,männlich,Grünen,Politiker,57.0,Uckermark - Barnim I,Landesliste,mikellner.bsky.social,47
Michael Kellner,2024-09-09,-1.509723592017752,2,15,1977-05-08,männlich,Grünen,Politiker,57.0,Uckermark - Barnim I,Landesliste,mikellner.bsky.social,47
Michael Kellner,2024-09-16,-2.1388805674527744,5,16,1977-05-08,männlich,Grünen,Politiker,57.0,Uckermark - Barnim I,Landesliste,mikellner.bsky.social,47
Michael Kellner,2024-09-23,3.4010797722108084,3,17,1977-05-08,männlich,Grünen,Politiker,57.0,Uckermark - Barnim I,Landesliste,mikellner.bsky.social,47
Michael Kellner,2024-09-30,3.3766458536276307,1,18,1977-05-08,männlich,Grünen,Politiker,57.0,Uckermark - Barnim I,Landesliste,mikellner.bsky.social,47
Michael Kellner,2024-10-07,-1.754833693203921,4,19,1977-05-08,männlich,Grünen,Politiker,57.0,Uckermark - Barnim I,Landesliste,mikellner.bsky.social,47
Michael Kellner,2024-10-14,0.8022369000342247,8,20,1977-05-08,männlich,Grünen,Politiker,57.0,Uckermark - Barnim I,Landesliste,mikellner.bsky.social,47
Michael Kellner,2024-10-28,5.719017710834872,1,22,1977-05-08,männlich,Grünen,Politiker,57.0,Uckermark - Barnim I,Landesliste,mikellner.bsky.social,47
Michael Kellner,2024-11-04,-1.0293108836940654,5,23,1977-05-08,männlich,Grünen,Politiker,57.0,Uckermark - Barnim I,Landesliste,mikellner.bsky.social,47
Michael Kellner,2024-11-11,2.6963538436571066,8,24,1977-05-08,männlich,Grünen,Politiker,57.0,Uckermark - Barnim I,Landesliste,mikellner.bsky.social,47
Michael Kellner,2024-11-18,-3.057131791498799,8,25,1977-05-08,männlich,Grünen,Politiker,57.0,Uckermark - Barnim I,Landesliste,mikellner.bsky.social,47
Michael Kellner,2024-11-25,0.5401236239731455,6,26,1977-05-08,männlich,Grünen,Politiker,57.0,Uckermark - Barnim I,Landesliste,mikellner.bsky.social,47
Michael Kellner,2024-12-02,2.563345259664299,6,27,1977-05-08,männlich,Grünen,Politiker,57.0,Uckermark - Barnim I,Landesliste,mikellner.bsky.social,47
Michael Kellner,2024-12-09,-2.3567438250636084,9,28,1977-05-08,männlich,Grünen,Politiker,57.0,Uckermark - Barnim I,Landesliste,mikellner.bsky.social,47
Michael Kellner,2024-12-16,0.18911532921288032,8,29,1977-05-08,männlich,Grünen,Politiker,57.0,Uckermark - Barnim I,Landesliste,mikellner.bsky.social,47
Michael Kellner,2024-12-23,2.221264843571104,1,30,1977-05-08,männlich,Grünen,Politiker,57.0,Uckermark - Barnim I,Landesliste,mikellner.bsky.social,47
Michael Kellner,2024-12-30,-0.4171178857764557,3,31,1977-05-08,männlich,Grünen,Politiker,57.0,Uckermark - Barnim I,Landesliste,mikellner.bsky.social,47
Michael Kellner,2025-01-06,-0.8416975290808338,12,32,1977-05-08,männlich,Grünen,Politiker,57.0,Uckermark - Barnim I,Landesliste,mikellner.bsky.social,48
Michael Kellner,2025-01-13,-2.535201043267094,3,33,1977-05-08,männlich,Grünen,Politiker,57.0,Uckermark - Barnim I,Landesliste,mikellner.bsky.social,48
Michael Kellner,2025-01-20,0.12562325403806213,10,34,1977-05-08,männlich,Grünen,Politiker,57.0,Uckermark - Barnim I,Landesliste,mikellner.bsky.social,48
Michael Kellner,2025-01-27,-2.164921905517333,16,35,1977-05-08,männlich,Grünen,Politiker,57.0,Uckermark - Barnim I,Landesliste,mikellner.bsky.social,48
Michael Kellner,2025-02-03,-3.124717979071169,17,36,1977-05-08,männlich,Grünen,Politiker,57.0,Uckermark - Barnim I,Landesliste,mikellner.bsky.social,48
Michael Kellner,2025-02-10,0.709754976398475,4,37,1977-05-08,männlich,Grünen,Politiker,57.0,Uckermark - Barnim I,Landesliste,mikellner.bsky.social,48
Michael Kellner,2025-02-17,0.8103437785034087,5,38,1977-05-08,männlich,Grünen,Politiker,57.0,Uckermark - Barnim I,Landesliste,mikellner.bsky.social,48
Michael Kellner,2025-02-24,1.1123233947879716,4,39,1977-05-08,männlich,Grünen,Politiker,57.0,Uckermark - Barnim I,Landesliste,mikellner.bsky.social,48
Michael Kellner,2025-03-03,-4.221396320795571,8,40,1977-05-08,männlich,Grünen,Politiker,57.0,Uckermark - Barnim I,Landesliste,mikellner.bsky.social,48
Michael Kellner,2025-03-10,-0.635074984643426,5,41,1977-05-08,männlich,Grünen,Politiker,57.0,Uckermark - Barnim I,Landesliste,mikellner.bsky.social,48
Michael Kellner,2025-03-17,-2.4346821073438414,7,42,1977-05-08,männlich,Grünen,Politiker,57.0,Uckermark - Barnim I,Landesliste,mikellner.bsky.social,48
Michael Kellner,2025-03-24,-2.3456103960823245,7,43,1977-05-08,männlich,Grünen,Politiker,57.0,Uckermark – Barnim I,Landesliste,mikellner.bsky.social,48
Michael Kellner,2025-03-31,-2.904971786603448,5,44,1977-05-08,männlich,Grünen,Politiker,57.0,Uckermark – Barnim I,Landesliste,mikellner.bsky.social,48
Michael Kellner,2025-04-07,-1.6473730334071823,15,45,1977-05-08,männlich,Grünen,Politiker,57.0,Uckermark – Barnim I,Landesliste,mikellner.bsky.social,48
Michael Kellner,2025-04-14,-0.506557868595473,8,46,1977-05-08,männlich,Grünen,Politiker,57.0,Uckermark – Barnim I,Landesliste,mikellner.bsky.social,48
Michael Kellner,2025-04-21,-1.5363946245738356,6,47,1977-05-08,männlich,Grünen,Politiker,57.0,Uckermark – Barnim I,Landesliste,mikellner.bsky.social,48
Michael Kellner,2025-04-28,-0.8881353253768511,8,48,1977-05-08,männlich,Grünen,Politiker,57.0,Uckermark – Barnim I,Landesliste,mikellner.bsky.social,48
Michael Kellner,2025-05-05,-1.546590644359128,15,49,1977-05-08,männlich,Grünen,Politiker,57.0,Uckermark – Barnim I,Landesliste,mikellner.bsky.social,48
Michael Kellner,2025-05-12,-1.1160909618310737,13,50,1977-05-08,männlich,Grünen,Politiker,57.0,Uckermark – Barnim I,Landesliste,mikellner.bsky.social,48
Michael Kellner,2025-05-19,-4.746599121011317,5,51,1977-05-08,männlich,Grünen,Politiker,57.0,Uckermark – Barnim I,Landesliste,mikellner.bsky.social,48
Michael Kellner,2025-05-26,-1.4474746634433016,6,52,1977-05-08,männlich,Grünen,Politiker,57.0,Uckermark – Barnim I,Landesliste,mikellner.bsky.social,48
Michael Kellner,2025-06-02,-0.18039055720717348,7,53,1977-05-08,männlich,Grünen,Politiker,57.0,Uckermark – Barnim I,Landesliste,mikellner.bsky.social,48
Michael Kellner,2025-06-09,1.5244435573906296,4,54,1977-05-08,männlich,Grünen,Politiker,57.0,Uckermark – Barnim I,Landesliste,mikellner.bsky.social,48
Michael Kellner,2025-06-16,-2.690912475808138,11,55,1977-05-08,männlich,Grünen,Politiker,57.0,Uckermark – Barnim I,Landesliste,mikellner.bsky.social,48
Michael Kellner,2025-06-23,-0.8195260582009318,10,56,1977-05-08,männlich,Grünen,Politiker,57.0,Uckermark – Barnim I,Landesliste,mikellner.bsky.social,48
Michael Kellner,2025-06-30,-0.9715447436716286,5,57,1977-05-08,männlich,Grünen,Politiker,57.0,Uckermark – Barnim I,Landesliste,mikellner.bsky.social,48
Michael Kellner,2025-07-07,-3.997453619573684,7,58,1977-05-08,männlich,Grünen,Politiker,57.0,Uckermark – Barnim I,Landesliste,mikellner.bsky.social,48
Michael Kellner,2025-07-14,0.5768644600229044,4,59,1977-05-08,männlich,Grünen,Politiker,57.0,Uckermark – Barnim I,Landesliste,mikellner.bsky.social,48
Michael Kellner,2025-07-21,0.09154154334987614,9,60,1977-05-08,männlich,Grünen,Politiker,57.0,Uckermark – Barnim I,Landesliste,mikellner.bsky.social,48
Michael Kellner,2025-07-28,-4.9262732212520515,2,61,1977-05-08,männlich,Grünen,Politiker,57.0,Uckermark – Barnim I,Landesliste,mikellner.bsky.social,48
Michael Sacher,2025-01-06,-0.3271897758422134,1,32,1964-09-01,männlich,Grünen,Buchhändler,144.0,Unna I,Landesliste,michaelsacher.bsky.social,61
Michael Sacher,2025-01-13,0.09644938965606964,4,33,1964-09-01,männlich,Grünen,Buchhändler,144.0,Unna I,Landesliste,michaelsacher.bsky.social,61
Michael Sacher,2025-01-20,-5.628842756309873,1,34,1964-09-01,männlich,Grünen,Buchhändler,144.0,Unna I,Landesliste,michaelsacher.bsky.social,61
Michael Sacher,2025-01-27,-1.2719677491899322,6,35,1964-09-01,männlich,Grünen,Buchhändler,144.0,Unna I,Landesliste,michaelsacher.bsky.social,61
Michael Sacher,2025-02-03,-2.508097156550569,10,36,1964-09-01,männlich,Grünen,Buchhändler,144.0,Unna I,Landesliste,michaelsacher.bsky.social,61
Michael Sacher,2025-02-10,5.12716502999201,1,37,1964-09-01,männlich,Grünen,Buchhändler,144.0,Unna I,Landesliste,michaelsacher.bsky.social,61
Michael Sacher,2025-02-24,-4.099682807056412,2,39,1964-09-01,männlich,Grünen,Buchhändler,144.0,Unna I,Landesliste,michaelsacher.bsky.social,61
Misbah Khan,2024-11-11,-3.7699891889321013,1,24,1989-12-04,weiblich,Grünen,,,,Landesliste,misbahkhan.bsky.social,35
Misbah Khan,2024-11-18,-4.170453736906456,1,25,1989-12-04,weiblich,Grünen,,,,Landesliste,misbahkhan.bsky.social,35
Misbah Khan,2024-11-25,-1.7887556158408562,18,26,1989-12-04,weiblich,Grünen,,,,Landesliste,misbahkhan.bsky.social,35
Misbah Khan,2024-12-02,-3.462601565962898,1,27,1989-12-04,weiblich,Grünen,,,,Landesliste,misbahkhan.bsky.social,35
Misbah Khan,2024-12-09,-0.8353314976354211,7,28,1989-12-04,weiblich,Grünen,,,,Landesliste,misbahkhan.bsky.social,35
Misbah Khan,2024-12-16,-3.2922348876245464,4,29,1989-12-04,weiblich,Grünen,,,,Landesliste,misbahkhan.bsky.social,35
Misbah Khan,2024-12-23,0.03810973298720939,1,30,1989-12-04,weiblich,Grünen,,,,Landesliste,misbahkhan.bsky.social,35
Misbah Khan,2025-01-06,-1.564774056489536,1,32,1989-12-04,weiblich,Grünen,,,,Landesliste,misbahkhan.bsky.social,36
Misbah Khan,2025-01-13,-6.30557167220737,1,33,1989-12-04,weiblich,Grünen,,,,Landesliste,misbahkhan.bsky.social,36
Misbah Khan,2025-01-27,-1.5346133411323384,2,35,1989-12-04,weiblich,Grünen,,,,Landesliste,misbahkhan.bsky.social,36
Misbah Khan,2025-02-03,-4.708479117896976,1,36,1989-12-04,weiblich,Grünen,,,,Landesliste,misbahkhan.bsky.social,36
Misbah Khan,2025-02-24,2.056084525476017,3,39,1989-12-04,weiblich,Grünen,,,,Landesliste,misbahkhan.bsky.social,36
Misbah Khan,2025-03-10,-5.285726060224262,3,41,1989-12-04,weiblich,Grünen,,,,Landesliste,misbahkhan.bsky.social,36
Misbah Khan,2025-04-07,-4.896917532245036,4,45,1989-12-04,weiblich,Grünen,,207.0,Neustadt – Speyer,Landesliste,misbahkhan.bsky.social,36
Misbah Khan,2025-04-28,-4.515382347030257,1,48,1989-12-04,weiblich,Grünen,,207.0,Neustadt – Speyer,Landesliste,misbahkhan.bsky.social,36
Misbah Khan,2025-05-05,-6.440653844486288,1,49,1989-12-04,weiblich,Grünen,,207.0,Neustadt – Speyer,Landesliste,misbahkhan.bsky.social,36
Misbah Khan,2025-05-19,-0.6518218851177368,3,51,1989-12-04,weiblich,Grünen,,207.0,Neustadt – Speyer,Landesliste,misbahkhan.bsky.social,36
Misbah Khan,2025-05-26,-6.038197750151823,1,52,1989-12-04,weiblich,Grünen,,207.0,Neustadt – Speyer,Landesliste,misbahkhan.bsky.social,36
Misbah Khan,2025-06-02,-4.352019536019405,8,53,1989-12-04,weiblich,Grünen,,207.0,Neustadt – Speyer,Landesliste,misbahkhan.bsky.social,36
Misbah Khan,2025-06-09,-1.431888275101117,5,54,1989-12-04,weiblich,Grünen,,207.0,Neustadt – Speyer,Landesliste,misbahkhan.bsky.social,36
Misbah Khan,2025-06-16,-0.10788749676279119,2,55,1989-12-04,weiblich,Grünen,,207.0,Neustadt – Speyer,Landesliste,misbahkhan.bsky.social,36
Misbah Khan,2025-06-23,-5.097850888262592,2,56,1989-12-04,weiblich,Grünen,,207.0,Neustadt – Speyer,Landesliste,misbahkhan.bsky.social,36
Misbah Khan,2025-06-30,-3.4114953157682675,6,57,1989-12-04,weiblich,Grünen,,207.0,Neustadt – Speyer,Landesliste,misbahkhan.bsky.social,36
Misbah Khan,2025-07-07,-5.402531726169711,1,58,1989-12-04,weiblich,Grünen,,207.0,Neustadt – Speyer,Landesliste,misbahkhan.bsky.social,36
Misbah Khan,2025-07-14,-3.1866110311673235,3,59,1989-12-04,weiblich,Grünen,,207.0,Neustadt – Speyer,Landesliste,misbahkhan.bsky.social,36
Nicole Gohlke,2025-01-20,-1.0449263348446307,3,34,1975-11-15,weiblich,Die LINKE,Sozialwissenschaftlerin,220.0,München-West/Mitte,Landesliste,nicolegohlke.bsky.social,50
Nicole Gohlke,2025-01-27,-2.8275028074574,12,35,1975-11-15,weiblich,Die LINKE,Sozialwissenschaftlerin,220.0,München-West/Mitte,Landesliste,nicolegohlke.bsky.social,50
Nicole Gohlke,2025-02-03,-0.7087043897492752,7,36,1975-11-15,weiblich,Die LINKE,Sozialwissenschaftlerin,220.0,München-West/Mitte,Landesliste,nicolegohlke.bsky.social,50
Nicole Gohlke,2025-02-10,-2.9805555252256926,13,37,1975-11-15,weiblich,Die LINKE,Sozialwissenschaftlerin,220.0,München-West/Mitte,Landesliste,nicolegohlke.bsky.social,50
Nicole Gohlke,2025-02-17,-2.9385752569752697,7,38,1975-11-15,weiblich,Die LINKE,Sozialwissenschaftlerin,220.0,München-West/Mitte,Landesliste,nicolegohlke.bsky.social,50
Nicole Gohlke,2025-02-24,-1.8134112031669591,4,39,1975-11-15,weiblich,Die LINKE,Sozialwissenschaftlerin,220.0,München-West/Mitte,Landesliste,nicolegohlke.bsky.social,50
Nicole Gohlke,2025-03-03,-2.562559430032223,17,40,1975-11-15,weiblich,Die LINKE,Sozialwissenschaftlerin,220.0,München-West/Mitte,Landesliste,nicolegohlke.bsky.social,50
Nicole Gohlke,2025-03-10,-3.908768575248774,10,41,1975-11-15,weiblich,Die LINKE,Sozialwissenschaftlerin,220.0,München-West/Mitte,Landesliste,nicolegohlke.bsky.social,50
Nicole Gohlke,2025-03-17,-2.33820843307587,16,42,1975-11-15,weiblich,Die LINKE,Sozialwissenschaftlerin,220.0,München-West/Mitte,Landesliste,nicolegohlke.bsky.social,50
Nicole Gohlke,2025-03-24,-4.782354059444082,6,43,1975-11-15,weiblich,Die LINKE,Sozialwissenschaftlerin,219.0,München-West/Mitte,Landesliste,nicolegohlke.bsky.social,50
Nicole Gohlke,2025-03-31,-4.538822632980959,6,44,1975-11-15,weiblich,Die LINKE,Sozialwissenschaftlerin,219.0,München-West/Mitte,Landesliste,nicolegohlke.bsky.social,50
Nicole Gohlke,2025-04-07,-5.143544909975793,10,45,1975-11-15,weiblich,Die LINKE,Sozialwissenschaftlerin,219.0,München-West/Mitte,Landesliste,nicolegohlke.bsky.social,50
Nicole Gohlke,2025-04-14,-4.325591970001421,3,46,1975-11-15,weiblich,Die LINKE,Sozialwissenschaftlerin,219.0,München-West/Mitte,Landesliste,nicolegohlke.bsky.social,50
Nicole Gohlke,2025-04-21,-4.122440082033899,4,47,1975-11-15,weiblich,Die LINKE,Sozialwissenschaftlerin,219.0,München-West/Mitte,Landesliste,nicolegohlke.bsky.social,50
Nicole Gohlke,2025-04-28,-4.133332837418812,3,48,1975-11-15,weiblich,Die LINKE,Sozialwissenschaftlerin,219.0,München-West/Mitte,Landesliste,nicolegohlke.bsky.social,50
Nicole Gohlke,2025-05-05,-2.9058038902516006,13,49,1975-11-15,weiblich,Die LINKE,Sozialwissenschaftlerin,219.0,München-West/Mitte,Landesliste,nicolegohlke.bsky.social,50
Nicole Gohlke,2025-05-12,-4.248918512810794,3,50,1975-11-15,weiblich,Die LINKE,Sozialwissenschaftlerin,219.0,München-West/Mitte,Landesliste,nicolegohlke.bsky.social,50
Nicole Gohlke,2025-05-19,-4.011193480588635,9,51,1975-11-15,weiblich,Die LINKE,Sozialwissenschaftlerin,219.0,München-West/Mitte,Landesliste,nicolegohlke.bsky.social,50
Nicole Gohlke,2025-05-26,-5.14224817436797,3,52,1975-11-15,weiblich,Die LINKE,Sozialwissenschaftlerin,219.0,München-West/Mitte,Landesliste,nicolegohlke.bsky.social,50
Nicole Gohlke,2025-06-02,-2.929432239334703,3,53,1975-11-15,weiblich,Die LINKE,Sozialwissenschaftlerin,219.0,München-West/Mitte,Landesliste,nicolegohlke.bsky.social,50
Nicole Gohlke,2025-06-16,-1.3558540094450033,4,55,1975-11-15,weiblich,Die LINKE,Sozialwissenschaftlerin,219.0,München-West/Mitte,Landesliste,nicolegohlke.bsky.social,50
Nicole Gohlke,2025-06-23,-4.721140696236748,2,56,1975-11-15,weiblich,Die LINKE,Sozialwissenschaftlerin,219.0,München-West/Mitte,Landesliste,nicolegohlke.bsky.social,50
Nicole Gohlke,2025-06-30,-3.9660259504015007,5,57,1975-11-15,weiblich,Die LINKE,Sozialwissenschaftlerin,219.0,München-West/Mitte,Landesliste,nicolegohlke.bsky.social,50
Nicole Gohlke,2025-07-07,-1.0959156129351202,4,58,1975-11-15,weiblich,Die LINKE,Sozialwissenschaftlerin,219.0,München-West/Mitte,Landesliste,nicolegohlke.bsky.social,50
Nicole Gohlke,2025-07-14,-2.225181568777448,3,59,1975-11-15,weiblich,Die LINKE,Sozialwissenschaftlerin,219.0,München-West/Mitte,Landesliste,nicolegohlke.bsky.social,50
Nicole Gohlke,2025-07-21,-2.8277159493242183,4,60,1975-11-15,weiblich,Die LINKE,Sozialwissenschaftlerin,219.0,München-West/Mitte,Landesliste,nicolegohlke.bsky.social,50
Nicole Gohlke,2025-07-28,-5.949588908653176,2,61,1975-11-15,weiblich,Die LINKE,Sozialwissenschaftlerin,219.0,München-West/Mitte,Landesliste,nicolegohlke.bsky.social,50
Nicole Höchst,2024-11-18,0.3702847687344719,2,25,1970-02-10,weiblich,AfD,,201.0,Kreuznach,Landesliste,nicolehoechst-mdb.bsky.social,54
Nicole Höchst,2024-11-25,0.16274126743845074,2,26,1970-02-10,weiblich,AfD,,201.0,Kreuznach,Landesliste,nicolehoechst-mdb.bsky.social,54
Nicole Höchst,2024-12-09,-2.5013355222505056,2,28,1970-02-10,weiblich,AfD,,201.0,Kreuznach,Landesliste,nicolehoechst-mdb.bsky.social,54
Nicole Höchst,2024-12-16,2.3385527514477458,1,29,1970-02-10,weiblich,AfD,,201.0,Kreuznach,Landesliste,nicolehoechst-mdb.bsky.social,54
Nicole Höchst,2024-12-23,-0.3757841049105481,1,30,1970-02-10,weiblich,AfD,,201.0,Kreuznach,Landesliste,nicolehoechst-mdb.bsky.social,54
Nicole Höchst,2025-02-03,-2.9010215146293303,5,36,1970-02-10,weiblich,AfD,,201.0,Kreuznach,Landesliste,nicolehoechst-mdb.bsky.social,55
Nicole Höchst,2025-04-07,-4.478164355345739,1,45,1970-02-10,weiblich,AfD,,200.0,Kreuznach,Landesliste,nicolehoechst-mdb.bsky.social,55
Nicole Höchst,2025-04-14,-6.423138513865388,1,46,1970-02-10,weiblich,AfD,,200.0,Kreuznach,Landesliste,nicolehoechst-mdb.bsky.social,55
Nicole Höchst,2025-07-14,-0.34891603692929135,1,59,1970-02-10,weiblich,AfD,,200.0,Kreuznach,Landesliste,nicolehoechst-mdb.bsky.social,55
Nicole Höchst,2025-07-21,-3.1767016139126127,2,60,1970-02-10,weiblich,AfD,,200.0,Kreuznach,Landesliste,nicolehoechst-mdb.bsky.social,55
Niels Annen,2024-11-11,0.8171654407630953,1,24,1973-04-06,männlich,SPD,"Historiker, Politikwissenschaftler, Staatsminister",20.0,Hamburg-Eimsbüttel,Landesliste,nielsannen.bsky.social,51
Niels Annen,2024-11-25,5.110165328910084,1,26,1973-04-06,männlich,SPD,"Historiker, Politikwissenschaftler, Staatsminister",20.0,Hamburg-Eimsbüttel,Landesliste,nielsannen.bsky.social,51
Niels Annen,2024-12-02,1.1252494183318567,2,27,1973-04-06,männlich,SPD,"Historiker, Politikwissenschaftler, Staatsminister",20.0,Hamburg-Eimsbüttel,Landesliste,nielsannen.bsky.social,51
Niels Annen,2024-12-09,5.347031403216998,1,28,1973-04-06,männlich,SPD,"Historiker, Politikwissenschaftler, Staatsminister",20.0,Hamburg-Eimsbüttel,Landesliste,nielsannen.bsky.social,51
Niels Annen,2024-12-16,0.3715819782537986,2,29,1973-04-06,männlich,SPD,"Historiker, Politikwissenschaftler, Staatsminister",20.0,Hamburg-Eimsbüttel,Landesliste,nielsannen.bsky.social,51
Niels Annen,2024-12-23,1.8111527105413032,1,30,1973-04-06,männlich,SPD,"Historiker, Politikwissenschaftler, Staatsminister",20.0,Hamburg-Eimsbüttel,Landesliste,nielsannen.bsky.social,51
Niels Annen,2025-01-06,3.1433096783090324,2,32,1973-04-06,männlich,SPD,"Historiker, Politikwissenschaftler, Staatsminister",20.0,Hamburg-Eimsbüttel,Landesliste,nielsannen.bsky.social,52
Niels Annen,2025-01-13,3.5482533517963586,1,33,1973-04-06,männlich,SPD,"Historiker, Politikwissenschaftler, Staatsminister",20.0,Hamburg-Eimsbüttel,Landesliste,nielsannen.bsky.social,52
Niels Annen,2025-01-20,2.7817326947494463,1,34,1973-04-06,männlich,SPD,"Historiker, Politikwissenschaftler, Staatsminister",20.0,Hamburg-Eimsbüttel,Landesliste,nielsannen.bsky.social,52
Niels Annen,2025-01-27,-5.810071725989359,1,35,1973-04-06,männlich,SPD,"Historiker, Politikwissenschaftler, Staatsminister",20.0,Hamburg-Eimsbüttel,Landesliste,nielsannen.bsky.social,52
Niels Annen,2025-02-03,-0.23598807177140824,2,36,1973-04-06,männlich,SPD,"Historiker, Politikwissenschaftler, Staatsminister",20.0,Hamburg-Eimsbüttel,Landesliste,nielsannen.bsky.social,52
Niels Annen,2025-02-10,1.1374042979396504,2,37,1973-04-06,männlich,SPD,"Historiker, Politikwissenschaftler, Staatsminister",20.0,Hamburg-Eimsbüttel,Landesliste,nielsannen.bsky.social,52
Niels Annen,2025-02-17,5.0411952164635565,2,38,1973-04-06,männlich,SPD,"Historiker, Politikwissenschaftler, Staatsminister",20.0,Hamburg-Eimsbüttel,Landesliste,nielsannen.bsky.social,52
Niels Annen,2025-02-24,5.48200167828747,1,39,1973-04-06,männlich,SPD,"Historiker, Politikwissenschaftler, Staatsminister",20.0,Hamburg-Eimsbüttel,Landesliste,nielsannen.bsky.social,52
Niels Annen,2025-03-17,4.7038428303396,1,42,1973-04-06,männlich,SPD,"Historiker, Politikwissenschaftler, Staatsminister",20.0,Hamburg-Eimsbüttel,Landesliste,nielsannen.bsky.social,52
Nyke Slawik,2024-11-18,5.304342495556488,1,25,1994-01-07,weiblich,Grünen,Bundestagsabgeordnete,101.0,Leverkusen - Köln IV,Landesliste,nykeslawik.bsky.social,30
Nyke Slawik,2024-12-02,3.6905923796027493,1,27,1994-01-07,weiblich,Grünen,Bundestagsabgeordnete,101.0,Leverkusen - Köln IV,Landesliste,nykeslawik.bsky.social,30
Nyke Slawik,2024-12-16,-2.376063076675695,3,29,1994-01-07,weiblich,Grünen,Bundestagsabgeordnete,101.0,Leverkusen - Köln IV,Landesliste,nykeslawik.bsky.social,30
Nyke Slawik,2025-01-06,-5.351683167282168,1,32,1994-01-07,weiblich,Grünen,Bundestagsabgeordnete,101.0,Leverkusen - Köln IV,Landesliste,nykeslawik.bsky.social,31
Nyke Slawik,2025-01-13,-6.280792506129744,1,33,1994-01-07,weiblich,Grünen,Bundestagsabgeordnete,101.0,Leverkusen - Köln IV,Landesliste,nykeslawik.bsky.social,31
Nyke Slawik,2025-01-20,4.36312617898739,1,34,1994-01-07,weiblich,Grünen,Bundestagsabgeordnete,101.0,Leverkusen - Köln IV,Landesliste,nykeslawik.bsky.social,31
Nyke Slawik,2025-01-27,-0.5558927915790398,5,35,1994-01-07,weiblich,Grünen,Bundestagsabgeordnete,101.0,Leverkusen - Köln IV,Landesliste,nykeslawik.bsky.social,31
Nyke Slawik,2025-02-10,-0.2868462397116458,3,37,1994-01-07,weiblich,Grünen,Bundestagsabgeordnete,101.0,Leverkusen - Köln IV,Landesliste,nykeslawik.bsky.social,31
Nyke Slawik,2025-02-17,3.5457557660514256,1,38,1994-01-07,weiblich,Grünen,Bundestagsabgeordnete,101.0,Leverkusen - Köln IV,Landesliste,nykeslawik.bsky.social,31
Nyke Slawik,2025-02-24,2.365967608005057,2,39,1994-01-07,weiblich,Grünen,Bundestagsabgeordnete,101.0,Leverkusen - Köln IV,Landesliste,nykeslawik.bsky.social,31
Nyke Slawik,2025-03-03,-4.177683965861097,16,40,1994-01-07,weiblich,Grünen,Bundestagsabgeordnete,101.0,Leverkusen - Köln IV,Landesliste,nykeslawik.bsky.social,31
Nyke Slawik,2025-03-10,-1.5105179815494714,5,41,1994-01-07,weiblich,Grünen,Bundestagsabgeordnete,101.0,Leverkusen - Köln IV,Landesliste,nykeslawik.bsky.social,31
Nyke Slawik,2025-03-17,-6.342651427827719,1,42,1994-01-07,weiblich,Grünen,Bundestagsabgeordnete,101.0,Leverkusen - Köln IV,Landesliste,nykeslawik.bsky.social,31
Nyke Slawik,2025-04-07,-3.2407316239906123,11,45,1994-01-07,weiblich,Grünen,Bundestagsabgeordnete,100.0,Leverkusen – Köln IV,Landesliste,nykeslawik.bsky.social,31
Nyke Slawik,2025-04-28,-0.40935640819094815,4,48,1994-01-07,weiblich,Grünen,Bundestagsabgeordnete,100.0,Leverkusen – Köln IV,Landesliste,nykeslawik.bsky.social,31
Nyke Slawik,2025-05-12,-2.707434715616929,9,50,1994-01-07,weiblich,Grünen,Bundestagsabgeordnete,100.0,Leverkusen – Köln IV,Landesliste,nykeslawik.bsky.social,31
Nyke Slawik,2025-05-19,-1.8449500092529472,7,51,1994-01-07,weiblich,Grünen,Bundestagsabgeordnete,100.0,Leverkusen – Köln IV,Landesliste,nykeslawik.bsky.social,31
Nyke Slawik,2025-05-26,0.8090158793151798,3,52,1994-01-07,weiblich,Grünen,Bundestagsabgeordnete,100.0,Leverkusen – Köln IV,Landesliste,nykeslawik.bsky.social,31
Nyke Slawik,2025-06-02,-1.471816600432323,6,53,1994-01-07,weiblich,Grünen,Bundestagsabgeordnete,100.0,Leverkusen – Köln IV,Landesliste,nykeslawik.bsky.social,31
Nyke Slawik,2025-06-23,-1.1198995688535573,3,56,1994-01-07,weiblich,Grünen,Bundestagsabgeordnete,100.0,Leverkusen – Köln IV,Landesliste,nykeslawik.bsky.social,31
Nyke Slawik,2025-07-07,-3.0277694259850265,3,58,1994-01-07,weiblich,Grünen,Bundestagsabgeordnete,100.0,Leverkusen – Köln IV,Landesliste,nykeslawik.bsky.social,31
Nyke Slawik,2025-07-14,0.5610738570260141,3,59,1994-01-07,weiblich,Grünen,Bundestagsabgeordnete,100.0,Leverkusen – Köln IV,Landesliste,nykeslawik.bsky.social,31
Olaf Scholz,2024-06-03,-6.161426282906025,1,1,1958-06-14,männlich,SPD,Rechtsanwalt,61.0,Potsdam - Potsdam-Mittelmark II - Teltow-Fläming II,Direktwahl,dbroessler.bsky.social,66
Olaf Scholz,2024-06-24,0.08551362232765265,1,4,1958-06-14,männlich,SPD,Rechtsanwalt,61.0,Potsdam - Potsdam-Mittelmark II - Teltow-Fläming II,Direktwahl,dbroessler.bsky.social,66
Olaf Scholz,2024-07-15,-2.9615781189552703,1,7,1958-06-14,männlich,SPD,Rechtsanwalt,61.0,Potsdam - Potsdam-Mittelmark II - Teltow-Fläming II,Direktwahl,dbroessler.bsky.social,66
Olaf Scholz,2024-08-19,-6.069945422346764,1,12,1958-06-14,männlich,SPD,Rechtsanwalt,61.0,Potsdam - Potsdam-Mittelmark II - Teltow-Fläming II,Direktwahl,dbroessler.bsky.social,66
Olaf Scholz,2024-08-26,-1.1900960929715028,1,13,1958-06-14,männlich,SPD,Rechtsanwalt,61.0,Potsdam - Potsdam-Mittelmark II - Teltow-Fläming II,Direktwahl,dbroessler.bsky.social,66
Olaf Scholz,2024-09-02,-6.219588565027969,3,14,1958-06-14,männlich,SPD,Rechtsanwalt,61.0,Potsdam - Potsdam-Mittelmark II - Teltow-Fläming II,Direktwahl,dbroessler.bsky.social,66
Olaf Scholz,2024-09-16,-1.6696625845823756,2,16,1958-06-14,männlich,SPD,Rechtsanwalt,61.0,Potsdam - Potsdam-Mittelmark II - Teltow-Fläming II,Direktwahl,dbroessler.bsky.social,66
Olaf Scholz,2024-09-23,-2.7569340043434165,1,17,1958-06-14,männlich,SPD,Rechtsanwalt,61.0,Potsdam - Potsdam-Mittelmark II - Teltow-Fläming II,Direktwahl,dbroessler.bsky.social,66
Olaf Scholz,2024-09-30,-4.493031798919955,1,18,1958-06-14,männlich,SPD,Rechtsanwalt,61.0,Potsdam - Potsdam-Mittelmark II - Teltow-Fläming II,Direktwahl,dbroessler.bsky.social,66
Olaf Scholz,2024-10-07,-2.828126113905777,1,19,1958-06-14,männlich,SPD,Rechtsanwalt,61.0,Potsdam - Potsdam-Mittelmark II - Teltow-Fläming II,Direktwahl,dbroessler.bsky.social,66
Olaf Scholz,2024-10-14,-5.870074487882147,3,20,1958-06-14,männlich,SPD,Rechtsanwalt,61.0,Potsdam - Potsdam-Mittelmark II - Teltow-Fläming II,Direktwahl,dbroessler.bsky.social,66
Olaf Scholz,2024-10-21,-1.0446041914537354,5,21,1958-06-14,männlich,SPD,Rechtsanwalt,61.0,Potsdam - Potsdam-Mittelmark II - Teltow-Fläming II,Direktwahl,dbroessler.bsky.social,66
Olaf Scholz,2024-10-28,-2.5575923607924227,3,22,1958-06-14,männlich,SPD,Rechtsanwalt,61.0,Potsdam - Potsdam-Mittelmark II - Teltow-Fläming II,Direktwahl,dbroessler.bsky.social,66
Olaf Scholz,2024-11-04,-5.7378593664436615,2,23,1958-06-14,männlich,SPD,Rechtsanwalt,61.0,Potsdam - Potsdam-Mittelmark II - Teltow-Fläming II,Direktwahl,dbroessler.bsky.social,66
Olaf Scholz,2024-11-11,-3.4333132479843873,3,24,1958-06-14,männlich,SPD,Rechtsanwalt,61.0,Potsdam - Potsdam-Mittelmark II - Teltow-Fläming II,Direktwahl,dbroessler.bsky.social,66
Olaf Scholz,2024-11-18,-3.8945358872949662,2,25,1958-06-14,männlich,SPD,Rechtsanwalt,61.0,Potsdam - Potsdam-Mittelmark II - Teltow-Fläming II,Direktwahl,dbroessler.bsky.social,66
Olaf Scholz,2024-12-09,-3.156447060544009,4,28,1958-06-14,männlich,SPD,Rechtsanwalt,61.0,Potsdam - Potsdam-Mittelmark II - Teltow-Fläming II,Direktwahl,dbroessler.bsky.social,66
Olaf Scholz,2024-12-16,-3.1330257654042684,2,29,1958-06-14,männlich,SPD,Rechtsanwalt,61.0,Potsdam - Potsdam-Mittelmark II - Teltow-Fläming II,Direktwahl,dbroessler.bsky.social,66
Olaf Scholz,2024-12-23,-2.3336900515779178,3,30,1958-06-14,männlich,SPD,Rechtsanwalt,61.0,Potsdam - Potsdam-Mittelmark II - Teltow-Fläming II,Direktwahl,dbroessler.bsky.social,66
Olaf Scholz,2025-01-06,-1.4548654538183579,3,32,1958-06-14,männlich,SPD,Rechtsanwalt,61.0,Potsdam - Potsdam-Mittelmark II - Teltow-Fläming II,Direktwahl,dbroessler.bsky.social,67
Olaf Scholz,2025-01-13,-1.3019496110856261,1,33,1958-06-14,männlich,SPD,Rechtsanwalt,61.0,Potsdam - Potsdam-Mittelmark II - Teltow-Fläming II,Direktwahl,dbroessler.bsky.social,67
Olaf Scholz,2025-01-20,-2.4454503992812158,2,34,1958-06-14,männlich,SPD,Rechtsanwalt,61.0,Potsdam - Potsdam-Mittelmark II - Teltow-Fläming II,Direktwahl,dbroessler.bsky.social,67
Olaf Scholz,2025-01-27,-3.486663387674261,4,35,1958-06-14,männlich,SPD,Rechtsanwalt,61.0,Potsdam - Potsdam-Mittelmark II - Teltow-Fläming II,Direktwahl,dbroessler.bsky.social,67
Olaf Scholz,2025-02-03,-1.54080758376233,2,36,1958-06-14,männlich,SPD,Rechtsanwalt,61.0,Potsdam - Potsdam-Mittelmark II - Teltow-Fläming II,Direktwahl,dbroessler.bsky.social,67
Olaf Scholz,2025-02-10,-2.4351628295420142,3,37,1958-06-14,männlich,SPD,Rechtsanwalt,61.0,Potsdam - Potsdam-Mittelmark II - Teltow-Fläming II,Direktwahl,dbroessler.bsky.social,67
Olaf Scholz,2025-02-17,-3.105040334446631,4,38,1958-06-14,männlich,SPD,Rechtsanwalt,61.0,Potsdam - Potsdam-Mittelmark II - Teltow-Fläming II,Direktwahl,dbroessler.bsky.social,67
Olaf Scholz,2025-02-24,-3.590528266391945,5,39,1958-06-14,männlich,SPD,Rechtsanwalt,61.0,Potsdam - Potsdam-Mittelmark II - Teltow-Fläming II,Direktwahl,dbroessler.bsky.social,67
Olaf Scholz,2025-03-03,-2.5259776758920127,5,40,1958-06-14,männlich,SPD,Rechtsanwalt,61.0,Potsdam - Potsdam-Mittelmark II - Teltow-Fläming II,Direktwahl,dbroessler.bsky.social,67
Olaf Scholz,2025-03-17,-4.607328650359044,4,42,1958-06-14,männlich,SPD,Rechtsanwalt,61.0,Potsdam - Potsdam-Mittelmark II - Teltow-Fläming II,Direktwahl,dbroessler.bsky.social,67
Olaf Scholz,2025-03-24,-1.5867701751522607,2,43,1958-06-14,männlich,SPD,Rechtsanwalt,61.0,Potsdam – Potsdam-Mittelmark II – Teltow-Fläming II,Direktwahl,dbroessler.bsky.social,67
Olaf Scholz,2025-03-31,-0.32581609819203583,1,44,1958-06-14,männlich,SPD,Rechtsanwalt,61.0,Potsdam – Potsdam-Mittelmark II – Teltow-Fläming II,Direktwahl,dbroessler.bsky.social,67
Olaf Scholz,2025-04-07,-0.5423415019963148,2,45,1958-06-14,männlich,SPD,Rechtsanwalt,61.0,Potsdam – Potsdam-Mittelmark II – Teltow-Fläming II,Direktwahl,dbroessler.bsky.social,67
Olaf Scholz,2025-04-21,-6.497188336432286,1,47,1958-06-14,männlich,SPD,Rechtsanwalt,61.0,Potsdam – Potsdam-Mittelmark II – Teltow-Fläming II,Direktwahl,dbroessler.bsky.social,67
Olaf Scholz,2025-05-05,-0.36718772929487437,3,49,1958-06-14,männlich,SPD,Rechtsanwalt,61.0,Potsdam – Potsdam-Mittelmark II – Teltow-Fläming II,Direktwahl,dbroessler.bsky.social,67
Olaf Scholz,2025-05-12,-4.283007626923185,5,50,1958-06-14,männlich,SPD,Rechtsanwalt,61.0,Potsdam – Potsdam-Mittelmark II – Teltow-Fläming II,Direktwahl,dbroessler.bsky.social,67
Olaf Scholz,2025-05-19,-2.7040589627825002,4,51,1958-06-14,männlich,SPD,Rechtsanwalt,61.0,Potsdam – Potsdam-Mittelmark II – Teltow-Fläming II,Direktwahl,dbroessler.bsky.social,67
Olaf Scholz,2025-05-26,-2.4559266587490516,1,52,1958-06-14,männlich,SPD,Rechtsanwalt,61.0,Potsdam – Potsdam-Mittelmark II – Teltow-Fläming II,Direktwahl,dbroessler.bsky.social,67
Olaf Scholz,2025-06-02,-5.8501579376538,1,53,1958-06-14,männlich,SPD,Rechtsanwalt,61.0,Potsdam – Potsdam-Mittelmark II – Teltow-Fläming II,Direktwahl,dbroessler.bsky.social,67
Olaf Scholz,2025-06-09,-3.6945119113560447,2,54,1958-06-14,männlich,SPD,Rechtsanwalt,61.0,Potsdam – Potsdam-Mittelmark II – Teltow-Fläming II,Direktwahl,dbroessler.bsky.social,67
Olaf Scholz,2025-06-16,-2.1299576250595353,3,55,1958-06-14,männlich,SPD,Rechtsanwalt,61.0,Potsdam – Potsdam-Mittelmark II – Teltow-Fläming II,Direktwahl,dbroessler.bsky.social,67
Olaf Scholz,2025-06-23,-3.039594917073304,1,56,1958-06-14,männlich,SPD,Rechtsanwalt,61.0,Potsdam – Potsdam-Mittelmark II – Teltow-Fläming II,Direktwahl,dbroessler.bsky.social,67
Olaf Scholz,2025-06-30,-1.5501027754378809,3,57,1958-06-14,männlich,SPD,Rechtsanwalt,61.0,Potsdam – Potsdam-Mittelmark II – Teltow-Fläming II,Direktwahl,dbroessler.bsky.social,67
Omid Nouripour,2024-08-19,-0.40582435956729085,1,12,1975-06-18,männlich,Grünen,"Selbstständiger Berater (Tätigkeit ruht, solange MdB)",183.0,Frankfurt am Main II,Direktwahl,nouripour.bsky.social,49
Omid Nouripour,2024-10-21,-5.263465021742677,1,21,1975-06-18,männlich,Grünen,"Selbstständiger Berater (Tätigkeit ruht, solange MdB)",183.0,Frankfurt am Main II,Direktwahl,nouripour.bsky.social,49
Omid Nouripour,2025-01-06,-6.169566296889125,1,32,1975-06-18,männlich,Grünen,"Selbstständiger Berater (Tätigkeit ruht, solange MdB)",183.0,Frankfurt am Main II,Direktwahl,nouripour.bsky.social,50
Omid Nouripour,2025-01-20,-0.032535797033220355,2,34,1975-06-18,männlich,Grünen,"Selbstständiger Berater (Tätigkeit ruht, solange MdB)",183.0,Frankfurt am Main II,Direktwahl,nouripour.bsky.social,50
Omid Nouripour,2025-01-27,-2.393758823113163,3,35,1975-06-18,männlich,Grünen,"Selbstständiger Berater (Tätigkeit ruht, solange MdB)",183.0,Frankfurt am Main II,Direktwahl,nouripour.bsky.social,50
Omid Nouripour,2025-02-03,-0.786667844306276,1,36,1975-06-18,männlich,Grünen,"Selbstständiger Berater (Tätigkeit ruht, solange MdB)",183.0,Frankfurt am Main II,Direktwahl,nouripour.bsky.social,50
Omid Nouripour,2025-02-10,-4.597986103366692,2,37,1975-06-18,männlich,Grünen,"Selbstständiger Berater (Tätigkeit ruht, solange MdB)",183.0,Frankfurt am Main II,Direktwahl,nouripour.bsky.social,50
Omid Nouripour,2025-02-24,-2.616998031241874,3,39,1975-06-18,männlich,Grünen,"Selbstständiger Berater (Tätigkeit ruht, solange MdB)",183.0,Frankfurt am Main II,Direktwahl,nouripour.bsky.social,50
Omid Nouripour,2025-03-03,-5.970649446271625,1,40,1975-06-18,männlich,Grünen,"Selbstständiger Berater (Tätigkeit ruht, solange MdB)",183.0,Frankfurt am Main II,Direktwahl,nouripour.bsky.social,50
Omid Nouripour,2025-03-10,-3.239515400989432,1,41,1975-06-18,männlich,Grünen,"Selbstständiger Berater (Tätigkeit ruht, solange MdB)",183.0,Frankfurt am Main II,Direktwahl,nouripour.bsky.social,50
Omid Nouripour,2025-03-24,-1.5608363449682616,1,43,1975-06-18,männlich,Grünen,"Selbstständiger Berater (Tätigkeit ruht, solange MdB)",182.0,Frankfurt am Main II,Landesliste,nouripour.bsky.social,50
Omid Nouripour,2025-07-14,-4.470964281081499,1,59,1975-06-18,männlich,Grünen,"Selbstständiger Berater (Tätigkeit ruht, solange MdB)",182.0,Frankfurt am Main II,Landesliste,nouripour.bsky.social,50
Omid Nouripour,2025-07-21,-3.6928300290183507,6,60,1975-06-18,männlich,Grünen,"Selbstständiger Berater (Tätigkeit ruht, solange MdB)",182.0,Frankfurt am Main II,Landesliste,nouripour.bsky.social,50
Pascal Meiser,2025-03-24,2.599775928661944,2,43,1975-03-07,männlich,Die LINKE,Dipl.-Politikwissenschaftler,82.0,Berlin-Friedrichshain-Kreuzberg – Prenzlauer Berg Ost,Direktwahl,pascalmeiser.bsky.social,50
Pascal Meiser,2025-03-31,-5.924014994733762,1,44,1975-03-07,männlich,Die LINKE,Dipl.-Politikwissenschaftler,82.0,Berlin-Friedrichshain-Kreuzberg – Prenzlauer Berg Ost,Direktwahl,pascalmeiser.bsky.social,50
Pascal Meiser,2025-04-07,-2.7893248130259676,5,45,1975-03-07,männlich,Die LINKE,Dipl.-Politikwissenschaftler,82.0,Berlin-Friedrichshain-Kreuzberg – Prenzlauer Berg Ost,Direktwahl,pascalmeiser.bsky.social,50
Pascal Meiser,2025-04-14,-3.3020451553364016,18,46,1975-03-07,männlich,Die LINKE,Dipl.-Politikwissenschaftler,82.0,Berlin-Friedrichshain-Kreuzberg – Prenzlauer Berg Ost,Direktwahl,pascalmeiser.bsky.social,50
Pascal Meiser,2025-05-05,-1.5561580312956806,7,49,1975-03-07,männlich,Die LINKE,Dipl.-Politikwissenschaftler,82.0,Berlin-Friedrichshain-Kreuzberg – Prenzlauer Berg Ost,Direktwahl,pascalmeiser.bsky.social,50
Pascal Meiser,2025-05-12,0.09198537856860937,5,50,1975-03-07,männlich,Die LINKE,Dipl.-Politikwissenschaftler,82.0,Berlin-Friedrichshain-Kreuzberg – Prenzlauer Berg Ost,Direktwahl,pascalmeiser.bsky.social,50
Pascal Meiser,2025-05-19,2.362908349092887,4,51,1975-03-07,männlich,Die LINKE,Dipl.-Politikwissenschaftler,82.0,Berlin-Friedrichshain-Kreuzberg – Prenzlauer Berg Ost,Direktwahl,pascalmeiser.bsky.social,50
Pascal Meiser,2025-05-26,-2.2011362519388937,4,52,1975-03-07,männlich,Die LINKE,Dipl.-Politikwissenschaftler,82.0,Berlin-Friedrichshain-Kreuzberg – Prenzlauer Berg Ost,Direktwahl,pascalmeiser.bsky.social,50
Pascal Meiser,2025-06-02,-1.2254586521449282,11,53,1975-03-07,männlich,Die LINKE,Dipl.-Politikwissenschaftler,82.0,Berlin-Friedrichshain-Kreuzberg – Prenzlauer Berg Ost,Direktwahl,pascalmeiser.bsky.social,50
Pascal Meiser,2025-06-09,-1.6327103210041172,8,54,1975-03-07,männlich,Die LINKE,Dipl.-Politikwissenschaftler,82.0,Berlin-Friedrichshain-Kreuzberg – Prenzlauer Berg Ost,Direktwahl,pascalmeiser.bsky.social,50
Pascal Meiser,2025-06-16,-1.9372721954620538,5,55,1975-03-07,männlich,Die LINKE,Dipl.-Politikwissenschaftler,82.0,Berlin-Friedrichshain-Kreuzberg – Prenzlauer Berg Ost,Direktwahl,pascalmeiser.bsky.social,50
Pascal Meiser,2025-06-23,-0.6640869875302151,14,56,1975-03-07,männlich,Die LINKE,Dipl.-Politikwissenschaftler,82.0,Berlin-Friedrichshain-Kreuzberg – Prenzlauer Berg Ost,Direktwahl,pascalmeiser.bsky.social,50
Pascal Meiser,2025-06-30,-2.926846324084333,9,57,1975-03-07,männlich,Die LINKE,Dipl.-Politikwissenschaftler,82.0,Berlin-Friedrichshain-Kreuzberg – Prenzlauer Berg Ost,Direktwahl,pascalmeiser.bsky.social,50
Pascal Meiser,2025-07-07,-3.6582830561173574,3,58,1975-03-07,männlich,Die LINKE,Dipl.-Politikwissenschaftler,82.0,Berlin-Friedrichshain-Kreuzberg – Prenzlauer Berg Ost,Direktwahl,pascalmeiser.bsky.social,50
Pascal Meiser,2025-07-14,1.986590590921502,2,59,1975-03-07,männlich,Die LINKE,Dipl.-Politikwissenschaftler,82.0,Berlin-Friedrichshain-Kreuzberg – Prenzlauer Berg Ost,Direktwahl,pascalmeiser.bsky.social,50
Pascal Meiser,2025-07-21,-1.5938833353501765,10,60,1975-03-07,männlich,Die LINKE,Dipl.-Politikwissenschaftler,82.0,Berlin-Friedrichshain-Kreuzberg – Prenzlauer Berg Ost,Direktwahl,pascalmeiser.bsky.social,50
Pascal Meiser,2025-07-28,-2.9992425180474576,2,61,1975-03-07,männlich,Die LINKE,Dipl.-Politikwissenschaftler,82.0,Berlin-Friedrichshain-Kreuzberg – Prenzlauer Berg Ost,Direktwahl,pascalmeiser.bsky.social,50
Prof. Dr. Andrew Ullmann,2024-09-09,0.7146935823304047,1,15,1963-01-02,männlich,FDP,Facharzt für Innere Medizin,251.0,Würzburg,Landesliste,aullmann.bsky.social‬,61
Prof. Dr. Andrew Ullmann,2024-10-14,0.8285491620991098,4,20,1963-01-02,männlich,FDP,Facharzt für Innere Medizin,251.0,Würzburg,Landesliste,aullmann.bsky.social‬,61
Prof. Dr. Andrew Ullmann,2024-10-21,-3.43336169531589,2,21,1963-01-02,männlich,FDP,Facharzt für Innere Medizin,251.0,Würzburg,Landesliste,aullmann.bsky.social‬,61
Prof. Dr. Anja Reinalter,2025-01-27,4.553795388327396,1,35,1970-05-01,weiblich,Grünen,Professorin für Soziale Arbeit,292.0,Biberach,Landesliste,anjareinalter.bsky.social‬,55
Prof. Dr. Anja Reinalter,2025-05-19,0.12390637683347296,1,51,1970-05-01,weiblich,Grünen,Professorin für Soziale Arbeit,292.0,Biberach,Landesliste,anjareinalter.bsky.social‬,55
Prof. Dr. Armin Grau,2024-11-18,-0.7418354832667157,3,25,1959-03-18,männlich,Grünen,Arzt,207.0,Ludwigshafen/Frankenthal,Landesliste,armingrau.bsky.social‬,65
Prof. Dr. Armin Grau,2024-11-25,-0.8604300817030888,9,26,1959-03-18,männlich,Grünen,Arzt,207.0,Ludwigshafen/Frankenthal,Landesliste,armingrau.bsky.social‬,65
Prof. Dr. Armin Grau,2024-12-02,-1.3611175307471972,4,27,1959-03-18,männlich,Grünen,Arzt,207.0,Ludwigshafen/Frankenthal,Landesliste,armingrau.bsky.social‬,65
Prof. Dr. Armin Grau,2024-12-09,-1.6347785708193663,5,28,1959-03-18,männlich,Grünen,Arzt,207.0,Ludwigshafen/Frankenthal,Landesliste,armingrau.bsky.social‬,65
Prof. Dr. Armin Grau,2024-12-16,-2.8600410829771805,2,29,1959-03-18,männlich,Grünen,Arzt,207.0,Ludwigshafen/Frankenthal,Landesliste,armingrau.bsky.social‬,65
Prof. Dr. Armin Grau,2025-01-06,-6.229527887280404,1,32,1959-03-18,männlich,Grünen,Arzt,207.0,Ludwigshafen/Frankenthal,Landesliste,armingrau.bsky.social‬,66
Prof. Dr. Armin Grau,2025-01-13,-2.5531162528492386,2,33,1959-03-18,männlich,Grünen,Arzt,207.0,Ludwigshafen/Frankenthal,Landesliste,armingrau.bsky.social‬,66
Prof. Dr. Armin Grau,2025-01-20,-0.6893927043718607,6,34,1959-03-18,männlich,Grünen,Arzt,207.0,Ludwigshafen/Frankenthal,Landesliste,armingrau.bsky.social‬,66
Prof. Dr. Armin Grau,2025-01-27,-6.092245511073906,2,35,1959-03-18,männlich,Grünen,Arzt,207.0,Ludwigshafen/Frankenthal,Landesliste,armingrau.bsky.social‬,66
Prof. Dr. Armin Grau,2025-02-03,-4.308007831115749,4,36,1959-03-18,männlich,Grünen,Arzt,207.0,Ludwigshafen/Frankenthal,Landesliste,armingrau.bsky.social‬,66
Prof. Dr. Armin Grau,2025-02-10,-2.5610577303815805,8,37,1959-03-18,männlich,Grünen,Arzt,207.0,Ludwigshafen/Frankenthal,Landesliste,armingrau.bsky.social‬,66
Prof. Dr. Armin Grau,2025-02-17,0.8684734400032115,3,38,1959-03-18,männlich,Grünen,Arzt,207.0,Ludwigshafen/Frankenthal,Landesliste,armingrau.bsky.social‬,66
Prof. Dr. Armin Grau,2025-02-24,-1.0433882193516275,6,39,1959-03-18,männlich,Grünen,Arzt,207.0,Ludwigshafen/Frankenthal,Landesliste,armingrau.bsky.social‬,66
Prof. Dr. Armin Grau,2025-03-03,-1.9690025072947164,6,40,1959-03-18,männlich,Grünen,Arzt,207.0,Ludwigshafen/Frankenthal,Landesliste,armingrau.bsky.social‬,66
Prof. Dr. Armin Grau,2025-03-10,-0.9275146661697246,11,41,1959-03-18,männlich,Grünen,Arzt,207.0,Ludwigshafen/Frankenthal,Landesliste,armingrau.bsky.social‬,66
Prof. Dr. Armin Grau,2025-03-17,1.5365497656413198,2,42,1959-03-18,männlich,Grünen,Arzt,207.0,Ludwigshafen/Frankenthal,Landesliste,armingrau.bsky.social‬,66
Prof. Dr. Armin Grau,2025-03-24,0.10333974784056554,3,43,1959-03-18,männlich,Grünen,Arzt,206.0,Ludwigshafen/Frankenthal,Landesliste,armingrau.bsky.social‬,66
Prof. Dr. Armin Grau,2025-03-31,-2.1682370014115904,7,44,1959-03-18,männlich,Grünen,Arzt,206.0,Ludwigshafen/Frankenthal,Landesliste,armingrau.bsky.social‬,66
Prof. Dr. Armin Grau,2025-04-07,-4.5788480228042205,5,45,1959-03-18,männlich,Grünen,Arzt,206.0,Ludwigshafen/Frankenthal,Landesliste,armingrau.bsky.social‬,66
Prof. Dr. Armin Grau,2025-04-14,-0.23454289624068442,5,46,1959-03-18,männlich,Grünen,Arzt,206.0,Ludwigshafen/Frankenthal,Landesliste,armingrau.bsky.social‬,66
Prof. Dr. Armin Grau,2025-04-21,-3.8045047501287828,2,47,1959-03-18,männlich,Grünen,Arzt,206.0,Ludwigshafen/Frankenthal,Landesliste,armingrau.bsky.social‬,66
Prof. Dr. Armin Grau,2025-04-28,-2.268591768909954,8,48,1959-03-18,männlich,Grünen,Arzt,206.0,Ludwigshafen/Frankenthal,Landesliste,armingrau.bsky.social‬,66
Prof. Dr. Armin Grau,2025-05-05,-1.398338161600253,11,49,1959-03-18,männlich,Grünen,Arzt,206.0,Ludwigshafen/Frankenthal,Landesliste,armingrau.bsky.social‬,66
Prof. Dr. Armin Grau,2025-05-12,-2.357792611849227,9,50,1959-03-18,männlich,Grünen,Arzt,206.0,Ludwigshafen/Frankenthal,Landesliste,armingrau.bsky.social‬,66
Prof. Dr. Armin Grau,2025-05-19,-3.050501775943367,8,51,1959-03-18,männlich,Grünen,Arzt,206.0,Ludwigshafen/Frankenthal,Landesliste,armingrau.bsky.social‬,66
Prof. Dr. Armin Grau,2025-05-26,-0.5876060890279238,6,52,1959-03-18,männlich,Grünen,Arzt,206.0,Ludwigshafen/Frankenthal,Landesliste,armingrau.bsky.social‬,66
Prof. Dr. Armin Grau,2025-06-02,-1.1490030095008774,8,53,1959-03-18,männlich,Grünen,Arzt,206.0,Ludwigshafen/Frankenthal,Landesliste,armingrau.bsky.social‬,66
Prof. Dr. Armin Grau,2025-06-09,-1.962425327700525,4,54,1959-03-18,männlich,Grünen,Arzt,206.0,Ludwigshafen/Frankenthal,Landesliste,armingrau.bsky.social‬,66
Prof. Dr. Armin Grau,2025-06-16,-2.2805321884549303,5,55,1959-03-18,männlich,Grünen,Arzt,206.0,Ludwigshafen/Frankenthal,Landesliste,armingrau.bsky.social‬,66
Prof. Dr. Armin Grau,2025-06-23,-4.212354689258595,6,56,1959-03-18,männlich,Grünen,Arzt,206.0,Ludwigshafen/Frankenthal,Landesliste,armingrau.bsky.social‬,66
Prof. Dr. Armin Grau,2025-06-30,-2.546981373045398,13,57,1959-03-18,männlich,Grünen,Arzt,206.0,Ludwigshafen/Frankenthal,Landesliste,armingrau.bsky.social‬,66
Prof. Dr. Armin Grau,2025-07-07,-1.0433184889214748,7,58,1959-03-18,männlich,Grünen,Arzt,206.0,Ludwigshafen/Frankenthal,Landesliste,armingrau.bsky.social‬,66
Prof. Dr. Armin Grau,2025-07-14,-3.131110197977467,6,59,1959-03-18,männlich,Grünen,Arzt,206.0,Ludwigshafen/Frankenthal,Landesliste,armingrau.bsky.social‬,66
Prof. Dr. Armin Grau,2025-07-21,-4.289396883362371,3,60,1959-03-18,männlich,Grünen,Arzt,206.0,Ludwigshafen/Frankenthal,Landesliste,armingrau.bsky.social‬,66
Prof. Dr. Hans Theiss,2025-03-24,-3.62746045726006,3,43,1977-09-20,männlich,CDU/CSU,Arzt,216.0,München-Nord,Direktwahl,hanstheiss.bsky.social,48
Prof. Dr. Hans Theiss,2025-04-21,-2.385214861873282,1,47,1977-09-20,männlich,CDU/CSU,Arzt,216.0,München-Nord,Direktwahl,hanstheiss.bsky.social,48
Prof. Dr. Hans Theiss,2025-05-05,-1.4862610084723082,1,49,1977-09-20,männlich,CDU/CSU,Arzt,216.0,München-Nord,Direktwahl,hanstheiss.bsky.social,48
Prof. Dr. Hans Theiss,2025-05-12,-5.754703204865238,1,50,1977-09-20,männlich,CDU/CSU,Arzt,216.0,München-Nord,Direktwahl,hanstheiss.bsky.social,48
Prof. Dr. Hans Theiss,2025-06-16,-6.027449712002756,1,55,1977-09-20,männlich,CDU/CSU,Arzt,216.0,München-Nord,Direktwahl,hanstheiss.bsky.social,48
Prof. Dr. Hendrik Streeck,2025-06-16,2.758207921461615,1,55,1977-08-07,männlich,CDU/CSU,Universitätsprofessor,95.0,Bonn,Direktwahl,hendrikstreeck.bsky.social‬,48
Prof. Dr. Lars Castellucci,2024-12-09,-3.2685923271513864,10,28,1974-02-24,männlich,SPD,Hochschullehrer,277.0,Rhein-Neckar,Landesliste,larscastellucci.bsky.social‬,50
Prof. Dr. Lars Castellucci,2024-12-16,-6.537573118140915,1,29,1974-02-24,männlich,SPD,Hochschullehrer,277.0,Rhein-Neckar,Landesliste,larscastellucci.bsky.social‬,50
Prof. Dr. Lars Castellucci,2025-01-27,-3.0826116082736488,2,35,1974-02-24,männlich,SPD,Hochschullehrer,277.0,Rhein-Neckar,Landesliste,larscastellucci.bsky.social‬,51
Prof. Dr. Lars Castellucci,2025-02-03,-2.3299621173418767,3,36,1974-02-24,männlich,SPD,Hochschullehrer,277.0,Rhein-Neckar,Landesliste,larscastellucci.bsky.social‬,51
Prof. Dr. Lars Castellucci,2025-02-10,-1.194099823468756,3,37,1974-02-24,männlich,SPD,Hochschullehrer,277.0,Rhein-Neckar,Landesliste,larscastellucci.bsky.social‬,51
Prof. Dr. Lars Castellucci,2025-02-17,2.8142763254963286,1,38,1974-02-24,männlich,SPD,Hochschullehrer,277.0,Rhein-Neckar,Landesliste,larscastellucci.bsky.social‬,51
Prof. Dr. Lars Castellucci,2025-03-10,-1.3600688200911693,6,41,1974-02-24,männlich,SPD,Hochschullehrer,277.0,Rhein-Neckar,Landesliste,larscastellucci.bsky.social‬,51
Prof. Dr. Lars Castellucci,2025-04-28,-2.290220004364274,5,48,1974-02-24,männlich,SPD,Hochschullehrer,277.0,Rhein-Neckar,Landesliste,larscastellucci.bsky.social‬,51
Prof. Dr. Lars Castellucci,2025-05-05,0.04643891821959101,2,49,1974-02-24,männlich,SPD,Hochschullehrer,277.0,Rhein-Neckar,Landesliste,larscastellucci.bsky.social‬,51
Prof. Dr. Lars Castellucci,2025-05-26,-0.845436115983263,12,52,1974-02-24,männlich,SPD,Hochschullehrer,277.0,Rhein-Neckar,Landesliste,larscastellucci.bsky.social‬,51
Prof. Dr. Lars Castellucci,2025-07-07,-1.1836119051217717,2,58,1974-02-24,männlich,SPD,Hochschullehrer,277.0,Rhein-Neckar,Landesliste,larscastellucci.bsky.social‬,51
Prof. Dr. Stephan Seiter,2024-11-18,-0.41930115835152176,1,25,1963-03-18,männlich,FDP,Professor für Volkswirtschaftslehre,264.0,Waiblingen,Landesliste,stseiter.bsky.social‬,61
Prof. Dr. Stephan Seiter,2024-11-25,-1.047872235939141,2,26,1963-03-18,männlich,FDP,Professor für Volkswirtschaftslehre,264.0,Waiblingen,Landesliste,stseiter.bsky.social‬,61
Prof. Dr. Stephan Seiter,2024-12-09,-4.664133959903677,1,28,1963-03-18,männlich,FDP,Professor für Volkswirtschaftslehre,264.0,Waiblingen,Landesliste,stseiter.bsky.social‬,61
Rasha Nasr,2025-01-20,1.8822934774009759,5,34,1992-05-12,weiblich,SPD,Politikwissenschaftlerin,159.0,Dresden I,Landesliste,albrechtpallas.de,33
Rasha Nasr,2025-04-14,5.379369217397158,1,46,1992-05-12,weiblich,SPD,Politikwissenschaftlerin,158.0,Dresden I,Landesliste,albrechtpallas.de,33
Rebecca Lenhard,2025-04-28,-0.11864248476905637,2,48,1995-05-24,weiblich,Grünen,IT-Beraterin,243.0,Nürnberg-Nord,Landesliste,rebecca-lenhard.bsky.social,30
Rebecca Lenhard,2025-05-05,-5.909231075454652,1,49,1995-05-24,weiblich,Grünen,IT-Beraterin,243.0,Nürnberg-Nord,Landesliste,rebecca-lenhard.bsky.social,30
Rebecca Lenhard,2025-05-12,5.425399072354014,1,50,1995-05-24,weiblich,Grünen,IT-Beraterin,243.0,Nürnberg-Nord,Landesliste,rebecca-lenhard.bsky.social,30
Rebecca Lenhard,2025-05-19,0.2890030107134651,2,51,1995-05-24,weiblich,Grünen,IT-Beraterin,243.0,Nürnberg-Nord,Landesliste,rebecca-lenhard.bsky.social,30
Rebecca Lenhard,2025-07-07,-1.9784281025643198,1,58,1995-05-24,weiblich,Grünen,IT-Beraterin,243.0,Nürnberg-Nord,Landesliste,rebecca-lenhard.bsky.social,30
Renata Alt,2024-06-24,4.997052634157801,1,4,1965-08-27,weiblich,FDP,Dipl.-Chemieingenieurin,262.0,Nürtingen,Landesliste,renataaltmdb.bsky.social,59
Renata Alt,2024-08-05,-4.261035463139432,3,10,1965-08-27,weiblich,FDP,Dipl.-Chemieingenieurin,262.0,Nürtingen,Landesliste,renataaltmdb.bsky.social,59
Renata Alt,2024-08-12,-4.055731281859592,3,11,1965-08-27,weiblich,FDP,Dipl.-Chemieingenieurin,262.0,Nürtingen,Landesliste,renataaltmdb.bsky.social,59
Renata Alt,2024-08-19,-4.531807045988596,5,12,1965-08-27,weiblich,FDP,Dipl.-Chemieingenieurin,262.0,Nürtingen,Landesliste,renataaltmdb.bsky.social,59
Renata Alt,2024-09-16,-1.4042438968927509,2,16,1965-08-27,weiblich,FDP,Dipl.-Chemieingenieurin,262.0,Nürtingen,Landesliste,renataaltmdb.bsky.social,59
Renata Alt,2024-10-14,-2.7582728645301926,3,20,1965-08-27,weiblich,FDP,Dipl.-Chemieingenieurin,262.0,Nürtingen,Landesliste,renataaltmdb.bsky.social,59
Renata Alt,2024-10-21,0.4105971532304903,1,21,1965-08-27,weiblich,FDP,Dipl.-Chemieingenieurin,262.0,Nürtingen,Landesliste,renataaltmdb.bsky.social,59
Renata Alt,2024-11-18,0.5375031823370081,1,25,1965-08-27,weiblich,FDP,Dipl.-Chemieingenieurin,262.0,Nürtingen,Landesliste,renataaltmdb.bsky.social,59
Renate Künast,2024-05-27,-1.6465054310265295,1,0,1955-12-15,weiblich,Grünen,Rechtsanwältin,81.0,Berlin-Tempelhof-Schöneberg,Landesliste,renate-kuenast.de,69
Renate Künast,2024-06-03,-0.4960980276884417,9,1,1955-12-15,weiblich,Grünen,Rechtsanwältin,81.0,Berlin-Tempelhof-Schöneberg,Landesliste,renate-kuenast.de,69
Renate Künast,2024-06-10,1.3625961194922327,3,2,1955-12-15,weiblich,Grünen,Rechtsanwältin,81.0,Berlin-Tempelhof-Schöneberg,Landesliste,renate-kuenast.de,69
Renate Künast,2024-06-17,-0.549276993722752,4,3,1955-12-15,weiblich,Grünen,Rechtsanwältin,81.0,Berlin-Tempelhof-Schöneberg,Landesliste,renate-kuenast.de,69
Renate Künast,2024-06-24,-0.23578365039713753,8,4,1955-12-15,weiblich,Grünen,Rechtsanwältin,81.0,Berlin-Tempelhof-Schöneberg,Landesliste,renate-kuenast.de,69
Renate Künast,2024-07-01,-2.0800893257414965,3,5,1955-12-15,weiblich,Grünen,Rechtsanwältin,81.0,Berlin-Tempelhof-Schöneberg,Landesliste,renate-kuenast.de,69
Renate Künast,2024-07-15,-2.3371071263676457,1,7,1955-12-15,weiblich,Grünen,Rechtsanwältin,81.0,Berlin-Tempelhof-Schöneberg,Landesliste,renate-kuenast.de,69
Renate Künast,2024-07-22,1.6489985470012052,3,8,1955-12-15,weiblich,Grünen,Rechtsanwältin,81.0,Berlin-Tempelhof-Schöneberg,Landesliste,renate-kuenast.de,69
Renate Künast,2024-07-29,0.730131051781613,2,9,1955-12-15,weiblich,Grünen,Rechtsanwältin,81.0,Berlin-Tempelhof-Schöneberg,Landesliste,renate-kuenast.de,69
Renate Künast,2024-08-05,0.139093991354225,1,10,1955-12-15,weiblich,Grünen,Rechtsanwältin,81.0,Berlin-Tempelhof-Schöneberg,Landesliste,renate-kuenast.de,69
Renate Künast,2024-08-19,0.5902786915679288,2,12,1955-12-15,weiblich,Grünen,Rechtsanwältin,81.0,Berlin-Tempelhof-Schöneberg,Landesliste,renate-kuenast.de,69
Renate Künast,2024-08-26,-1.546291980566484,11,13,1955-12-15,weiblich,Grünen,Rechtsanwältin,81.0,Berlin-Tempelhof-Schöneberg,Landesliste,renate-kuenast.de,69
Renate Künast,2024-09-02,0.35083196781515985,3,14,1955-12-15,weiblich,Grünen,Rechtsanwältin,81.0,Berlin-Tempelhof-Schöneberg,Landesliste,renate-kuenast.de,69
Renate Künast,2024-09-09,-0.36410973091194576,10,15,1955-12-15,weiblich,Grünen,Rechtsanwältin,81.0,Berlin-Tempelhof-Schöneberg,Landesliste,renate-kuenast.de,69
Renate Künast,2024-09-16,-0.566271230315736,5,16,1955-12-15,weiblich,Grünen,Rechtsanwältin,81.0,Berlin-Tempelhof-Schöneberg,Landesliste,renate-kuenast.de,69
Renate Künast,2024-09-23,-0.3310795961726958,8,17,1955-12-15,weiblich,Grünen,Rechtsanwältin,81.0,Berlin-Tempelhof-Schöneberg,Landesliste,renate-kuenast.de,69
Renate Künast,2024-09-30,4.682328578682002,2,18,1955-12-15,weiblich,Grünen,Rechtsanwältin,81.0,Berlin-Tempelhof-Schöneberg,Landesliste,renate-kuenast.de,69
Renate Künast,2024-10-07,3.1276003722840513,1,19,1955-12-15,weiblich,Grünen,Rechtsanwältin,81.0,Berlin-Tempelhof-Schöneberg,Landesliste,renate-kuenast.de,69
Renate Künast,2024-10-14,-0.10250104470969473,2,20,1955-12-15,weiblich,Grünen,Rechtsanwältin,81.0,Berlin-Tempelhof-Schöneberg,Landesliste,renate-kuenast.de,69
Renate Künast,2024-11-11,-1.8878071044633788,7,24,1955-12-15,weiblich,Grünen,Rechtsanwältin,81.0,Berlin-Tempelhof-Schöneberg,Landesliste,renate-kuenast.de,69
Renate Künast,2024-11-18,0.39530440545316775,6,25,1955-12-15,weiblich,Grünen,Rechtsanwältin,81.0,Berlin-Tempelhof-Schöneberg,Landesliste,renate-kuenast.de,69
Renate Künast,2024-11-25,-3.0426954122428507,4,26,1955-12-15,weiblich,Grünen,Rechtsanwältin,81.0,Berlin-Tempelhof-Schöneberg,Landesliste,renate-kuenast.de,69
Renate Künast,2024-12-02,-1.3818832220868056,7,27,1955-12-15,weiblich,Grünen,Rechtsanwältin,81.0,Berlin-Tempelhof-Schöneberg,Landesliste,renate-kuenast.de,69
Renate Künast,2024-12-09,-2.9481434356829794,6,28,1955-12-15,weiblich,Grünen,Rechtsanwältin,81.0,Berlin-Tempelhof-Schöneberg,Landesliste,renate-kuenast.de,69
Renate Künast,2024-12-16,-0.5880973067113284,4,29,1955-12-15,weiblich,Grünen,Rechtsanwältin,81.0,Berlin-Tempelhof-Schöneberg,Landesliste,renate-kuenast.de,69
Renate Künast,2025-01-06,-1.934107733828521,5,32,1955-12-15,weiblich,Grünen,Rechtsanwältin,81.0,Berlin-Tempelhof-Schöneberg,Landesliste,renate-kuenast.de,70
Renate Künast,2025-01-13,-1.9114451972486282,5,33,1955-12-15,weiblich,Grünen,Rechtsanwältin,81.0,Berlin-Tempelhof-Schöneberg,Landesliste,renate-kuenast.de,70
Renate Künast,2025-01-20,-3.526651384963621,18,34,1955-12-15,weiblich,Grünen,Rechtsanwältin,81.0,Berlin-Tempelhof-Schöneberg,Landesliste,renate-kuenast.de,70
Renate Künast,2025-01-27,-2.424181699066478,16,35,1955-12-15,weiblich,Grünen,Rechtsanwältin,81.0,Berlin-Tempelhof-Schöneberg,Landesliste,renate-kuenast.de,70
Renate Künast,2025-02-03,-2.8254976264896525,5,36,1955-12-15,weiblich,Grünen,Rechtsanwältin,81.0,Berlin-Tempelhof-Schöneberg,Landesliste,renate-kuenast.de,70
Renate Künast,2025-02-10,-2.922324428962662,35,37,1955-12-15,weiblich,Grünen,Rechtsanwältin,81.0,Berlin-Tempelhof-Schöneberg,Landesliste,renate-kuenast.de,70
Renate Künast,2025-02-17,-2.2819705610535657,21,38,1955-12-15,weiblich,Grünen,Rechtsanwältin,81.0,Berlin-Tempelhof-Schöneberg,Landesliste,renate-kuenast.de,70
Renate Künast,2025-02-24,-2.4602156598357463,12,39,1955-12-15,weiblich,Grünen,Rechtsanwältin,81.0,Berlin-Tempelhof-Schöneberg,Landesliste,renate-kuenast.de,70
Renate Künast,2025-03-03,-1.504567303497925,8,40,1955-12-15,weiblich,Grünen,Rechtsanwältin,81.0,Berlin-Tempelhof-Schöneberg,Landesliste,renate-kuenast.de,70
Renate Künast,2025-03-10,-0.9049488194482774,8,41,1955-12-15,weiblich,Grünen,Rechtsanwältin,81.0,Berlin-Tempelhof-Schöneberg,Landesliste,renate-kuenast.de,70
Renate Künast,2025-03-17,-1.3120202995220962,15,42,1955-12-15,weiblich,Grünen,Rechtsanwältin,81.0,Berlin-Tempelhof-Schöneberg,Landesliste,renate-kuenast.de,70
Ricarda Lang,2024-07-01,-0.14972836036898104,5,5,1994-01-17,weiblich,Grünen,Abgeordnete,269.0,Backnang - Schwäbisch Gmünd,Landesliste,ricardalang.bsky.social,30
Ricarda Lang,2024-11-18,-2.335219242862237,3,25,1994-01-17,weiblich,Grünen,Abgeordnete,269.0,Backnang - Schwäbisch Gmünd,Landesliste,ricardalang.bsky.social,30
Ricarda Lang,2024-11-25,-1.481557216223415,6,26,1994-01-17,weiblich,Grünen,Abgeordnete,269.0,Backnang - Schwäbisch Gmünd,Landesliste,ricardalang.bsky.social,30
Ricarda Lang,2024-12-02,-1.552125858738737,2,27,1994-01-17,weiblich,Grünen,Abgeordnete,269.0,Backnang - Schwäbisch Gmünd,Landesliste,ricardalang.bsky.social,30
Ricarda Lang,2024-12-09,-6.327407060936092,1,28,1994-01-17,weiblich,Grünen,Abgeordnete,269.0,Backnang - Schwäbisch Gmünd,Landesliste,ricardalang.bsky.social,30
Ricarda Lang,2024-12-16,-6.446011886697522,1,29,1994-01-17,weiblich,Grünen,Abgeordnete,269.0,Backnang - Schwäbisch Gmünd,Landesliste,ricardalang.bsky.social,30
Ricarda Lang,2024-12-23,5.6640160285361425,1,30,1994-01-17,weiblich,Grünen,Abgeordnete,269.0,Backnang - Schwäbisch Gmünd,Landesliste,ricardalang.bsky.social,30
Ricarda Lang,2025-01-20,-4.641919326632246,4,34,1994-01-17,weiblich,Grünen,Abgeordnete,269.0,Backnang - Schwäbisch Gmünd,Landesliste,ricardalang.bsky.social,31
Ricarda Lang,2025-02-10,-1.014062809139146,2,37,1994-01-17,weiblich,Grünen,Abgeordnete,269.0,Backnang - Schwäbisch Gmünd,Landesliste,ricardalang.bsky.social,31
Ricarda Lang,2025-02-24,-5.201060791124547,4,39,1994-01-17,weiblich,Grünen,Abgeordnete,269.0,Backnang - Schwäbisch Gmünd,Landesliste,ricardalang.bsky.social,31
Ricarda Lang,2025-03-03,-1.4378608072327055,4,40,1994-01-17,weiblich,Grünen,Abgeordnete,269.0,Backnang - Schwäbisch Gmünd,Landesliste,ricardalang.bsky.social,31
Ricarda Lang,2025-03-10,-5.980727156240537,1,41,1994-01-17,weiblich,Grünen,Abgeordnete,269.0,Backnang - Schwäbisch Gmünd,Landesliste,ricardalang.bsky.social,31
Ricarda Lang,2025-03-17,2.917166036633972,1,42,1994-01-17,weiblich,Grünen,Abgeordnete,269.0,Backnang - Schwäbisch Gmünd,Landesliste,ricardalang.bsky.social,31
Ricarda Lang,2025-03-24,4.410576462344689,3,43,1994-01-17,weiblich,Grünen,Abgeordnete,269.0,Backnang – Schwäbisch Gmünd,Landesliste,ricardalang.bsky.social,31
Ricarda Lang,2025-03-31,-4.428364327731107,5,44,1994-01-17,weiblich,Grünen,Abgeordnete,269.0,Backnang – Schwäbisch Gmünd,Landesliste,ricardalang.bsky.social,31
Ricarda Lang,2025-04-07,-3.0209730652338886,1,45,1994-01-17,weiblich,Grünen,Abgeordnete,269.0,Backnang – Schwäbisch Gmünd,Landesliste,ricardalang.bsky.social,31
Ricarda Lang,2025-04-14,-0.43784901275040533,1,46,1994-01-17,weiblich,Grünen,Abgeordnete,269.0,Backnang – Schwäbisch Gmünd,Landesliste,ricardalang.bsky.social,31
Ricarda Lang,2025-04-21,-1.4886790796865468,2,47,1994-01-17,weiblich,Grünen,Abgeordnete,269.0,Backnang – Schwäbisch Gmünd,Landesliste,ricardalang.bsky.social,31
Ricarda Lang,2025-04-28,0.2051083183303201,3,48,1994-01-17,weiblich,Grünen,Abgeordnete,269.0,Backnang – Schwäbisch Gmünd,Landesliste,ricardalang.bsky.social,31
Ricarda Lang,2025-05-05,2.2609148046281757,3,49,1994-01-17,weiblich,Grünen,Abgeordnete,269.0,Backnang – Schwäbisch Gmünd,Landesliste,ricardalang.bsky.social,31
Ricarda Lang,2025-05-12,-0.7946615479559215,2,50,1994-01-17,weiblich,Grünen,Abgeordnete,269.0,Backnang – Schwäbisch Gmünd,Landesliste,ricardalang.bsky.social,31
Ricarda Lang,2025-05-19,-6.096637869026635,2,51,1994-01-17,weiblich,Grünen,Abgeordnete,269.0,Backnang – Schwäbisch Gmünd,Landesliste,ricardalang.bsky.social,31
Ricarda Lang,2025-05-26,-1.8772573052907582,1,52,1994-01-17,weiblich,Grünen,Abgeordnete,269.0,Backnang – Schwäbisch Gmünd,Landesliste,ricardalang.bsky.social,31
Ricarda Lang,2025-06-02,-5.14545565549664,2,53,1994-01-17,weiblich,Grünen,Abgeordnete,269.0,Backnang – Schwäbisch Gmünd,Landesliste,ricardalang.bsky.social,31
Ricarda Lang,2025-06-09,-3.712314690617783,6,54,1994-01-17,weiblich,Grünen,Abgeordnete,269.0,Backnang – Schwäbisch Gmünd,Landesliste,ricardalang.bsky.social,31
Ricarda Lang,2025-06-16,1.0166958793729854,4,55,1994-01-17,weiblich,Grünen,Abgeordnete,269.0,Backnang – Schwäbisch Gmünd,Landesliste,ricardalang.bsky.social,31
Ricarda Lang,2025-06-23,-2.304232109672586,3,56,1994-01-17,weiblich,Grünen,Abgeordnete,269.0,Backnang – Schwäbisch Gmünd,Landesliste,ricardalang.bsky.social,31
Ricarda Lang,2025-06-30,-4.495613769479165,1,57,1994-01-17,weiblich,Grünen,Abgeordnete,269.0,Backnang – Schwäbisch Gmünd,Landesliste,ricardalang.bsky.social,31
Ricarda Lang,2025-07-07,-2.4505203021928863,2,58,1994-01-17,weiblich,Grünen,Abgeordnete,269.0,Backnang – Schwäbisch Gmünd,Landesliste,ricardalang.bsky.social,31
Ricarda Lang,2025-07-14,-2.0704492733739097,3,59,1994-01-17,weiblich,Grünen,Abgeordnete,269.0,Backnang – Schwäbisch Gmünd,Landesliste,ricardalang.bsky.social,31
Ricarda Lang,2025-07-21,-3.072961921644251,2,60,1994-01-17,weiblich,Grünen,Abgeordnete,269.0,Backnang – Schwäbisch Gmünd,Landesliste,ricardalang.bsky.social,31
Rita Schwarzelühr-Sutter,2024-05-27,1.5052155186784006,2,0,1962-10-13,weiblich,SPD,Dipl.-Betriebswirtin,288.0,Waldshut,Landesliste,ritaschwarzeluehr.bsky.social,62
Rita Schwarzelühr-Sutter,2024-11-25,5.041112796176791,1,26,1962-10-13,weiblich,SPD,Dipl.-Betriebswirtin,288.0,Waldshut,Landesliste,ritaschwarzeluehr.bsky.social,62
Rita Schwarzelühr-Sutter,2024-12-30,2.460664672256106,1,31,1962-10-13,weiblich,SPD,Dipl.-Betriebswirtin,288.0,Waldshut,Landesliste,ritaschwarzeluehr.bsky.social,62
Rita Schwarzelühr-Sutter,2025-03-03,-2.0987861750184877,1,40,1962-10-13,weiblich,SPD,Dipl.-Betriebswirtin,288.0,Waldshut,Landesliste,ritaschwarzeluehr.bsky.social,63
Rita Schwarzelühr-Sutter,2025-03-17,-4.64461535056266,1,42,1962-10-13,weiblich,SPD,Dipl.-Betriebswirtin,288.0,Waldshut,Landesliste,ritaschwarzeluehr.bsky.social,63
Rita Schwarzelühr-Sutter,2025-03-31,-3.9113918323541386,1,44,1962-10-13,weiblich,SPD,Dipl.-Betriebswirtin,288.0,Waldshut,Landesliste,ritaschwarzeluehr.bsky.social,63
Rita Schwarzelühr-Sutter,2025-04-28,0.2112639953384437,1,48,1962-10-13,weiblich,SPD,Dipl.-Betriebswirtin,288.0,Waldshut,Landesliste,ritaschwarzeluehr.bsky.social,63
Rita Schwarzelühr-Sutter,2025-05-12,0.7798565971809068,1,50,1962-10-13,weiblich,SPD,Dipl.-Betriebswirtin,288.0,Waldshut,Landesliste,ritaschwarzeluehr.bsky.social,63
Rita Schwarzelühr-Sutter,2025-06-02,4.099928479111661,1,53,1962-10-13,weiblich,SPD,Dipl.-Betriebswirtin,288.0,Waldshut,Landesliste,ritaschwarzeluehr.bsky.social,63
Rita Schwarzelühr-Sutter,2025-06-09,0.08994545972436148,1,54,1962-10-13,weiblich,SPD,Dipl.-Betriebswirtin,288.0,Waldshut,Landesliste,ritaschwarzeluehr.bsky.social,63
Rita Schwarzelühr-Sutter,2025-06-23,-2.6179297153311896,1,56,1962-10-13,weiblich,SPD,Dipl.-Betriebswirtin,288.0,Waldshut,Landesliste,ritaschwarzeluehr.bsky.social,63
Robin Wagener,2024-11-18,-5.904803771417486,1,25,1980-08-16,männlich,Grünen,Richter,135.0,Lippe I,Landesliste,robinwagener.bsky.social,44
Robin Wagener,2024-11-25,-1.7101333402182117,4,26,1980-08-16,männlich,Grünen,Richter,135.0,Lippe I,Landesliste,robinwagener.bsky.social,44
Robin Wagener,2024-12-02,-2.716749899153699,1,27,1980-08-16,männlich,Grünen,Richter,135.0,Lippe I,Landesliste,robinwagener.bsky.social,44
Robin Wagener,2025-01-13,-2.1712781122548055,2,33,1980-08-16,männlich,Grünen,Richter,135.0,Lippe I,Landesliste,robinwagener.bsky.social,45
Robin Wagener,2025-01-27,-4.695905922889828,1,35,1980-08-16,männlich,Grünen,Richter,135.0,Lippe I,Landesliste,robinwagener.bsky.social,45
Robin Wagener,2025-03-17,-4.466961112651946,2,42,1980-08-16,männlich,Grünen,Richter,135.0,Lippe I,Landesliste,robinwagener.bsky.social,45
Robin Wagener,2025-03-24,-2.3989265101788333,3,43,1980-08-16,männlich,Grünen,Richter,134.0,Lippe I,Landesliste,robinwagener.bsky.social,45
Robin Wagener,2025-03-31,-1.6771762200124591,7,44,1980-08-16,männlich,Grünen,Richter,134.0,Lippe I,Landesliste,robinwagener.bsky.social,45
Robin Wagener,2025-04-07,-3.3008451235236222,14,45,1980-08-16,männlich,Grünen,Richter,134.0,Lippe I,Landesliste,robinwagener.bsky.social,45
Robin Wagener,2025-04-14,-1.4722891781256155,6,46,1980-08-16,männlich,Grünen,Richter,134.0,Lippe I,Landesliste,robinwagener.bsky.social,45
Robin Wagener,2025-04-21,-4.023741155043633,2,47,1980-08-16,männlich,Grünen,Richter,134.0,Lippe I,Landesliste,robinwagener.bsky.social,45
Robin Wagener,2025-04-28,-1.9512263115981006,7,48,1980-08-16,männlich,Grünen,Richter,134.0,Lippe I,Landesliste,robinwagener.bsky.social,45
Robin Wagener,2025-05-05,-3.3410032045748883,36,49,1980-08-16,männlich,Grünen,Richter,134.0,Lippe I,Landesliste,robinwagener.bsky.social,45
Robin Wagener,2025-05-12,-2.827444713398023,9,50,1980-08-16,männlich,Grünen,Richter,134.0,Lippe I,Landesliste,robinwagener.bsky.social,45
Robin Wagener,2025-05-19,-2.1293854981478892,8,51,1980-08-16,männlich,Grünen,Richter,134.0,Lippe I,Landesliste,robinwagener.bsky.social,45
Robin Wagener,2025-05-26,0.06792221858784281,3,52,1980-08-16,männlich,Grünen,Richter,134.0,Lippe I,Landesliste,robinwagener.bsky.social,45
Robin Wagener,2025-06-02,-1.54302111789144,6,53,1980-08-16,männlich,Grünen,Richter,134.0,Lippe I,Landesliste,robinwagener.bsky.social,45
Robin Wagener,2025-06-09,-4.177688607492855,2,54,1980-08-16,männlich,Grünen,Richter,134.0,Lippe I,Landesliste,robinwagener.bsky.social,45
Robin Wagener,2025-06-16,-0.687741924697276,6,55,1980-08-16,männlich,Grünen,Richter,134.0,Lippe I,Landesliste,robinwagener.bsky.social,45
Robin Wagener,2025-06-23,0.41882855853727924,5,56,1980-08-16,männlich,Grünen,Richter,134.0,Lippe I,Landesliste,robinwagener.bsky.social,45
Robin Wagener,2025-06-30,-2.9608873106838165,1,57,1980-08-16,männlich,Grünen,Richter,134.0,Lippe I,Landesliste,robinwagener.bsky.social,45
Robin Wagener,2025-07-21,-2.907474856924067,5,60,1980-08-16,männlich,Grünen,Richter,134.0,Lippe I,Landesliste,robinwagener.bsky.social,45
Ruppert Stüwe,2024-06-17,-5.5266135036161215,1,3,1978-05-21,männlich,SPD,Dipl.-Volkswirt,79.0,Berlin-Steglitz-Zehlendorf,Landesliste,ruppertstuewe.bsky.social,46
Ruppert Stüwe,2024-11-11,0.4088811144372566,1,24,1978-05-21,männlich,SPD,Dipl.-Volkswirt,79.0,Berlin-Steglitz-Zehlendorf,Landesliste,ruppertstuewe.bsky.social,46
Ruppert Stüwe,2024-11-25,1.7723519029530026,2,26,1978-05-21,männlich,SPD,Dipl.-Volkswirt,79.0,Berlin-Steglitz-Zehlendorf,Landesliste,ruppertstuewe.bsky.social,46
Ruppert Stüwe,2024-12-02,2.1921035073467348,4,27,1978-05-21,männlich,SPD,Dipl.-Volkswirt,79.0,Berlin-Steglitz-Zehlendorf,Landesliste,ruppertstuewe.bsky.social,46
Ruppert Stüwe,2024-12-09,-3.070621557467902,4,28,1978-05-21,männlich,SPD,Dipl.-Volkswirt,79.0,Berlin-Steglitz-Zehlendorf,Landesliste,ruppertstuewe.bsky.social,46
Ruppert Stüwe,2024-12-16,2.2928451017449305,3,29,1978-05-21,männlich,SPD,Dipl.-Volkswirt,79.0,Berlin-Steglitz-Zehlendorf,Landesliste,ruppertstuewe.bsky.social,46
Ruppert Stüwe,2024-12-30,0.5298042361433017,1,31,1978-05-21,männlich,SPD,Dipl.-Volkswirt,79.0,Berlin-Steglitz-Zehlendorf,Landesliste,ruppertstuewe.bsky.social,46
Ruppert Stüwe,2025-01-06,1.14712809475273,1,32,1978-05-21,männlich,SPD,Dipl.-Volkswirt,79.0,Berlin-Steglitz-Zehlendorf,Landesliste,ruppertstuewe.bsky.social,47
Ruppert Stüwe,2025-01-13,-5.996590516796957,2,33,1978-05-21,männlich,SPD,Dipl.-Volkswirt,79.0,Berlin-Steglitz-Zehlendorf,Landesliste,ruppertstuewe.bsky.social,47
Ruppert Stüwe,2025-01-20,-4.95544989992372,3,34,1978-05-21,männlich,SPD,Dipl.-Volkswirt,79.0,Berlin-Steglitz-Zehlendorf,Landesliste,ruppertstuewe.bsky.social,47
Ruppert Stüwe,2025-01-27,-5.316851547848724,2,35,1978-05-21,männlich,SPD,Dipl.-Volkswirt,79.0,Berlin-Steglitz-Zehlendorf,Landesliste,ruppertstuewe.bsky.social,47
Ruppert Stüwe,2025-02-03,-0.6862931596790672,1,36,1978-05-21,männlich,SPD,Dipl.-Volkswirt,79.0,Berlin-Steglitz-Zehlendorf,Landesliste,ruppertstuewe.bsky.social,47
Ruppert Stüwe,2025-02-10,-2.825036856160183,3,37,1978-05-21,männlich,SPD,Dipl.-Volkswirt,79.0,Berlin-Steglitz-Zehlendorf,Landesliste,ruppertstuewe.bsky.social,47
Ruppert Stüwe,2025-02-24,-0.9725950878344299,1,39,1978-05-21,männlich,SPD,Dipl.-Volkswirt,79.0,Berlin-Steglitz-Zehlendorf,Landesliste,ruppertstuewe.bsky.social,47
Ruppert Stüwe,2025-03-31,-2.192899924981329,1,44,1978-05-21,männlich,SPD,Dipl.-Volkswirt,78.0,Berlin-Steglitz-Zehlendorf,Landesliste,ruppertstuewe.bsky.social,47
Ruppert Stüwe,2025-04-07,-2.639151741513646,6,45,1978-05-21,männlich,SPD,Dipl.-Volkswirt,78.0,Berlin-Steglitz-Zehlendorf,Landesliste,ruppertstuewe.bsky.social,47
Ruppert Stüwe,2025-04-14,-2.0472217961954424,3,46,1978-05-21,männlich,SPD,Dipl.-Volkswirt,78.0,Berlin-Steglitz-Zehlendorf,Landesliste,ruppertstuewe.bsky.social,47
Ruppert Stüwe,2025-04-21,4.750712233920894,1,47,1978-05-21,männlich,SPD,Dipl.-Volkswirt,78.0,Berlin-Steglitz-Zehlendorf,Landesliste,ruppertstuewe.bsky.social,47
Ruppert Stüwe,2025-04-28,-2.8397270886718866,5,48,1978-05-21,männlich,SPD,Dipl.-Volkswirt,78.0,Berlin-Steglitz-Zehlendorf,Landesliste,ruppertstuewe.bsky.social,47
Ruppert Stüwe,2025-05-12,-0.4198292281445102,2,50,1978-05-21,männlich,SPD,Dipl.-Volkswirt,78.0,Berlin-Steglitz-Zehlendorf,Landesliste,ruppertstuewe.bsky.social,47
Ruppert Stüwe,2025-05-19,-6.301919366342804,2,51,1978-05-21,männlich,SPD,Dipl.-Volkswirt,78.0,Berlin-Steglitz-Zehlendorf,Landesliste,ruppertstuewe.bsky.social,47
Ruppert Stüwe,2025-06-23,-0.8289350944374225,1,56,1978-05-21,männlich,SPD,Dipl.-Volkswirt,78.0,Berlin-Steglitz-Zehlendorf,Landesliste,ruppertstuewe.bsky.social,47
Ruppert Stüwe,2025-07-07,-5.821189969306005,1,58,1978-05-21,männlich,SPD,Dipl.-Volkswirt,78.0,Berlin-Steglitz-Zehlendorf,Landesliste,ruppertstuewe.bsky.social,47
Ruppert Stüwe,2025-07-14,-1.5609901795898629,1,59,1978-05-21,männlich,SPD,Dipl.-Volkswirt,78.0,Berlin-Steglitz-Zehlendorf,Landesliste,ruppertstuewe.bsky.social,47
Ruppert Stüwe,2025-07-21,-5.546315915669904,1,60,1978-05-21,männlich,SPD,Dipl.-Volkswirt,78.0,Berlin-Steglitz-Zehlendorf,Landesliste,ruppertstuewe.bsky.social,47
Sabine Grützmacher,2024-06-17,-1.6393848951154424,4,3,1986-01-04,weiblich,Grünen,"Dipl.-Sozialpädagogin, Soziologin/Pädagogin",99.0,Oberbergischer Kreis,Landesliste,sabinegruetzmacher.bsky.social,38
Sabine Grützmacher,2024-07-08,-3.75125475774898,1,6,1986-01-04,weiblich,Grünen,"Dipl.-Sozialpädagogin, Soziologin/Pädagogin",99.0,Oberbergischer Kreis,Landesliste,sabinegruetzmacher.bsky.social,38
Sabine Grützmacher,2024-07-15,-0.6014388398643848,1,7,1986-01-04,weiblich,Grünen,"Dipl.-Sozialpädagogin, Soziologin/Pädagogin",99.0,Oberbergischer Kreis,Landesliste,sabinegruetzmacher.bsky.social,38
Sabine Grützmacher,2024-08-19,-2.3354914755122125,1,12,1986-01-04,weiblich,Grünen,"Dipl.-Sozialpädagogin, Soziologin/Pädagogin",99.0,Oberbergischer Kreis,Landesliste,sabinegruetzmacher.bsky.social,38
Sabine Grützmacher,2024-10-14,-3.6517580623218833,5,20,1986-01-04,weiblich,Grünen,"Dipl.-Sozialpädagogin, Soziologin/Pädagogin",99.0,Oberbergischer Kreis,Landesliste,sabinegruetzmacher.bsky.social,38
Sabine Grützmacher,2024-11-11,-0.04999789690171763,4,24,1986-01-04,weiblich,Grünen,"Dipl.-Sozialpädagogin, Soziologin/Pädagogin",99.0,Oberbergischer Kreis,Landesliste,sabinegruetzmacher.bsky.social,38
Sabine Grützmacher,2024-11-18,-2.4319151540465542,1,25,1986-01-04,weiblich,Grünen,"Dipl.-Sozialpädagogin, Soziologin/Pädagogin",99.0,Oberbergischer Kreis,Landesliste,sabinegruetzmacher.bsky.social,38
Sabine Grützmacher,2024-11-25,0.45353250042078264,1,26,1986-01-04,weiblich,Grünen,"Dipl.-Sozialpädagogin, Soziologin/Pädagogin",99.0,Oberbergischer Kreis,Landesliste,sabinegruetzmacher.bsky.social,38
Sabine Grützmacher,2024-12-16,0.38668745049597764,3,29,1986-01-04,weiblich,Grünen,"Dipl.-Sozialpädagogin, Soziologin/Pädagogin",99.0,Oberbergischer Kreis,Landesliste,sabinegruetzmacher.bsky.social,38
Sabine Grützmacher,2024-12-30,-1.580256718912707,8,31,1986-01-04,weiblich,Grünen,"Dipl.-Sozialpädagogin, Soziologin/Pädagogin",99.0,Oberbergischer Kreis,Landesliste,sabinegruetzmacher.bsky.social,38
Sabine Grützmacher,2025-01-06,-3.341419759246326,5,32,1986-01-04,weiblich,Grünen,"Dipl.-Sozialpädagogin, Soziologin/Pädagogin",99.0,Oberbergischer Kreis,Landesliste,sabinegruetzmacher.bsky.social,39
Sabine Grützmacher,2025-01-13,2.9221340609341913,5,33,1986-01-04,weiblich,Grünen,"Dipl.-Sozialpädagogin, Soziologin/Pädagogin",99.0,Oberbergischer Kreis,Landesliste,sabinegruetzmacher.bsky.social,39
Sabine Grützmacher,2025-01-20,2.686481067646791,1,34,1986-01-04,weiblich,Grünen,"Dipl.-Sozialpädagogin, Soziologin/Pädagogin",99.0,Oberbergischer Kreis,Landesliste,sabinegruetzmacher.bsky.social,39
Sabine Grützmacher,2025-02-03,-1.5709992761525502,9,36,1986-01-04,weiblich,Grünen,"Dipl.-Sozialpädagogin, Soziologin/Pädagogin",99.0,Oberbergischer Kreis,Landesliste,sabinegruetzmacher.bsky.social,39
Sabine Grützmacher,2025-02-10,-1.2734123802969282,3,37,1986-01-04,weiblich,Grünen,"Dipl.-Sozialpädagogin, Soziologin/Pädagogin",99.0,Oberbergischer Kreis,Landesliste,sabinegruetzmacher.bsky.social,39
Sabine Grützmacher,2025-02-17,-2.522999135353648,1,38,1986-01-04,weiblich,Grünen,"Dipl.-Sozialpädagogin, Soziologin/Pädagogin",99.0,Oberbergischer Kreis,Landesliste,sabinegruetzmacher.bsky.social,39
Sara Nanni,2024-08-05,4.558317092875103,1,10,1987-05-29,weiblich,Grünen,Friedens- und Konfliktforscherin,107.0,Düsseldorf II,Landesliste,sarananni.bsky.social,37
Sara Nanni,2024-09-09,-1.7786553402206302,8,15,1987-05-29,weiblich,Grünen,Friedens- und Konfliktforscherin,107.0,Düsseldorf II,Landesliste,sarananni.bsky.social,37
Sara Nanni,2024-10-07,-1.3395109592253356,2,19,1987-05-29,weiblich,Grünen,Friedens- und Konfliktforscherin,107.0,Düsseldorf II,Landesliste,sarananni.bsky.social,37
Sara Nanni,2024-10-21,-5.777304704317048,1,21,1987-05-29,weiblich,Grünen,Friedens- und Konfliktforscherin,107.0,Düsseldorf II,Landesliste,sarananni.bsky.social,37
Sara Nanni,2024-10-28,-3.2209658037350524,5,22,1987-05-29,weiblich,Grünen,Friedens- und Konfliktforscherin,107.0,Düsseldorf II,Landesliste,sarananni.bsky.social,37
Sara Nanni,2024-11-04,-0.30079293400774154,9,23,1987-05-29,weiblich,Grünen,Friedens- und Konfliktforscherin,107.0,Düsseldorf II,Landesliste,sarananni.bsky.social,37
Sara Nanni,2024-11-11,-0.9510868049183575,3,24,1987-05-29,weiblich,Grünen,Friedens- und Konfliktforscherin,107.0,Düsseldorf II,Landesliste,sarananni.bsky.social,37
Sara Nanni,2024-11-18,-3.0186801339394798,37,25,1987-05-29,weiblich,Grünen,Friedens- und Konfliktforscherin,107.0,Düsseldorf II,Landesliste,sarananni.bsky.social,37
Sara Nanni,2024-11-25,-1.818885849531145,20,26,1987-05-29,weiblich,Grünen,Friedens- und Konfliktforscherin,107.0,Düsseldorf II,Landesliste,sarananni.bsky.social,37
Sara Nanni,2024-12-02,-2.4393528254081738,23,27,1987-05-29,weiblich,Grünen,Friedens- und Konfliktforscherin,107.0,Düsseldorf II,Landesliste,sarananni.bsky.social,37
Sara Nanni,2024-12-09,-2.5557257366030868,2,28,1987-05-29,weiblich,Grünen,Friedens- und Konfliktforscherin,107.0,Düsseldorf II,Landesliste,sarananni.bsky.social,37
Sara Nanni,2024-12-16,-2.0600467728191916,8,29,1987-05-29,weiblich,Grünen,Friedens- und Konfliktforscherin,107.0,Düsseldorf II,Landesliste,sarananni.bsky.social,37
Sara Nanni,2024-12-23,-0.12665464697130263,7,30,1987-05-29,weiblich,Grünen,Friedens- und Konfliktforscherin,107.0,Düsseldorf II,Landesliste,sarananni.bsky.social,37
Sara Nanni,2024-12-30,-1.7101454267505318,5,31,1987-05-29,weiblich,Grünen,Friedens- und Konfliktforscherin,107.0,Düsseldorf II,Landesliste,sarananni.bsky.social,37
Sara Nanni,2025-01-06,-2.4447371882504036,56,32,1987-05-29,weiblich,Grünen,Friedens- und Konfliktforscherin,107.0,Düsseldorf II,Landesliste,sarananni.bsky.social,38
Sara Nanni,2025-01-13,-3.000804042698195,40,33,1987-05-29,weiblich,Grünen,Friedens- und Konfliktforscherin,107.0,Düsseldorf II,Landesliste,sarananni.bsky.social,38
Sara Nanni,2025-01-20,-2.3657049036153306,24,34,1987-05-29,weiblich,Grünen,Friedens- und Konfliktforscherin,107.0,Düsseldorf II,Landesliste,sarananni.bsky.social,38
Sara Nanni,2025-01-27,-2.8560357845576054,48,35,1987-05-29,weiblich,Grünen,Friedens- und Konfliktforscherin,107.0,Düsseldorf II,Landesliste,sarananni.bsky.social,38
Sara Nanni,2025-02-03,-3.168775382828557,31,36,1987-05-29,weiblich,Grünen,Friedens- und Konfliktforscherin,107.0,Düsseldorf II,Landesliste,sarananni.bsky.social,38
Sara Nanni,2025-02-10,-2.820575957346952,37,37,1987-05-29,weiblich,Grünen,Friedens- und Konfliktforscherin,107.0,Düsseldorf II,Landesliste,sarananni.bsky.social,38
Sara Nanni,2025-02-17,-2.4018831217106227,8,38,1987-05-29,weiblich,Grünen,Friedens- und Konfliktforscherin,107.0,Düsseldorf II,Landesliste,sarananni.bsky.social,38
Sara Nanni,2025-02-24,-3.4661783248402935,29,39,1987-05-29,weiblich,Grünen,Friedens- und Konfliktforscherin,107.0,Düsseldorf II,Landesliste,sarananni.bsky.social,38
Sara Nanni,2025-03-03,-3.9023407874887783,51,40,1987-05-29,weiblich,Grünen,Friedens- und Konfliktforscherin,107.0,Düsseldorf II,Landesliste,sarananni.bsky.social,38
Sara Nanni,2025-03-10,-1.9156885473331082,33,41,1987-05-29,weiblich,Grünen,Friedens- und Konfliktforscherin,107.0,Düsseldorf II,Landesliste,sarananni.bsky.social,38
Sara Nanni,2025-03-17,-2.368412714821147,15,42,1987-05-29,weiblich,Grünen,Friedens- und Konfliktforscherin,107.0,Düsseldorf II,Landesliste,sarananni.bsky.social,38
Sara Nanni,2025-03-24,-2.588210658428499,6,43,1987-05-29,weiblich,Grünen,Friedens- und Konfliktforscherin,106.0,Düsseldorf II,Landesliste,sarananni.bsky.social,38
Sara Nanni,2025-03-31,-2.974095960730992,11,44,1987-05-29,weiblich,Grünen,Friedens- und Konfliktforscherin,106.0,Düsseldorf II,Landesliste,sarananni.bsky.social,38
Sara Nanni,2025-04-07,-3.6361220373173286,25,45,1987-05-29,weiblich,Grünen,Friedens- und Konfliktforscherin,106.0,Düsseldorf II,Landesliste,sarananni.bsky.social,38
Sara Nanni,2025-04-14,-4.286419431044026,20,46,1987-05-29,weiblich,Grünen,Friedens- und Konfliktforscherin,106.0,Düsseldorf II,Landesliste,sarananni.bsky.social,38
Sara Nanni,2025-04-21,-0.3208242246779747,5,47,1987-05-29,weiblich,Grünen,Friedens- und Konfliktforscherin,106.0,Düsseldorf II,Landesliste,sarananni.bsky.social,38
Sara Nanni,2025-04-28,-2.0562964860621835,11,48,1987-05-29,weiblich,Grünen,Friedens- und Konfliktforscherin,106.0,Düsseldorf II,Landesliste,sarananni.bsky.social,38
Sara Nanni,2025-05-05,-1.9087109125421236,23,49,1987-05-29,weiblich,Grünen,Friedens- und Konfliktforscherin,106.0,Düsseldorf II,Landesliste,sarananni.bsky.social,38
Sara Nanni,2025-05-12,-3.43835525745489,5,50,1987-05-29,weiblich,Grünen,Friedens- und Konfliktforscherin,106.0,Düsseldorf II,Landesliste,sarananni.bsky.social,38
Sara Nanni,2025-05-19,-1.8002711214789775,8,51,1987-05-29,weiblich,Grünen,Friedens- und Konfliktforscherin,106.0,Düsseldorf II,Landesliste,sarananni.bsky.social,38
Sara Nanni,2025-05-26,-2.3606984520988012,13,52,1987-05-29,weiblich,Grünen,Friedens- und Konfliktforscherin,106.0,Düsseldorf II,Landesliste,sarananni.bsky.social,38
Sara Nanni,2025-06-02,-2.741023137936197,10,53,1987-05-29,weiblich,Grünen,Friedens- und Konfliktforscherin,106.0,Düsseldorf II,Landesliste,sarananni.bsky.social,38
Sara Nanni,2025-06-09,-3.371133065856049,37,54,1987-05-29,weiblich,Grünen,Friedens- und Konfliktforscherin,106.0,Düsseldorf II,Landesliste,sarananni.bsky.social,38
Sara Nanni,2025-06-16,-2.6700794931941547,11,55,1987-05-29,weiblich,Grünen,Friedens- und Konfliktforscherin,106.0,Düsseldorf II,Landesliste,sarananni.bsky.social,38
Sara Nanni,2025-06-23,-2.554302073510041,13,56,1987-05-29,weiblich,Grünen,Friedens- und Konfliktforscherin,106.0,Düsseldorf II,Landesliste,sarananni.bsky.social,38
Sara Nanni,2025-06-30,-1.949369208723373,33,57,1987-05-29,weiblich,Grünen,Friedens- und Konfliktforscherin,106.0,Düsseldorf II,Landesliste,sarananni.bsky.social,38
Sara Nanni,2025-07-07,-3.16858968992222,35,58,1987-05-29,weiblich,Grünen,Friedens- und Konfliktforscherin,106.0,Düsseldorf II,Landesliste,sarananni.bsky.social,38
Sara Nanni,2025-07-14,-2.9394153777565504,21,59,1987-05-29,weiblich,Grünen,Friedens- und Konfliktforscherin,106.0,Düsseldorf II,Landesliste,sarananni.bsky.social,38
Sara Nanni,2025-07-21,-1.4929292717715428,1,60,1987-05-29,weiblich,Grünen,Friedens- und Konfliktforscherin,106.0,Düsseldorf II,Landesliste,sarananni.bsky.social,38
Sara Nanni,2025-07-28,-4.178408522897825,2,61,1987-05-29,weiblich,Grünen,Friedens- und Konfliktforscherin,106.0,Düsseldorf II,Landesliste,sarananni.bsky.social,38
Sascha Müller,2024-05-27,-3.1416335109383966,10,0,1970-04-24,männlich,Grünen,Sportjournalist,245.0,Nürnberg-Süd,Landesliste,saschamk.bsky.social,54
Sascha Müller,2024-06-03,-2.7034391870556505,16,1,1970-04-24,männlich,Grünen,Sportjournalist,245.0,Nürnberg-Süd,Landesliste,saschamk.bsky.social,54
Sascha Müller,2024-06-10,-2.098540066896985,16,2,1970-04-24,männlich,Grünen,Sportjournalist,245.0,Nürnberg-Süd,Landesliste,saschamk.bsky.social,54
Sascha Müller,2024-06-17,-2.6712326360081797,19,3,1970-04-24,männlich,Grünen,Sportjournalist,245.0,Nürnberg-Süd,Landesliste,saschamk.bsky.social,54
Sascha Müller,2024-06-24,-1.5618340199784986,18,4,1970-04-24,männlich,Grünen,Sportjournalist,245.0,Nürnberg-Süd,Landesliste,saschamk.bsky.social,54
Sascha Müller,2024-07-01,-2.5669512882397476,22,5,1970-04-24,männlich,Grünen,Sportjournalist,245.0,Nürnberg-Süd,Landesliste,saschamk.bsky.social,54
Sascha Müller,2024-07-08,-3.793140194770548,11,6,1970-04-24,männlich,Grünen,Sportjournalist,245.0,Nürnberg-Süd,Landesliste,saschamk.bsky.social,54
Sascha Müller,2024-07-15,-0.9318315007986355,23,7,1970-04-24,männlich,Grünen,Sportjournalist,245.0,Nürnberg-Süd,Landesliste,saschamk.bsky.social,54
Sascha Müller,2024-07-22,-2.5842783869661687,6,8,1970-04-24,männlich,Grünen,Sportjournalist,245.0,Nürnberg-Süd,Landesliste,saschamk.bsky.social,54
Sascha Müller,2024-07-29,-2.08815582815788,15,9,1970-04-24,männlich,Grünen,Sportjournalist,245.0,Nürnberg-Süd,Landesliste,saschamk.bsky.social,54
Sascha Müller,2024-08-05,-2.5901636027271504,15,10,1970-04-24,männlich,Grünen,Sportjournalist,245.0,Nürnberg-Süd,Landesliste,saschamk.bsky.social,54
Sascha Müller,2024-08-12,-2.6774345310338687,14,11,1970-04-24,männlich,Grünen,Sportjournalist,245.0,Nürnberg-Süd,Landesliste,saschamk.bsky.social,54
Sascha Müller,2024-08-19,-2.679479161142671,13,12,1970-04-24,männlich,Grünen,Sportjournalist,245.0,Nürnberg-Süd,Landesliste,saschamk.bsky.social,54
Sascha Müller,2024-08-26,-2.5786092882399885,19,13,1970-04-24,männlich,Grünen,Sportjournalist,245.0,Nürnberg-Süd,Landesliste,saschamk.bsky.social,54
Sascha Müller,2024-09-02,-2.7570778625309016,17,14,1970-04-24,männlich,Grünen,Sportjournalist,245.0,Nürnberg-Süd,Landesliste,saschamk.bsky.social,54
Sascha Müller,2024-09-09,-2.481757802251642,23,15,1970-04-24,männlich,Grünen,Sportjournalist,245.0,Nürnberg-Süd,Landesliste,saschamk.bsky.social,54
Sascha Müller,2024-09-16,-1.861619359637113,27,16,1970-04-24,männlich,Grünen,Sportjournalist,245.0,Nürnberg-Süd,Landesliste,saschamk.bsky.social,54
Sascha Müller,2024-09-23,-2.347507938930695,9,17,1970-04-24,männlich,Grünen,Sportjournalist,245.0,Nürnberg-Süd,Landesliste,saschamk.bsky.social,54
Sascha Müller,2024-09-30,-2.263294569805619,17,18,1970-04-24,männlich,Grünen,Sportjournalist,245.0,Nürnberg-Süd,Landesliste,saschamk.bsky.social,54
Sascha Müller,2024-10-07,-2.9724165773213875,10,19,1970-04-24,männlich,Grünen,Sportjournalist,245.0,Nürnberg-Süd,Landesliste,saschamk.bsky.social,54
Sascha Müller,2024-10-14,-4.019358964151426,2,20,1970-04-24,männlich,Grünen,Sportjournalist,245.0,Nürnberg-Süd,Landesliste,saschamk.bsky.social,54
Sascha Müller,2024-10-21,-2.4521287824147633,15,21,1970-04-24,männlich,Grünen,Sportjournalist,245.0,Nürnberg-Süd,Landesliste,saschamk.bsky.social,54
Sascha Müller,2024-10-28,-2.0494425540494277,20,22,1970-04-24,männlich,Grünen,Sportjournalist,245.0,Nürnberg-Süd,Landesliste,saschamk.bsky.social,54
Sascha Müller,2024-11-04,-1.5523412435751542,18,23,1970-04-24,männlich,Grünen,Sportjournalist,245.0,Nürnberg-Süd,Landesliste,saschamk.bsky.social,54
Sascha Müller,2024-11-11,-2.932937398036368,18,24,1970-04-24,männlich,Grünen,Sportjournalist,245.0,Nürnberg-Süd,Landesliste,saschamk.bsky.social,54
Sascha Müller,2024-11-18,-2.6209166512471236,13,25,1970-04-24,männlich,Grünen,Sportjournalist,245.0,Nürnberg-Süd,Landesliste,saschamk.bsky.social,54
Sascha Müller,2024-11-25,-2.6745267183852466,18,26,1970-04-24,männlich,Grünen,Sportjournalist,245.0,Nürnberg-Süd,Landesliste,saschamk.bsky.social,54
Sascha Müller,2024-12-02,-1.7570094955930367,21,27,1970-04-24,männlich,Grünen,Sportjournalist,245.0,Nürnberg-Süd,Landesliste,saschamk.bsky.social,54
Sascha Müller,2024-12-09,-2.7725558262105605,19,28,1970-04-24,männlich,Grünen,Sportjournalist,245.0,Nürnberg-Süd,Landesliste,saschamk.bsky.social,54
Sascha Müller,2024-12-16,-1.298479905922762,24,29,1970-04-24,männlich,Grünen,Sportjournalist,245.0,Nürnberg-Süd,Landesliste,saschamk.bsky.social,54
Sascha Müller,2024-12-23,0.9647456871991106,13,30,1970-04-24,männlich,Grünen,Sportjournalist,245.0,Nürnberg-Süd,Landesliste,saschamk.bsky.social,54
Sascha Müller,2024-12-30,-4.074917048321546,11,31,1970-04-24,männlich,Grünen,Sportjournalist,245.0,Nürnberg-Süd,Landesliste,saschamk.bsky.social,54
Sascha Müller,2025-01-06,-3.8935806633338674,22,32,1970-04-24,männlich,Grünen,Sportjournalist,245.0,Nürnberg-Süd,Landesliste,saschamk.bsky.social,55
Sascha Müller,2025-01-13,-2.8411341809210784,16,33,1970-04-24,männlich,Grünen,Sportjournalist,245.0,Nürnberg-Süd,Landesliste,saschamk.bsky.social,55
Sascha Müller,2025-01-20,-0.7951309866367325,24,34,1970-04-24,männlich,Grünen,Sportjournalist,245.0,Nürnberg-Süd,Landesliste,saschamk.bsky.social,55
Sascha Müller,2025-01-27,-1.470885140605575,19,35,1970-04-24,männlich,Grünen,Sportjournalist,245.0,Nürnberg-Süd,Landesliste,saschamk.bsky.social,55
Sascha Müller,2025-02-03,-2.871172378336506,22,36,1970-04-24,männlich,Grünen,Sportjournalist,245.0,Nürnberg-Süd,Landesliste,saschamk.bsky.social,55
Sascha Müller,2025-02-10,-2.5858577626086436,32,37,1970-04-24,männlich,Grünen,Sportjournalist,245.0,Nürnberg-Süd,Landesliste,saschamk.bsky.social,55
Sascha Müller,2025-02-17,-2.3217356992465477,22,38,1970-04-24,männlich,Grünen,Sportjournalist,245.0,Nürnberg-Süd,Landesliste,saschamk.bsky.social,55
Sascha Müller,2025-02-24,-1.9901977239257516,29,39,1970-04-24,männlich,Grünen,Sportjournalist,245.0,Nürnberg-Süd,Landesliste,saschamk.bsky.social,55
Sascha Müller,2025-03-03,-3.17337220710081,24,40,1970-04-24,männlich,Grünen,Sportjournalist,245.0,Nürnberg-Süd,Landesliste,saschamk.bsky.social,55
Sascha Müller,2025-03-10,-2.2951032305420043,40,41,1970-04-24,männlich,Grünen,Sportjournalist,245.0,Nürnberg-Süd,Landesliste,saschamk.bsky.social,55
Sascha Müller,2025-03-17,-3.362806860817549,21,42,1970-04-24,männlich,Grünen,Sportjournalist,245.0,Nürnberg-Süd,Landesliste,saschamk.bsky.social,55
Sascha Wagner,2025-06-02,-1.5329644323091645,1,53,1980-05-23,männlich,Die LINKE,Angestellter,116.0,Oberhausen – Wesel III,Landesliste,saschahwagner.bsky.social,45
Sascha Wagner,2025-06-09,-5.835095202211252,1,54,1980-05-23,männlich,Die LINKE,Angestellter,116.0,Oberhausen – Wesel III,Landesliste,saschahwagner.bsky.social,45
Sascha Wagner,2025-06-23,-0.87607737838,2,56,1980-05-23,männlich,Die LINKE,Angestellter,116.0,Oberhausen – Wesel III,Landesliste,saschahwagner.bsky.social,45
Saskia Esken,2024-06-03,2.019787263911551,2,1,1961-08-28,weiblich,SPD,staatl. geprüfte Informatikerin,280.0,Calw,Landesliste,eskensaskia.bsky.social,63
Saskia Esken,2024-06-10,-1.7022668946509485,3,2,1961-08-28,weiblich,SPD,staatl. geprüfte Informatikerin,280.0,Calw,Landesliste,eskensaskia.bsky.social,63
Saskia Esken,2024-06-24,0.17017313178392446,3,4,1961-08-28,weiblich,SPD,staatl. geprüfte Informatikerin,280.0,Calw,Landesliste,eskensaskia.bsky.social,63
Saskia Esken,2024-07-15,1.1042597214108556,2,7,1961-08-28,weiblich,SPD,staatl. geprüfte Informatikerin,280.0,Calw,Landesliste,eskensaskia.bsky.social,63
Saskia Esken,2024-08-19,-1.459284568930263,9,12,1961-08-28,weiblich,SPD,staatl. geprüfte Informatikerin,280.0,Calw,Landesliste,eskensaskia.bsky.social,63
Saskia Esken,2025-06-23,2.2718270198140167,2,56,1961-08-28,weiblich,SPD,staatl. geprüfte Informatikerin,280.0,Calw,Landesliste,eskensaskia.bsky.social,64
Saskia Esken,2025-06-30,0.030679692619169224,1,57,1961-08-28,weiblich,SPD,staatl. geprüfte Informatikerin,280.0,Calw,Landesliste,eskensaskia.bsky.social,64
Saskia Esken,2025-07-07,-3.884053200436799,4,58,1961-08-28,weiblich,SPD,staatl. geprüfte Informatikerin,280.0,Calw,Landesliste,eskensaskia.bsky.social,64
Saskia Esken,2025-07-28,-3.988910181546153,1,61,1961-08-28,weiblich,SPD,staatl. geprüfte Informatikerin,280.0,Calw,Landesliste,eskensaskia.bsky.social,64
Schahina Gambir,2024-11-11,0.4054976708261735,4,24,1991-06-06,weiblich,Grünen,,134.0,Minden-Lübbecke I,Landesliste,schahinagambir.bsky.social,33
Schahina Gambir,2024-11-25,-4.735683317057468,1,26,1991-06-06,weiblich,Grünen,,134.0,Minden-Lübbecke I,Landesliste,schahinagambir.bsky.social,33
Schahina Gambir,2024-12-02,-6.444156126139819,1,27,1991-06-06,weiblich,Grünen,,134.0,Minden-Lübbecke I,Landesliste,schahinagambir.bsky.social,33
Schahina Gambir,2024-12-16,-0.5663865883131657,3,29,1991-06-06,weiblich,Grünen,,134.0,Minden-Lübbecke I,Landesliste,schahinagambir.bsky.social,33
Schahina Gambir,2025-01-06,-2.0158443161593502,3,32,1991-06-06,weiblich,Grünen,,134.0,Minden-Lübbecke I,Landesliste,schahinagambir.bsky.social,34
Schahina Gambir,2025-01-13,-2.8634414596163875,4,33,1991-06-06,weiblich,Grünen,,134.0,Minden-Lübbecke I,Landesliste,schahinagambir.bsky.social,34
Schahina Gambir,2025-01-20,-2.1352829118890315,8,34,1991-06-06,weiblich,Grünen,,134.0,Minden-Lübbecke I,Landesliste,schahinagambir.bsky.social,34
Schahina Gambir,2025-02-10,-5.256568140057174,2,37,1991-06-06,weiblich,Grünen,,134.0,Minden-Lübbecke I,Landesliste,schahinagambir.bsky.social,34
Schahina Gambir,2025-02-24,-2.9609387434217753,2,39,1991-06-06,weiblich,Grünen,,134.0,Minden-Lübbecke I,Landesliste,schahinagambir.bsky.social,34
Schahina Gambir,2025-03-03,-2.564344259075446,4,40,1991-06-06,weiblich,Grünen,,134.0,Minden-Lübbecke I,Landesliste,schahinagambir.bsky.social,34
Schahina Gambir,2025-03-10,-2.691898777913028,6,41,1991-06-06,weiblich,Grünen,,134.0,Minden-Lübbecke I,Landesliste,schahinagambir.bsky.social,34
Schahina Gambir,2025-03-17,-3.020040943710322,4,42,1991-06-06,weiblich,Grünen,,134.0,Minden-Lübbecke I,Landesliste,schahinagambir.bsky.social,34
Schahina Gambir,2025-04-07,-3.5551405781039107,6,45,1991-06-06,weiblich,Grünen,,133.0,Minden-Lübbecke I,Landesliste,schahinagambir.bsky.social,34
Schahina Gambir,2025-04-14,0.059741372568493434,2,46,1991-06-06,weiblich,Grünen,,133.0,Minden-Lübbecke I,Landesliste,schahinagambir.bsky.social,34
Schahina Gambir,2025-04-21,-1.5242403585118978,18,47,1991-06-06,weiblich,Grünen,,133.0,Minden-Lübbecke I,Landesliste,schahinagambir.bsky.social,34
Schahina Gambir,2025-04-28,-2.1982586505769546,6,48,1991-06-06,weiblich,Grünen,,133.0,Minden-Lübbecke I,Landesliste,schahinagambir.bsky.social,34
Schahina Gambir,2025-05-05,-2.833850187502465,13,49,1991-06-06,weiblich,Grünen,,133.0,Minden-Lübbecke I,Landesliste,schahinagambir.bsky.social,34
Schahina Gambir,2025-05-12,-1.7450955799377157,1,50,1991-06-06,weiblich,Grünen,,133.0,Minden-Lübbecke I,Landesliste,schahinagambir.bsky.social,34
Schahina Gambir,2025-05-26,-0.7646108613603965,18,52,1991-06-06,weiblich,Grünen,,133.0,Minden-Lübbecke I,Landesliste,schahinagambir.bsky.social,34
Schahina Gambir,2025-06-02,-2.026649703210061,2,53,1991-06-06,weiblich,Grünen,,133.0,Minden-Lübbecke I,Landesliste,schahinagambir.bsky.social,34
Schahina Gambir,2025-06-09,-2.949508019375917,9,54,1991-06-06,weiblich,Grünen,,133.0,Minden-Lübbecke I,Landesliste,schahinagambir.bsky.social,34
Schahina Gambir,2025-06-16,-4.164002690322525,7,55,1991-06-06,weiblich,Grünen,,133.0,Minden-Lübbecke I,Landesliste,schahinagambir.bsky.social,34
Schahina Gambir,2025-06-23,-4.462699146731261,8,56,1991-06-06,weiblich,Grünen,,133.0,Minden-Lübbecke I,Landesliste,schahinagambir.bsky.social,34
Schahina Gambir,2025-06-30,-3.558848341637158,8,57,1991-06-06,weiblich,Grünen,,133.0,Minden-Lübbecke I,Landesliste,schahinagambir.bsky.social,34
Schahina Gambir,2025-07-07,-5.842009971213458,1,58,1991-06-06,weiblich,Grünen,,133.0,Minden-Lübbecke I,Landesliste,schahinagambir.bsky.social,34
Schahina Gambir,2025-07-14,-2.842818046304353,16,59,1991-06-06,weiblich,Grünen,,133.0,Minden-Lübbecke I,Landesliste,schahinagambir.bsky.social,34
Sebastian Steineke,2025-04-07,1.4224908543996475,2,45,1973-06-19,männlich,CDU/CSU,Rechtsanwalt,56.0,Prignitz – Ostprignitz-Ruppin – Havelland I,Landesliste,sebastiansteineke.bsky.social,52
Sebastian Steineke,2025-04-14,5.592418484845145,1,46,1973-06-19,männlich,CDU/CSU,Rechtsanwalt,56.0,Prignitz – Ostprignitz-Ruppin – Havelland I,Landesliste,sebastiansteineke.bsky.social,52
Sebastian Steineke,2025-05-12,-0.7699571867054477,1,50,1973-06-19,männlich,CDU/CSU,Rechtsanwalt,56.0,Prignitz – Ostprignitz-Ruppin – Havelland I,Landesliste,sebastiansteineke.bsky.social,52
Sebastian Steineke,2025-05-19,-0.5450991871984724,1,51,1973-06-19,männlich,CDU/CSU,Rechtsanwalt,56.0,Prignitz – Ostprignitz-Ruppin – Havelland I,Landesliste,sebastiansteineke.bsky.social,52
Serap Güler,2024-12-16,1.465830377502606,2,29,1980-07-07,weiblich,CDU/CSU,Beamtin,101.0,Leverkusen - Köln IV,Landesliste,serapgueler.bsky.social,44
Serap Güler,2025-01-06,1.6842766405279617,2,32,1980-07-07,weiblich,CDU/CSU,Beamtin,101.0,Leverkusen - Köln IV,Landesliste,serapgueler.bsky.social,45
Serap Güler,2025-01-13,-0.09600074338640614,6,33,1980-07-07,weiblich,CDU/CSU,Beamtin,101.0,Leverkusen - Köln IV,Landesliste,serapgueler.bsky.social,45
Serap Güler,2025-01-20,0.0207273237859865,1,34,1980-07-07,weiblich,CDU/CSU,Beamtin,101.0,Leverkusen - Köln IV,Landesliste,serapgueler.bsky.social,45
Serap Güler,2025-02-03,-2.567321289194366,1,36,1980-07-07,weiblich,CDU/CSU,Beamtin,101.0,Leverkusen - Köln IV,Landesliste,serapgueler.bsky.social,45
Simone Fischer,2025-03-24,5.022416071835573,1,43,1979-06-24,weiblich,Grünen,Beamtin,258.0,Stuttgart I,Direktwahl,simonefischer258.bsky.social,46
Simone Fischer,2025-04-07,-4.002498682264811,6,45,1979-06-24,weiblich,Grünen,Beamtin,258.0,Stuttgart I,Direktwahl,simonefischer258.bsky.social,46
Simone Fischer,2025-04-28,0.0901625278893044,6,48,1979-06-24,weiblich,Grünen,Beamtin,258.0,Stuttgart I,Direktwahl,simonefischer258.bsky.social,46
Simone Fischer,2025-05-05,-0.9689596316566604,1,49,1979-06-24,weiblich,Grünen,Beamtin,258.0,Stuttgart I,Direktwahl,simonefischer258.bsky.social,46
Simone Fischer,2025-05-12,5.447813166308536,1,50,1979-06-24,weiblich,Grünen,Beamtin,258.0,Stuttgart I,Direktwahl,simonefischer258.bsky.social,46
Simone Fischer,2025-05-19,-1.8856317129172135,6,51,1979-06-24,weiblich,Grünen,Beamtin,258.0,Stuttgart I,Direktwahl,simonefischer258.bsky.social,46
Simone Fischer,2025-06-02,-4.331575844318857,3,53,1979-06-24,weiblich,Grünen,Beamtin,258.0,Stuttgart I,Direktwahl,simonefischer258.bsky.social,46
Simone Fischer,2025-06-30,-3.2475730759612866,5,57,1979-06-24,weiblich,Grünen,Beamtin,258.0,Stuttgart I,Direktwahl,simonefischer258.bsky.social,46
Simone Fischer,2025-07-21,1.7021551323280764,1,60,1979-06-24,weiblich,Grünen,Beamtin,258.0,Stuttgart I,Direktwahl,simonefischer258.bsky.social,46
Sonja Lemke,2025-03-24,1.7651717468058272,2,43,1991-11-22,weiblich,Die LINKE,Informatikerin,142.0,Dortmund II,Landesliste,sonjalemke.dielinkebt.de,34
Sonja Lemke,2025-04-07,-3.098296168568295,4,45,1991-11-22,weiblich,Die LINKE,Informatikerin,142.0,Dortmund II,Landesliste,sonjalemke.dielinkebt.de,34
Sonja Lemke,2025-04-21,-1.6281864677225208,10,47,1991-11-22,weiblich,Die LINKE,Informatikerin,142.0,Dortmund II,Landesliste,sonjalemke.dielinkebt.de,34
Sonja Lemke,2025-04-28,1.3274969225769886,2,48,1991-11-22,weiblich,Die LINKE,Informatikerin,142.0,Dortmund II,Landesliste,sonjalemke.dielinkebt.de,34
Sonja Lemke,2025-05-12,0.8606255800850786,2,50,1991-11-22,weiblich,Die LINKE,Informatikerin,142.0,Dortmund II,Landesliste,sonjalemke.dielinkebt.de,34
Sonja Lemke,2025-05-19,-1.3385421003266338,1,51,1991-11-22,weiblich,Die LINKE,Informatikerin,142.0,Dortmund II,Landesliste,sonjalemke.dielinkebt.de,34
Sonja Lemke,2025-05-26,0.21750593242526578,2,52,1991-11-22,weiblich,Die LINKE,Informatikerin,142.0,Dortmund II,Landesliste,sonjalemke.dielinkebt.de,34
Sonja Lemke,2025-06-09,-2.8779303494979094,2,54,1991-11-22,weiblich,Die LINKE,Informatikerin,142.0,Dortmund II,Landesliste,sonjalemke.dielinkebt.de,34
Sonja Lemke,2025-06-16,-3.622839578783699,2,55,1991-11-22,weiblich,Die LINKE,Informatikerin,142.0,Dortmund II,Landesliste,sonjalemke.dielinkebt.de,34
Sonja Lemke,2025-06-23,-2.770921719828284,6,56,1991-11-22,weiblich,Die LINKE,Informatikerin,142.0,Dortmund II,Landesliste,sonjalemke.dielinkebt.de,34
Sonja Lemke,2025-07-14,0.6469571445167313,9,59,1991-11-22,weiblich,Die LINKE,Informatikerin,142.0,Dortmund II,Landesliste,sonjalemke.dielinkebt.de,34
Sonja Lemke,2025-07-21,-1.9070826805510392,5,60,1991-11-22,weiblich,Die LINKE,Informatikerin,142.0,Dortmund II,Landesliste,sonjalemke.dielinkebt.de,34
Stefan Seidler,2025-01-27,-6.379159602017219,1,35,1979-12-18,männlich,Fraktionslos,Regierungs-Koordinator/Politischer Berater,1.0,Flensburg - Schleswig,Landesliste,stefanseidlerssw.bsky.social,46
Stefan Wenzel,2024-12-02,-0.25163454829532705,3,27,1962-05-05,männlich,Grünen,Agrarökonom,29.0,Cuxhaven - Stade II,Landesliste,stefwenzel.bsky.social,62
Steffi Lemke,2024-07-01,-1.03417886062242,1,5,1968-01-19,weiblich,Grünen,Dipl.-Agraringenieurin,70.0,Dessau - Wittenberg,Landesliste,steffi-lemke.de,56
Steffi Lemke,2024-09-09,2.949707864297526,1,15,1968-01-19,weiblich,Grünen,Dipl.-Agraringenieurin,70.0,Dessau - Wittenberg,Landesliste,steffi-lemke.de,56
Steffi Lemke,2024-09-30,5.274541054851152,2,18,1968-01-19,weiblich,Grünen,Dipl.-Agraringenieurin,70.0,Dessau - Wittenberg,Landesliste,steffi-lemke.de,56
Steffi Lemke,2024-10-07,-0.930422478035502,2,19,1968-01-19,weiblich,Grünen,Dipl.-Agraringenieurin,70.0,Dessau - Wittenberg,Landesliste,steffi-lemke.de,56
Steffi Lemke,2024-10-14,0.7574776505802046,4,20,1968-01-19,weiblich,Grünen,Dipl.-Agraringenieurin,70.0,Dessau - Wittenberg,Landesliste,steffi-lemke.de,56
Steffi Lemke,2024-10-21,2.463099922506717,5,21,1968-01-19,weiblich,Grünen,Dipl.-Agraringenieurin,70.0,Dessau - Wittenberg,Landesliste,steffi-lemke.de,56
Steffi Lemke,2024-10-28,-0.5296331421512559,14,22,1968-01-19,weiblich,Grünen,Dipl.-Agraringenieurin,70.0,Dessau - Wittenberg,Landesliste,steffi-lemke.de,56
Steffi Lemke,2024-11-04,-1.7027757194837227,5,23,1968-01-19,weiblich,Grünen,Dipl.-Agraringenieurin,70.0,Dessau - Wittenberg,Landesliste,steffi-lemke.de,56
Steffi Lemke,2024-11-11,-0.495153767045929,15,24,1968-01-19,weiblich,Grünen,Dipl.-Agraringenieurin,70.0,Dessau - Wittenberg,Landesliste,steffi-lemke.de,56
Steffi Lemke,2024-11-18,2.3089925038144496,5,25,1968-01-19,weiblich,Grünen,Dipl.-Agraringenieurin,70.0,Dessau - Wittenberg,Landesliste,steffi-lemke.de,56
Steffi Lemke,2024-11-25,-1.6852265640937,13,26,1968-01-19,weiblich,Grünen,Dipl.-Agraringenieurin,70.0,Dessau - Wittenberg,Landesliste,steffi-lemke.de,56
Steffi Lemke,2024-12-02,-0.7060360595029022,3,27,1968-01-19,weiblich,Grünen,Dipl.-Agraringenieurin,70.0,Dessau - Wittenberg,Landesliste,steffi-lemke.de,56
Steffi Lemke,2024-12-09,-0.08925933231528065,5,28,1968-01-19,weiblich,Grünen,Dipl.-Agraringenieurin,70.0,Dessau - Wittenberg,Landesliste,steffi-lemke.de,56
Steffi Lemke,2024-12-16,-1.6983630056736232,8,29,1968-01-19,weiblich,Grünen,Dipl.-Agraringenieurin,70.0,Dessau - Wittenberg,Landesliste,steffi-lemke.de,56
Steffi Lemke,2024-12-23,5.013323466936601,1,30,1968-01-19,weiblich,Grünen,Dipl.-Agraringenieurin,70.0,Dessau - Wittenberg,Landesliste,steffi-lemke.de,56
Steffi Lemke,2024-12-30,-0.020342483224906744,7,31,1968-01-19,weiblich,Grünen,Dipl.-Agraringenieurin,70.0,Dessau - Wittenberg,Landesliste,steffi-lemke.de,56
Steffi Lemke,2025-01-06,-0.6714550645709825,5,32,1968-01-19,weiblich,Grünen,Dipl.-Agraringenieurin,70.0,Dessau - Wittenberg,Landesliste,steffi-lemke.de,57
Steffi Lemke,2025-01-13,-1.7893670142913134,4,33,1968-01-19,weiblich,Grünen,Dipl.-Agraringenieurin,70.0,Dessau - Wittenberg,Landesliste,steffi-lemke.de,57
Steffi Lemke,2025-01-20,-1.6116135848860302,4,34,1968-01-19,weiblich,Grünen,Dipl.-Agraringenieurin,70.0,Dessau - Wittenberg,Landesliste,steffi-lemke.de,57
Steffi Lemke,2025-01-27,-3.718430996120346,13,35,1968-01-19,weiblich,Grünen,Dipl.-Agraringenieurin,70.0,Dessau - Wittenberg,Landesliste,steffi-lemke.de,57
Steffi Lemke,2025-02-03,-1.0472297305818261,13,36,1968-01-19,weiblich,Grünen,Dipl.-Agraringenieurin,70.0,Dessau - Wittenberg,Landesliste,steffi-lemke.de,57
Steffi Lemke,2025-02-10,-1.682678827940189,8,37,1968-01-19,weiblich,Grünen,Dipl.-Agraringenieurin,70.0,Dessau - Wittenberg,Landesliste,steffi-lemke.de,57
Steffi Lemke,2025-02-17,-0.425196639630201,8,38,1968-01-19,weiblich,Grünen,Dipl.-Agraringenieurin,70.0,Dessau - Wittenberg,Landesliste,steffi-lemke.de,57
Steffi Lemke,2025-02-24,-0.4118339827263792,5,39,1968-01-19,weiblich,Grünen,Dipl.-Agraringenieurin,70.0,Dessau - Wittenberg,Landesliste,steffi-lemke.de,57
Steffi Lemke,2025-03-03,-4.707932292005081,2,40,1968-01-19,weiblich,Grünen,Dipl.-Agraringenieurin,70.0,Dessau - Wittenberg,Landesliste,steffi-lemke.de,57
Steffi Lemke,2025-03-10,-2.6091271373161846,5,41,1968-01-19,weiblich,Grünen,Dipl.-Agraringenieurin,70.0,Dessau - Wittenberg,Landesliste,steffi-lemke.de,57
Steffi Lemke,2025-03-17,0.6160904645979829,4,42,1968-01-19,weiblich,Grünen,Dipl.-Agraringenieurin,70.0,Dessau - Wittenberg,Landesliste,steffi-lemke.de,57
Steffi Lemke,2025-03-24,-1.8883325050668638,5,43,1968-01-19,weiblich,Grünen,Dipl.-Agraringenieurin,70.0,Anhalt – Dessau – Wittenberg,Landesliste,steffi-lemke.de,57
Steffi Lemke,2025-03-31,-1.7056872663303313,10,44,1968-01-19,weiblich,Grünen,Dipl.-Agraringenieurin,70.0,Anhalt – Dessau – Wittenberg,Landesliste,steffi-lemke.de,57
Steffi Lemke,2025-04-07,-0.22186723824102003,7,45,1968-01-19,weiblich,Grünen,Dipl.-Agraringenieurin,70.0,Anhalt – Dessau – Wittenberg,Landesliste,steffi-lemke.de,57
Steffi Lemke,2025-04-14,-0.6855147709552605,3,46,1968-01-19,weiblich,Grünen,Dipl.-Agraringenieurin,70.0,Anhalt – Dessau – Wittenberg,Landesliste,steffi-lemke.de,57
Steffi Lemke,2025-04-21,-1.3716782241232455,3,47,1968-01-19,weiblich,Grünen,Dipl.-Agraringenieurin,70.0,Anhalt – Dessau – Wittenberg,Landesliste,steffi-lemke.de,57
Steffi Lemke,2025-04-28,-0.7864402483171972,4,48,1968-01-19,weiblich,Grünen,Dipl.-Agraringenieurin,70.0,Anhalt – Dessau – Wittenberg,Landesliste,steffi-lemke.de,57
Steffi Lemke,2025-05-05,0.5817517317979213,5,49,1968-01-19,weiblich,Grünen,Dipl.-Agraringenieurin,70.0,Anhalt – Dessau – Wittenberg,Landesliste,steffi-lemke.de,57
Steffi Lemke,2025-05-12,-1.2408856407129591,9,50,1968-01-19,weiblich,Grünen,Dipl.-Agraringenieurin,70.0,Anhalt – Dessau – Wittenberg,Landesliste,steffi-lemke.de,57
Steffi Lemke,2025-05-19,-1.4323557406764975,9,51,1968-01-19,weiblich,Grünen,Dipl.-Agraringenieurin,70.0,Anhalt – Dessau – Wittenberg,Landesliste,steffi-lemke.de,57
Steffi Lemke,2025-05-26,-0.30242367367363365,5,52,1968-01-19,weiblich,Grünen,Dipl.-Agraringenieurin,70.0,Anhalt – Dessau – Wittenberg,Landesliste,steffi-lemke.de,57
Steffi Lemke,2025-06-02,-2.190555579338495,9,53,1968-01-19,weiblich,Grünen,Dipl.-Agraringenieurin,70.0,Anhalt – Dessau – Wittenberg,Landesliste,steffi-lemke.de,57
Steffi Lemke,2025-06-09,-2.1060822139338136,10,54,1968-01-19,weiblich,Grünen,Dipl.-Agraringenieurin,70.0,Anhalt – Dessau – Wittenberg,Landesliste,steffi-lemke.de,57
Steffi Lemke,2025-06-16,-1.9180234795911588,5,55,1968-01-19,weiblich,Grünen,Dipl.-Agraringenieurin,70.0,Anhalt – Dessau – Wittenberg,Landesliste,steffi-lemke.de,57
Steffi Lemke,2025-06-23,-3.265383045496004,5,56,1968-01-19,weiblich,Grünen,Dipl.-Agraringenieurin,70.0,Anhalt – Dessau – Wittenberg,Landesliste,steffi-lemke.de,57
Steffi Lemke,2025-06-30,-2.741937060720511,6,57,1968-01-19,weiblich,Grünen,Dipl.-Agraringenieurin,70.0,Anhalt – Dessau – Wittenberg,Landesliste,steffi-lemke.de,57
Steffi Lemke,2025-07-07,-3.231998857982588,4,58,1968-01-19,weiblich,Grünen,Dipl.-Agraringenieurin,70.0,Anhalt – Dessau – Wittenberg,Landesliste,steffi-lemke.de,57
Steffi Lemke,2025-07-14,-5.814681082347764,1,59,1968-01-19,weiblich,Grünen,Dipl.-Agraringenieurin,70.0,Anhalt – Dessau – Wittenberg,Landesliste,steffi-lemke.de,57
Steffi Lemke,2025-07-21,-0.29702491361340844,2,60,1968-01-19,weiblich,Grünen,Dipl.-Agraringenieurin,70.0,Anhalt – Dessau – Wittenberg,Landesliste,steffi-lemke.de,57
Steffi Lemke,2025-07-28,-6.273138065763437,1,61,1968-01-19,weiblich,Grünen,Dipl.-Agraringenieurin,70.0,Anhalt – Dessau – Wittenberg,Landesliste,steffi-lemke.de,57
Stephanie Aeffner,2024-06-03,-3.4181863546355844,5,1,1976-04-29,weiblich,Grünen,Diplom-Sozialarbeiterin (FH),279.0,Pforzheim,Landesliste,stepnieaeffner.bsky.social,48
Stephanie Aeffner,2024-07-22,-3.0293425379608805,2,8,1976-04-29,weiblich,Grünen,Diplom-Sozialarbeiterin (FH),279.0,Pforzheim,Landesliste,stepnieaeffner.bsky.social,48
Stephanie Aeffner,2024-11-11,3.5531123824769923,1,24,1976-04-29,weiblich,Grünen,Diplom-Sozialarbeiterin (FH),279.0,Pforzheim,Landesliste,stepnieaeffner.bsky.social,48
Stephanie Aeffner,2024-11-25,-0.3021110570213633,2,26,1976-04-29,weiblich,Grünen,Diplom-Sozialarbeiterin (FH),279.0,Pforzheim,Landesliste,stepnieaeffner.bsky.social,48
Stephanie Aeffner,2024-12-02,5.8294370468738475,1,27,1976-04-29,weiblich,Grünen,Diplom-Sozialarbeiterin (FH),279.0,Pforzheim,Landesliste,stepnieaeffner.bsky.social,48
Stephanie Aeffner,2024-12-16,-0.19115768666502694,5,29,1976-04-29,weiblich,Grünen,Diplom-Sozialarbeiterin (FH),279.0,Pforzheim,Landesliste,stepnieaeffner.bsky.social,48
Stephanie Aeffner,2025-01-06,-5.896218244979636,1,32,1976-04-29,weiblich,Grünen,Diplom-Sozialarbeiterin (FH),279.0,Pforzheim,Landesliste,stepnieaeffner.bsky.social,49
Sven Lehmann,2024-11-18,0.4047592232980053,2,25,1979-12-04,männlich,Grünen,,94.0,Köln II,Direktwahl,sven-lehmann.eu,45
Sven Lehmann,2024-11-25,0.3254559816199536,3,26,1979-12-04,männlich,Grünen,,94.0,Köln II,Direktwahl,sven-lehmann.eu,45
Sven Lehmann,2024-12-02,1.8690413623592592,2,27,1979-12-04,männlich,Grünen,,94.0,Köln II,Direktwahl,sven-lehmann.eu,45
Sven Lehmann,2024-12-09,1.0196414808147978,4,28,1979-12-04,männlich,Grünen,,94.0,Köln II,Direktwahl,sven-lehmann.eu,45
Sven Lehmann,2024-12-16,0.623234625287271,6,29,1979-12-04,männlich,Grünen,,94.0,Köln II,Direktwahl,sven-lehmann.eu,45
Sven Lehmann,2024-12-30,1.399814128183991,4,31,1979-12-04,männlich,Grünen,,94.0,Köln II,Direktwahl,sven-lehmann.eu,45
Sven Lehmann,2025-01-06,2.1159668899613178,3,32,1979-12-04,männlich,Grünen,,94.0,Köln II,Direktwahl,sven-lehmann.eu,46
Sven Lehmann,2025-01-13,-3.688636799308261,4,33,1979-12-04,männlich,Grünen,,94.0,Köln II,Direktwahl,sven-lehmann.eu,46
Sven Lehmann,2025-01-20,-4.960775917015308,3,34,1979-12-04,männlich,Grünen,,94.0,Köln II,Direktwahl,sven-lehmann.eu,46
Sven Lehmann,2025-01-27,-0.8712135763375473,4,35,1979-12-04,männlich,Grünen,,94.0,Köln II,Direktwahl,sven-lehmann.eu,46
Sven Lehmann,2025-02-03,1.0848411250172894,2,36,1979-12-04,männlich,Grünen,,94.0,Köln II,Direktwahl,sven-lehmann.eu,46
Sven Lehmann,2025-02-10,-1.2977936794938343,7,37,1979-12-04,männlich,Grünen,,94.0,Köln II,Direktwahl,sven-lehmann.eu,46
Sven Lehmann,2025-02-17,-0.2658023955993922,2,38,1979-12-04,männlich,Grünen,,94.0,Köln II,Direktwahl,sven-lehmann.eu,46
Sven Lehmann,2025-02-24,-1.8020745109917162,4,39,1979-12-04,männlich,Grünen,,94.0,Köln II,Direktwahl,sven-lehmann.eu,46
Sven Lehmann,2025-03-03,-4.360480602233663,2,40,1979-12-04,männlich,Grünen,,94.0,Köln II,Direktwahl,sven-lehmann.eu,46
Sven Lehmann,2025-03-10,-1.154947713220358,11,41,1979-12-04,männlich,Grünen,,94.0,Köln II,Direktwahl,sven-lehmann.eu,46
Sven Lehmann,2025-03-17,4.5100807753922005,1,42,1979-12-04,männlich,Grünen,,94.0,Köln II,Direktwahl,sven-lehmann.eu,46
Sven Lehmann,2025-03-24,-1.128788112040049,6,43,1979-12-04,männlich,Grünen,,93.0,Köln II,Direktwahl,sven-lehmann.eu,46
Sven Lehmann,2025-03-31,-2.4974516010401033,2,44,1979-12-04,männlich,Grünen,,93.0,Köln II,Direktwahl,sven-lehmann.eu,46
Sven Lehmann,2025-04-07,-3.116243914872138,11,45,1979-12-04,männlich,Grünen,,93.0,Köln II,Direktwahl,sven-lehmann.eu,46
Sven Lehmann,2025-04-14,-0.24945333663073788,3,46,1979-12-04,männlich,Grünen,,93.0,Köln II,Direktwahl,sven-lehmann.eu,46
Sven Lehmann,2025-04-21,-1.2751539757506762,1,47,1979-12-04,männlich,Grünen,,93.0,Köln II,Direktwahl,sven-lehmann.eu,46
Sven Lehmann,2025-04-28,1.8599870323842944,3,48,1979-12-04,männlich,Grünen,,93.0,Köln II,Direktwahl,sven-lehmann.eu,46
Sven Lehmann,2025-05-05,2.0519964012926653,5,49,1979-12-04,männlich,Grünen,,93.0,Köln II,Direktwahl,sven-lehmann.eu,46
Sven Lehmann,2025-05-12,0.7161776865338806,1,50,1979-12-04,männlich,Grünen,,93.0,Köln II,Direktwahl,sven-lehmann.eu,46
Sven Lehmann,2025-05-19,3.7723146464012296,4,51,1979-12-04,männlich,Grünen,,93.0,Köln II,Direktwahl,sven-lehmann.eu,46
Sven Lehmann,2025-05-26,4.4619788726315015,3,52,1979-12-04,männlich,Grünen,,93.0,Köln II,Direktwahl,sven-lehmann.eu,46
Sven Lehmann,2025-06-02,-1.2958200439661829,4,53,1979-12-04,männlich,Grünen,,93.0,Köln II,Direktwahl,sven-lehmann.eu,46
Sven Lehmann,2025-06-09,-3.5733241397839826,1,54,1979-12-04,männlich,Grünen,,93.0,Köln II,Direktwahl,sven-lehmann.eu,46
Sven Lehmann,2025-06-16,4.213747320551617,1,55,1979-12-04,männlich,Grünen,,93.0,Köln II,Direktwahl,sven-lehmann.eu,46
Sven Lehmann,2025-06-23,-2.8469202096038915,4,56,1979-12-04,männlich,Grünen,,93.0,Köln II,Direktwahl,sven-lehmann.eu,46
Sven Lehmann,2025-06-30,-0.5908607004342705,4,57,1979-12-04,männlich,Grünen,,93.0,Köln II,Direktwahl,sven-lehmann.eu,46
Sven Lehmann,2025-07-07,2.0339000852550404,2,58,1979-12-04,männlich,Grünen,,93.0,Köln II,Direktwahl,sven-lehmann.eu,46
Sven Lehmann,2025-07-14,-3.146657140527029,2,59,1979-12-04,männlich,Grünen,,93.0,Köln II,Direktwahl,sven-lehmann.eu,46
Sven Lehmann,2025-07-21,3.7911207426911693,2,60,1979-12-04,männlich,Grünen,,93.0,Köln II,Direktwahl,sven-lehmann.eu,46
Sven Lehmann,2025-07-28,-2.6883424211146285,1,61,1979-12-04,männlich,Grünen,,93.0,Köln II,Direktwahl,sven-lehmann.eu,46
Svenja Schulze,2025-04-07,0.08128486960016017,1,45,1968-09-29,weiblich,SPD,Unternehmensberaterin,128.0,Münster,Landesliste,svenjaschulze.bsky.social,57
Svenja Schulze,2025-04-28,-0.5831501786753229,3,48,1968-09-29,weiblich,SPD,Unternehmensberaterin,128.0,Münster,Landesliste,svenjaschulze.bsky.social,57
Svenja Schulze,2025-05-05,3.4683083952287856,4,49,1968-09-29,weiblich,SPD,Unternehmensberaterin,128.0,Münster,Landesliste,svenjaschulze.bsky.social,57
Svenja Schulze,2025-05-12,5.571773038284487,1,50,1968-09-29,weiblich,SPD,Unternehmensberaterin,128.0,Münster,Landesliste,svenjaschulze.bsky.social,57
Sören Pellmann,2024-06-03,-4.350821808710193,1,1,1977-02-11,männlich,Die LINKE,Grund- und Förderschullehrer,153.0,Leipzig II,Direktwahl,pellmann.dielinkebt.de,47
Sören Pellmann,2024-06-10,-0.06677529865909526,1,2,1977-02-11,männlich,Die LINKE,Grund- und Förderschullehrer,153.0,Leipzig II,Direktwahl,pellmann.dielinkebt.de,47
Sören Pellmann,2024-06-17,0.5531864529833243,1,3,1977-02-11,männlich,Die LINKE,Grund- und Förderschullehrer,153.0,Leipzig II,Direktwahl,pellmann.dielinkebt.de,47
Sören Pellmann,2024-06-24,-5.072403657390516,1,4,1977-02-11,männlich,Die LINKE,Grund- und Förderschullehrer,153.0,Leipzig II,Direktwahl,pellmann.dielinkebt.de,47
Sören Pellmann,2024-07-01,2.421714030956659,2,5,1977-02-11,männlich,Die LINKE,Grund- und Förderschullehrer,153.0,Leipzig II,Direktwahl,pellmann.dielinkebt.de,47
Sören Pellmann,2024-07-15,0.08659756036552313,2,7,1977-02-11,männlich,Die LINKE,Grund- und Förderschullehrer,153.0,Leipzig II,Direktwahl,pellmann.dielinkebt.de,47
Sören Pellmann,2024-07-22,-0.7569067695118251,3,8,1977-02-11,männlich,Die LINKE,Grund- und Förderschullehrer,153.0,Leipzig II,Direktwahl,pellmann.dielinkebt.de,47
Sören Pellmann,2024-07-29,2.070200183120455,1,9,1977-02-11,männlich,Die LINKE,Grund- und Förderschullehrer,153.0,Leipzig II,Direktwahl,pellmann.dielinkebt.de,47
Sören Pellmann,2024-08-05,0.919958511237055,2,10,1977-02-11,männlich,Die LINKE,Grund- und Förderschullehrer,153.0,Leipzig II,Direktwahl,pellmann.dielinkebt.de,47
Sören Pellmann,2024-08-12,-5.555938384264106,1,11,1977-02-11,männlich,Die LINKE,Grund- und Förderschullehrer,153.0,Leipzig II,Direktwahl,pellmann.dielinkebt.de,47
Sören Pellmann,2024-08-26,2.414174273460834,2,13,1977-02-11,männlich,Die LINKE,Grund- und Förderschullehrer,153.0,Leipzig II,Direktwahl,pellmann.dielinkebt.de,47
Sören Pellmann,2024-09-16,0.4258772341532741,1,16,1977-02-11,männlich,Die LINKE,Grund- und Förderschullehrer,153.0,Leipzig II,Direktwahl,pellmann.dielinkebt.de,47
Sören Pellmann,2024-09-30,2.7096671429434265,1,18,1977-02-11,männlich,Die LINKE,Grund- und Förderschullehrer,153.0,Leipzig II,Direktwahl,pellmann.dielinkebt.de,47
Sören Pellmann,2024-10-14,2.8264961446564554,1,20,1977-02-11,männlich,Die LINKE,Grund- und Förderschullehrer,153.0,Leipzig II,Direktwahl,pellmann.dielinkebt.de,47
Sören Pellmann,2024-11-18,-1.8382010934023687,1,25,1977-02-11,männlich,Die LINKE,Grund- und Förderschullehrer,153.0,Leipzig II,Direktwahl,pellmann.dielinkebt.de,47
Sören Pellmann,2024-12-02,4.219668673812061,1,27,1977-02-11,männlich,Die LINKE,Grund- und Förderschullehrer,153.0,Leipzig II,Direktwahl,pellmann.dielinkebt.de,47
Sören Pellmann,2024-12-16,-1.4188484456881927,1,29,1977-02-11,männlich,Die LINKE,Grund- und Förderschullehrer,153.0,Leipzig II,Direktwahl,pellmann.dielinkebt.de,47
Sören Pellmann,2025-01-06,4.0063905219791,2,32,1977-02-11,männlich,Die LINKE,Grund- und Förderschullehrer,153.0,Leipzig II,Direktwahl,pellmann.dielinkebt.de,48
Sören Pellmann,2025-01-13,-0.8625995940930932,4,33,1977-02-11,männlich,Die LINKE,Grund- und Förderschullehrer,153.0,Leipzig II,Direktwahl,pellmann.dielinkebt.de,48
Sören Pellmann,2025-01-20,0.7096045665117615,5,34,1977-02-11,männlich,Die LINKE,Grund- und Förderschullehrer,153.0,Leipzig II,Direktwahl,pellmann.dielinkebt.de,48
Sören Pellmann,2025-01-27,0.5089525511474944,5,35,1977-02-11,männlich,Die LINKE,Grund- und Förderschullehrer,153.0,Leipzig II,Direktwahl,pellmann.dielinkebt.de,48
Sören Pellmann,2025-02-03,-0.8227809482090176,5,36,1977-02-11,männlich,Die LINKE,Grund- und Förderschullehrer,153.0,Leipzig II,Direktwahl,pellmann.dielinkebt.de,48
Sören Pellmann,2025-02-10,1.3535704962406558,4,37,1977-02-11,männlich,Die LINKE,Grund- und Förderschullehrer,153.0,Leipzig II,Direktwahl,pellmann.dielinkebt.de,48
Sören Pellmann,2025-02-17,-0.6085208117743002,2,38,1977-02-11,männlich,Die LINKE,Grund- und Förderschullehrer,153.0,Leipzig II,Direktwahl,pellmann.dielinkebt.de,48
Sören Pellmann,2025-02-24,4.224718933763418,3,39,1977-02-11,männlich,Die LINKE,Grund- und Förderschullehrer,153.0,Leipzig II,Direktwahl,pellmann.dielinkebt.de,48
Sören Pellmann,2025-03-03,-0.7224374955888762,4,40,1977-02-11,männlich,Die LINKE,Grund- und Förderschullehrer,153.0,Leipzig II,Direktwahl,pellmann.dielinkebt.de,48
Sören Pellmann,2025-03-10,0.7031758175096615,3,41,1977-02-11,männlich,Die LINKE,Grund- und Förderschullehrer,153.0,Leipzig II,Direktwahl,pellmann.dielinkebt.de,48
Sören Pellmann,2025-03-17,0.36649340276666525,3,42,1977-02-11,männlich,Die LINKE,Grund- und Förderschullehrer,153.0,Leipzig II,Direktwahl,pellmann.dielinkebt.de,48
Sören Pellmann,2025-03-24,-0.2751365852601535,6,43,1977-02-11,männlich,Die LINKE,Grund- und Förderschullehrer,152.0,Leipzig II,Direktwahl,pellmann.dielinkebt.de,48
Sören Pellmann,2025-03-31,1.130856107340475,4,44,1977-02-11,männlich,Die LINKE,Grund- und Förderschullehrer,152.0,Leipzig II,Direktwahl,pellmann.dielinkebt.de,48
Sören Pellmann,2025-04-07,-5.470049244796025,2,45,1977-02-11,männlich,Die LINKE,Grund- und Förderschullehrer,152.0,Leipzig II,Direktwahl,pellmann.dielinkebt.de,48
Sören Pellmann,2025-04-14,-0.22707162447826232,7,46,1977-02-11,männlich,Die LINKE,Grund- und Förderschullehrer,152.0,Leipzig II,Direktwahl,pellmann.dielinkebt.de,48
Sören Pellmann,2025-04-21,-2.7690624869898635,2,47,1977-02-11,männlich,Die LINKE,Grund- und Förderschullehrer,152.0,Leipzig II,Direktwahl,pellmann.dielinkebt.de,48
Sören Pellmann,2025-04-28,-0.219465063609598,5,48,1977-02-11,männlich,Die LINKE,Grund- und Förderschullehrer,152.0,Leipzig II,Direktwahl,pellmann.dielinkebt.de,48
Sören Pellmann,2025-05-05,0.2860060493777535,1,49,1977-02-11,männlich,Die LINKE,Grund- und Förderschullehrer,152.0,Leipzig II,Direktwahl,pellmann.dielinkebt.de,48
Sören Pellmann,2025-05-19,-2.069078285387048,5,51,1977-02-11,männlich,Die LINKE,Grund- und Förderschullehrer,152.0,Leipzig II,Direktwahl,pellmann.dielinkebt.de,48
Sören Pellmann,2025-05-26,-1.431762322630113,4,52,1977-02-11,männlich,Die LINKE,Grund- und Förderschullehrer,152.0,Leipzig II,Direktwahl,pellmann.dielinkebt.de,48
Sören Pellmann,2025-06-02,-3.2163895911264713,3,53,1977-02-11,männlich,Die LINKE,Grund- und Förderschullehrer,152.0,Leipzig II,Direktwahl,pellmann.dielinkebt.de,48
Sören Pellmann,2025-06-09,-1.831651870027803,4,54,1977-02-11,männlich,Die LINKE,Grund- und Förderschullehrer,152.0,Leipzig II,Direktwahl,pellmann.dielinkebt.de,48
Sören Pellmann,2025-06-16,-1.0085970813541052,3,55,1977-02-11,männlich,Die LINKE,Grund- und Förderschullehrer,152.0,Leipzig II,Direktwahl,pellmann.dielinkebt.de,48
Sören Pellmann,2025-06-23,-3.6065481691085117,8,56,1977-02-11,männlich,Die LINKE,Grund- und Förderschullehrer,152.0,Leipzig II,Direktwahl,pellmann.dielinkebt.de,48
Sören Pellmann,2025-06-30,-4.307610550810005,7,57,1977-02-11,männlich,Die LINKE,Grund- und Förderschullehrer,152.0,Leipzig II,Direktwahl,pellmann.dielinkebt.de,48
Sören Pellmann,2025-07-07,-1.1264603267702888,7,58,1977-02-11,männlich,Die LINKE,Grund- und Förderschullehrer,152.0,Leipzig II,Direktwahl,pellmann.dielinkebt.de,48
Sören Pellmann,2025-07-14,-0.6588218998758135,6,59,1977-02-11,männlich,Die LINKE,Grund- und Förderschullehrer,152.0,Leipzig II,Direktwahl,pellmann.dielinkebt.de,48
Sören Pellmann,2025-07-21,-1.3316204438085084,5,60,1977-02-11,männlich,Die LINKE,Grund- und Förderschullehrer,152.0,Leipzig II,Direktwahl,pellmann.dielinkebt.de,48
Sören Pellmann,2025-07-28,-2.1740446000388705,3,61,1977-02-11,männlich,Die LINKE,Grund- und Förderschullehrer,152.0,Leipzig II,Direktwahl,pellmann.dielinkebt.de,48
Tabea Rößner,2024-06-03,-0.30795804477462574,2,1,1966-12-07,weiblich,Grünen,Journalistin,205.0,Mainz,Landesliste,tabearoessner.bsky.social,58
Tabea Rößner,2024-06-10,-0.2134712493078928,4,2,1966-12-07,weiblich,Grünen,Journalistin,205.0,Mainz,Landesliste,tabearoessner.bsky.social,58
Tabea Rößner,2024-06-17,0.5213187225740179,2,3,1966-12-07,weiblich,Grünen,Journalistin,205.0,Mainz,Landesliste,tabearoessner.bsky.social,58
Tabea Rößner,2024-06-24,2.7122486142053317,2,4,1966-12-07,weiblich,Grünen,Journalistin,205.0,Mainz,Landesliste,tabearoessner.bsky.social,58
Tabea Rößner,2024-07-01,0.3591319965179255,2,5,1966-12-07,weiblich,Grünen,Journalistin,205.0,Mainz,Landesliste,tabearoessner.bsky.social,58
Tabea Rößner,2024-07-08,-0.9714613026262467,2,6,1966-12-07,weiblich,Grünen,Journalistin,205.0,Mainz,Landesliste,tabearoessner.bsky.social,58
Tabea Rößner,2024-07-22,-1.6815422980871362,2,8,1966-12-07,weiblich,Grünen,Journalistin,205.0,Mainz,Landesliste,tabearoessner.bsky.social,58
Tabea Rößner,2024-07-29,-1.8986259597370483,3,9,1966-12-07,weiblich,Grünen,Journalistin,205.0,Mainz,Landesliste,tabearoessner.bsky.social,58
Tabea Rößner,2024-08-05,-6.19665590492778,1,10,1966-12-07,weiblich,Grünen,Journalistin,205.0,Mainz,Landesliste,tabearoessner.bsky.social,58
Tabea Rößner,2024-09-02,1.9039373709656484,2,14,1966-12-07,weiblich,Grünen,Journalistin,205.0,Mainz,Landesliste,tabearoessner.bsky.social,58
Tabea Rößner,2024-09-16,-1.149813795209523,1,16,1966-12-07,weiblich,Grünen,Journalistin,205.0,Mainz,Landesliste,tabearoessner.bsky.social,58
Tabea Rößner,2024-09-23,0.9965690068652305,2,17,1966-12-07,weiblich,Grünen,Journalistin,205.0,Mainz,Landesliste,tabearoessner.bsky.social,58
Tabea Rößner,2024-09-30,-0.3168304456714765,1,18,1966-12-07,weiblich,Grünen,Journalistin,205.0,Mainz,Landesliste,tabearoessner.bsky.social,58
Tabea Rößner,2024-10-07,-1.9704427587408944,3,19,1966-12-07,weiblich,Grünen,Journalistin,205.0,Mainz,Landesliste,tabearoessner.bsky.social,58
Tabea Rößner,2024-10-14,-0.6028549838951995,7,20,1966-12-07,weiblich,Grünen,Journalistin,205.0,Mainz,Landesliste,tabearoessner.bsky.social,58
Tabea Rößner,2024-10-21,-1.4466409628864112,3,21,1966-12-07,weiblich,Grünen,Journalistin,205.0,Mainz,Landesliste,tabearoessner.bsky.social,58
Tabea Rößner,2024-10-28,-1.5218233197959,2,22,1966-12-07,weiblich,Grünen,Journalistin,205.0,Mainz,Landesliste,tabearoessner.bsky.social,58
Tabea Rößner,2024-11-04,2.2041534744794213,3,23,1966-12-07,weiblich,Grünen,Journalistin,205.0,Mainz,Landesliste,tabearoessner.bsky.social,58
Tabea Rößner,2024-11-11,-0.8674002932060272,2,24,1966-12-07,weiblich,Grünen,Journalistin,205.0,Mainz,Landesliste,tabearoessner.bsky.social,58
Tabea Rößner,2024-11-18,4.236989104902944,1,25,1966-12-07,weiblich,Grünen,Journalistin,205.0,Mainz,Landesliste,tabearoessner.bsky.social,58
Tabea Rößner,2024-11-25,1.5612173637955546,4,26,1966-12-07,weiblich,Grünen,Journalistin,205.0,Mainz,Landesliste,tabearoessner.bsky.social,58
Tabea Rößner,2024-12-02,2.9080667829162152,5,27,1966-12-07,weiblich,Grünen,Journalistin,205.0,Mainz,Landesliste,tabearoessner.bsky.social,58
Tabea Rößner,2024-12-09,2.4145107885671346,3,28,1966-12-07,weiblich,Grünen,Journalistin,205.0,Mainz,Landesliste,tabearoessner.bsky.social,58
Tabea Rößner,2024-12-16,2.6675608441765015,6,29,1966-12-07,weiblich,Grünen,Journalistin,205.0,Mainz,Landesliste,tabearoessner.bsky.social,58
Tabea Rößner,2025-01-27,-3.5837409537987157,3,35,1966-12-07,weiblich,Grünen,Journalistin,205.0,Mainz,Landesliste,tabearoessner.bsky.social,59
Tabea Rößner,2025-02-10,3.713617893568154,2,37,1966-12-07,weiblich,Grünen,Journalistin,205.0,Mainz,Landesliste,tabearoessner.bsky.social,59
Tabea Rößner,2025-02-17,1.295745025041879,2,38,1966-12-07,weiblich,Grünen,Journalistin,205.0,Mainz,Landesliste,tabearoessner.bsky.social,59
Tamara Mazzi,2025-06-23,-5.3698381100371115,1,56,1992-01-13,weiblich,Die LINKE,Lehrerin,5.0,Kiel,Landesliste,tamaramazzi.dielinkebt.de,33
Tamara Mazzi,2025-06-30,-0.5251973447427416,1,57,1992-01-13,weiblich,Die LINKE,Lehrerin,5.0,Kiel,Landesliste,tamaramazzi.dielinkebt.de,33
Tamara Mazzi,2025-07-07,-4.122524731817557,2,58,1992-01-13,weiblich,Die LINKE,Lehrerin,5.0,Kiel,Landesliste,tamaramazzi.dielinkebt.de,33
Tamara Mazzi,2025-07-21,-1.2446350437813494,2,60,1992-01-13,weiblich,Die LINKE,Lehrerin,5.0,Kiel,Landesliste,tamaramazzi.dielinkebt.de,33
Tino Sorge,2025-05-19,2.4482384106689365,1,51,1975-03-04,männlich,CDU/CSU,Rechtsanwalt,69.0,Magdeburg,Landesliste,tinosorge.bsky.social,50
Tino Sorge,2025-05-26,0.08411835271177569,1,52,1975-03-04,männlich,CDU/CSU,Rechtsanwalt,69.0,Magdeburg,Landesliste,tinosorge.bsky.social,50
Tino Sorge,2025-06-02,2.046605565489839,4,53,1975-03-04,männlich,CDU/CSU,Rechtsanwalt,69.0,Magdeburg,Landesliste,tinosorge.bsky.social,50
Tino Sorge,2025-06-09,0.8284198387932149,1,54,1975-03-04,männlich,CDU/CSU,Rechtsanwalt,69.0,Magdeburg,Landesliste,tinosorge.bsky.social,50
Tino Sorge,2025-06-23,1.315364801458323,2,56,1975-03-04,männlich,CDU/CSU,Rechtsanwalt,69.0,Magdeburg,Landesliste,tinosorge.bsky.social,50
Tino Sorge,2025-07-14,1.3707480876984828,3,59,1975-03-04,männlich,CDU/CSU,Rechtsanwalt,69.0,Magdeburg,Landesliste,tinosorge.bsky.social,50
Tobias Bacherle,2024-11-11,5.238277345415553,1,24,1994-10-18,männlich,Grünen,Student,260.0,Böblingen,Landesliste,tbbacherle.eu,30
Tobias Bacherle,2024-11-18,2.8996582773620245,2,25,1994-10-18,männlich,Grünen,Student,260.0,Böblingen,Landesliste,tbbacherle.eu,30
Tobias Bacherle,2024-12-02,-2.3587663974911193,2,27,1994-10-18,männlich,Grünen,Student,260.0,Böblingen,Landesliste,tbbacherle.eu,30
Tobias Bacherle,2024-12-16,-2.663964489041147,9,29,1994-10-18,männlich,Grünen,Student,260.0,Böblingen,Landesliste,tbbacherle.eu,30
Tobias Bacherle,2025-01-06,-3.4824202639617297,1,32,1994-10-18,männlich,Grünen,Student,260.0,Böblingen,Landesliste,tbbacherle.eu,31
Tobias Bacherle,2025-01-13,1.4938595368878254,3,33,1994-10-18,männlich,Grünen,Student,260.0,Böblingen,Landesliste,tbbacherle.eu,31
Tobias Bacherle,2025-01-20,2.023894071887437,2,34,1994-10-18,männlich,Grünen,Student,260.0,Böblingen,Landesliste,tbbacherle.eu,31
Tobias Bacherle,2025-01-27,-3.9093904529126404,12,35,1994-10-18,männlich,Grünen,Student,260.0,Böblingen,Landesliste,tbbacherle.eu,31
Tobias Bacherle,2025-02-03,-1.4816824269305795,1,36,1994-10-18,männlich,Grünen,Student,260.0,Böblingen,Landesliste,tbbacherle.eu,31
Tobias Bacherle,2025-02-10,-2.0097461365068776,4,37,1994-10-18,männlich,Grünen,Student,260.0,Böblingen,Landesliste,tbbacherle.eu,31
Tobias Bacherle,2025-03-03,4.791484085283755,1,40,1994-10-18,männlich,Grünen,Student,260.0,Böblingen,Landesliste,tbbacherle.eu,31
Ulle Schauws,2025-02-24,-1.5146353376423614,1,39,1966-04-30,weiblich,Grünen,Film- und Fernsehwissenschaftlerin,114.0,Krefeld II - Wesel II,Landesliste,ulleschauws.bsky.social,59
Ulle Schauws,2025-03-10,-1.8011286372027446,1,41,1966-04-30,weiblich,Grünen,Film- und Fernsehwissenschaftlerin,114.0,Krefeld II - Wesel II,Landesliste,ulleschauws.bsky.social,59
Ulle Schauws,2025-03-17,-1.1686996557632634,1,42,1966-04-30,weiblich,Grünen,Film- und Fernsehwissenschaftlerin,114.0,Krefeld II - Wesel II,Landesliste,ulleschauws.bsky.social,59
Ulle Schauws,2025-04-28,3.7778348829401853,1,48,1966-04-30,weiblich,Grünen,Film- und Fernsehwissenschaftlerin,113.0,Krefeld II – Wesel II,Landesliste,ulleschauws.bsky.social,59
Ulle Schauws,2025-05-12,-2.7470498126176137,1,50,1966-04-30,weiblich,Grünen,Film- und Fernsehwissenschaftlerin,113.0,Krefeld II – Wesel II,Landesliste,ulleschauws.bsky.social,59
Ulle Schauws,2025-06-02,5.183409520119077,1,53,1966-04-30,weiblich,Grünen,Film- und Fernsehwissenschaftlerin,113.0,Krefeld II – Wesel II,Landesliste,ulleschauws.bsky.social,59
Ulle Schauws,2025-06-16,-1.410191711099417,1,55,1966-04-30,weiblich,Grünen,Film- und Fernsehwissenschaftlerin,113.0,Krefeld II – Wesel II,Landesliste,ulleschauws.bsky.social,59
Verena Hubertz,2025-02-17,-4.5582742241155225,1,38,1987-11-26,weiblich,SPD,Unternehmerin,203.0,Trier,Direktwahl,verena-hubertz.de,38
Victoria Broßart,2025-03-24,-0.5034476507942677,1,43,1992-09-24,weiblich,Grünen,Ingenieurin,221.0,Rosenheim,Landesliste,victoriabrossart.bsky.social,33
Victoria Broßart,2025-03-31,-3.2127295029554936,2,44,1992-09-24,weiblich,Grünen,Ingenieurin,221.0,Rosenheim,Landesliste,victoriabrossart.bsky.social,33
Victoria Broßart,2025-04-07,-2.680148566394673,5,45,1992-09-24,weiblich,Grünen,Ingenieurin,221.0,Rosenheim,Landesliste,victoriabrossart.bsky.social,33
Victoria Broßart,2025-04-21,0.35001032578038843,3,47,1992-09-24,weiblich,Grünen,Ingenieurin,221.0,Rosenheim,Landesliste,victoriabrossart.bsky.social,33
Victoria Broßart,2025-04-28,-2.1004865392432324,4,48,1992-09-24,weiblich,Grünen,Ingenieurin,221.0,Rosenheim,Landesliste,victoriabrossart.bsky.social,33
Victoria Broßart,2025-05-05,-4.138118194651922,2,49,1992-09-24,weiblich,Grünen,Ingenieurin,221.0,Rosenheim,Landesliste,victoriabrossart.bsky.social,33
Victoria Broßart,2025-05-12,-1.9621941283157038,5,50,1992-09-24,weiblich,Grünen,Ingenieurin,221.0,Rosenheim,Landesliste,victoriabrossart.bsky.social,33
Victoria Broßart,2025-05-19,-2.1055049065242226,9,51,1992-09-24,weiblich,Grünen,Ingenieurin,221.0,Rosenheim,Landesliste,victoriabrossart.bsky.social,33
Victoria Broßart,2025-05-26,-1.964589061786917,2,52,1992-09-24,weiblich,Grünen,Ingenieurin,221.0,Rosenheim,Landesliste,victoriabrossart.bsky.social,33
Victoria Broßart,2025-06-02,-5.782486663959279,1,53,1992-09-24,weiblich,Grünen,Ingenieurin,221.0,Rosenheim,Landesliste,victoriabrossart.bsky.social,33
Victoria Broßart,2025-06-09,-2.1081331891657116,6,54,1992-09-24,weiblich,Grünen,Ingenieurin,221.0,Rosenheim,Landesliste,victoriabrossart.bsky.social,33
Victoria Broßart,2025-06-16,-6.012602056851879,2,55,1992-09-24,weiblich,Grünen,Ingenieurin,221.0,Rosenheim,Landesliste,victoriabrossart.bsky.social,33
Victoria Broßart,2025-06-23,-5.298760592329047,4,56,1992-09-24,weiblich,Grünen,Ingenieurin,221.0,Rosenheim,Landesliste,victoriabrossart.bsky.social,33
Victoria Broßart,2025-06-30,-4.406817760026083,5,57,1992-09-24,weiblich,Grünen,Ingenieurin,221.0,Rosenheim,Landesliste,victoriabrossart.bsky.social,33
Victoria Broßart,2025-07-07,-2.0852016496889907,3,58,1992-09-24,weiblich,Grünen,Ingenieurin,221.0,Rosenheim,Landesliste,victoriabrossart.bsky.social,33
Victoria Broßart,2025-07-14,-3.0656132555764484,1,59,1992-09-24,weiblich,Grünen,Ingenieurin,221.0,Rosenheim,Landesliste,victoriabrossart.bsky.social,33
Victoria Broßart,2025-07-21,-1.0541725984428374,4,60,1992-09-24,weiblich,Grünen,Ingenieurin,221.0,Rosenheim,Landesliste,victoriabrossart.bsky.social,33
Victoria Broßart,2025-07-28,-4.696040460413087,2,61,1992-09-24,weiblich,Grünen,Ingenieurin,221.0,Rosenheim,Landesliste,victoriabrossart.bsky.social,33
Vinzenz Glaser,2025-05-19,-3.300089065796791,2,51,1992-08-15,männlich,Die LINKE,Sozialarbeiter,281.0,Freiburg,Landesliste,vinzenzglaser.dielinkebt.de,33
Vinzenz Glaser,2025-05-26,-5.366050461558399,1,52,1992-08-15,männlich,Die LINKE,Sozialarbeiter,281.0,Freiburg,Landesliste,vinzenzglaser.dielinkebt.de,33
Wolfgang Kubicki,2025-03-10,-5.379110990719385,2,41,1952-03-03,männlich,FDP,"Vizepräsident DBT, Rechtsanwalt, Dipl.-Volkswirt",3.0,Steinburg - Dithmarschen Süd,Landesliste,wolfgangkubicki1.bsky.social,73
Wolfgang Kubicki,2025-03-17,-2.380549228208503,9,42,1952-03-03,männlich,FDP,"Vizepräsident DBT, Rechtsanwalt, Dipl.-Volkswirt",3.0,Steinburg - Dithmarschen Süd,Landesliste,wolfgangkubicki1.bsky.social,73
Ye-One Rhie,2024-11-04,-1.013862960819259,5,23,1987-08-29,weiblich,SPD,Kommunikationswissenschaftlerin,87.0,Aachen I,Landesliste,yeonerhie.de,37
Ye-One Rhie,2024-11-11,-0.8924125667504518,5,24,1987-08-29,weiblich,SPD,Kommunikationswissenschaftlerin,87.0,Aachen I,Landesliste,yeonerhie.de,37
Ye-One Rhie,2024-12-02,-5.044831046814403,2,27,1987-08-29,weiblich,SPD,Kommunikationswissenschaftlerin,87.0,Aachen I,Landesliste,yeonerhie.de,37
Ye-One Rhie,2025-01-20,-0.6364132851107625,1,34,1987-08-29,weiblich,SPD,Kommunikationswissenschaftlerin,87.0,Aachen I,Landesliste,yeonerhie.de,38
Ye-One Rhie,2025-01-27,-6.317927360853096,1,35,1987-08-29,weiblich,SPD,Kommunikationswissenschaftlerin,87.0,Aachen I,Landesliste,yeonerhie.de,38
Ye-One Rhie,2025-02-03,-1.1902129067881075,5,36,1987-08-29,weiblich,SPD,Kommunikationswissenschaftlerin,87.0,Aachen I,Landesliste,yeonerhie.de,38
Ye-One Rhie,2025-02-10,2.669378324408458,2,37,1987-08-29,weiblich,SPD,Kommunikationswissenschaftlerin,87.0,Aachen I,Landesliste,yeonerhie.de,38
Ye-One Rhie,2025-02-24,-0.288714476052294,6,39,1987-08-29,weiblich,SPD,Kommunikationswissenschaftlerin,87.0,Aachen I,Landesliste,yeonerhie.de,38
